atomtype,entries_used,mean_red_ChiSq
C,157,0.4902397535041679
CA,162,1.2994220012193265
CB,150,0.5184355733333331
H,156,1.0198384781794732
HA,150,1.0020197916666673
N,156,0.8538590329824098
