atomtype,entries_used,mean_red_ChiSq
C,157,0.4958874531876601
CA,162,1.2943404740131077
CB,150,0.5075654533333339
H,156,1.0080821233931025
HA,151,1.010213967071376
N,156,0.8930134031432732
