residue,atomtype,entries_used,mean_red_ChiSq
ILE,HD11,4,1.1994614460059168
ILE,HD12,4,1.1994614460059168
ILE,HD13,4,1.1994614460059168
LEU,HD11,13,0.6385649230769231
LEU,HD12,13,0.6385649230769231
LEU,HD13,13,0.6385649230769231
LEU,HD21,13,2.2320812054829045
LEU,HD22,13,2.2320812054829045
LEU,HD23,13,2.2320812054829045
TRP,HE1,5,0.6510354347277129
VAL,HG11,13,0.8189697454262047
VAL,HG12,13,0.8189697454262047
VAL,HG13,13,0.8189697454262047
VAL,HG21,13,3.7977426910923033
VAL,HG22,13,3.7977426910923033
VAL,HG23,13,3.7977426910923033
