atomtype,entries_used,mean_red_ChiSq
C,157,0.5611044056430379
CA,157,0.8965884563969487
CB,144,1.786198840277776
H,157,0.6768695077042848
N,157,0.61933884058791
