residue,atomtype,Entries used,mean_red_ChiSq
ILE,HD11,4,1.0601539386094676
ILE,HD12,4,1.0601539386094676
ILE,HD13,4,1.0601539386094676
LEU,HD11,13,0.7481255384615388
LEU,HD12,13,0.7481255384615388
LEU,HD13,13,0.7481255384615388
LEU,HD21,13,2.514980203972353
LEU,HD22,13,2.514980203972353
LEU,HD23,13,2.514980203972353
TRP,HE1,5,0.6221718710546245
VAL,HG11,13,0.7477189811673173
VAL,HG12,13,0.7477189811673173
VAL,HG13,13,0.7477189811673173
VAL,HG21,13,3.6458149183479542
VAL,HG22,13,3.6458149183479542
VAL,HG23,13,3.6458149183479542
