atomtype,Entries used,mean_red_ChiSq
C,157,0.6503521584050885
CA,157,1.1353827868207904
CB,144,1.7737424930555545
H,157,0.8049180655406776
N,157,0.7423910995852436
