residue,atomtype,entries_used,mean_red_ChiSq
ILE,HD11,4,1.2223095414201182
ILE,HD12,4,1.2223095414201182
ILE,HD13,4,1.2223095414201182
LEU,HD11,13,0.6148676923076923
LEU,HD12,13,0.6148676923076923
LEU,HD13,13,0.6148676923076923
LEU,HD21,13,2.163916039096299
LEU,HD22,13,2.163916039096299
LEU,HD23,13,2.163916039096299
TRP,HE1,5,0.6443511488931902
VAL,HG11,13,0.8451695478946768
VAL,HG12,13,0.8451695478946768
VAL,HG13,13,0.8451695478946768
VAL,HG21,13,3.7986404216295044
VAL,HG22,13,3.7986404216295044
VAL,HG23,13,3.7986404216295044
