atomtype,entries_used,mean_red_ChiSq
C,157,0.5691154526175594
CA,157,0.9084347959424391
CB,144,1.8056699374999994
H,157,0.6791999118132369
N,157,0.613904045238316
