atomtype,Entries used,mean_red_ChiSq
C,157,0.6939106732130229
CA,157,0.9772465518597154
CB,144,1.934503604166667
H,157,0.7386892208906172
N,156,0.6314547273313496
