residue,atomtype,Entries used,mean_red_ChiSq
ILE,HD11,4,1.2844454974112423
ILE,HD12,4,1.2844454974112423
ILE,HD13,4,1.2844454974112423
LEU,HD11,13,0.6141156923076925
LEU,HD12,13,0.6141156923076925
LEU,HD13,13,0.6141156923076925
LEU,HD21,13,2.1022545970470987
LEU,HD22,13,2.1022545970470987
LEU,HD23,13,2.1022545970470987
TRP,HE1,5,0.6398599444491209
VAL,HG11,13,0.9363279963987451
VAL,HG12,13,0.9363279963987451
VAL,HG13,13,0.9363279963987451
VAL,HG21,13,3.9664704549974577
VAL,HG22,13,3.9664704549974577
VAL,HG23,13,3.9664704549974577
