atomtype,entries_used,mean_red_ChiSq
C,158,0.4881240385460616
CA,162,1.2975094878829452
CB,150,0.5151801200000004
H,156,1.018113533302825
HA,151,0.9942926784400289
N,156,0.8532769851601012
