atomtype,entries_used,mean_red_ChiSq
C,157,0.5691570216049398
CA,157,1.0502533695053868
CB,144,1.6372489444444438
H,157,0.7276260881247569
N,157,0.6648486161497996
