residue,atomtype,entries_used,mean_red_ChiSq
ILE,HD11,4,1.187598234097633
ILE,HD12,4,1.187598234097633
ILE,HD13,4,1.187598234097633
LEU,HD11,13,0.40476800000000007
LEU,HD12,13,0.40476800000000007
LEU,HD13,13,0.40476800000000007
LEU,HD21,13,1.728715675358842
LEU,HD22,13,1.728715675358842
LEU,HD23,13,1.728715675358842
TRP,HE1,5,0.6336746065146026
VAL,HG11,13,0.6821237326739992
VAL,HG12,13,0.6821237326739992
VAL,HG13,13,0.6821237326739992
VAL,HG21,13,3.3167151901531398
VAL,HG22,13,3.3167151901531398
VAL,HG23,13,3.3167151901531398
