atomtype,Entries used,mean_red_ChiSq
C,157,0.6848094332389715
CA,157,1.0473246992215142
CB,144,1.8800771805555552
H,157,0.7859384139472876
N,157,0.6573308842057287
