residue,atomtype,Entries used,mean_red_ChiSq
ILE,HD11,4,1.047348835059171
ILE,HD12,4,1.047348835059171
ILE,HD13,4,1.047348835059171
LEU,HD11,13,0.5134486153846154
LEU,HD12,13,0.5134486153846154
LEU,HD13,13,0.5134486153846154
LEU,HD21,13,2.0163024498868114
LEU,HD22,13,2.0163024498868114
LEU,HD23,13,2.0163024498868114
TRP,HE1,5,0.6088787139129697
VAL,HG11,13,1.1210233342515639
VAL,HG12,13,1.1210233342515639
VAL,HG13,13,1.1210233342515639
VAL,HG21,13,4.133384803217465
VAL,HG22,13,4.133384803217465
VAL,HG23,13,4.133384803217465
