residue,atomtype,entries_used,mean_red_ChiSq
ILE,HD11,4,1.0312731139053253
ILE,HD12,4,1.0312731139053253
ILE,HD13,4,1.0312731139053253
LEU,HD11,13,0.6712455384615386
LEU,HD12,13,0.6712455384615386
LEU,HD13,13,0.6712455384615386
LEU,HD21,13,2.4324641158481892
LEU,HD22,13,2.4324641158481892
LEU,HD23,13,2.4324641158481892
TRP,HE1,5,0.6149266896725848
VAL,HG11,13,0.7796817995525307
VAL,HG12,13,0.7796817995525307
VAL,HG13,13,0.7796817995525307
VAL,HG21,13,3.834947406801759
VAL,HG22,13,3.834947406801759
VAL,HG23,13,3.834947406801759
