atomtype,entries_used,mean_red_ChiSq
C,157,0.6012013170116774
CA,157,0.9097128725328296
CB,144,1.7683148194444422
H,157,0.6691599521862395
N,157,0.678421907409417
