residue,atomtype,entries_used,mean_red_ChiSq
ILE,HD11,4,1.23556536612426
ILE,HD12,4,1.23556536612426
ILE,HD13,4,1.23556536612426
LEU,HD11,13,0.40208492307692306
LEU,HD12,13,0.40208492307692306
LEU,HD13,13,0.40208492307692306
LEU,HD21,13,1.7451906814188503
LEU,HD22,13,1.7451906814188503
LEU,HD23,13,1.7451906814188503
TRP,HE1,5,0.6478660045450726
VAL,HG11,13,0.6646583174882591
VAL,HG12,13,0.6646583174882591
VAL,HG13,13,0.6646583174882591
VAL,HG21,13,3.1122839922215095
VAL,HG22,13,3.1122839922215095
VAL,HG23,13,3.1122839922215095
