atomtype,entries_used,mean_red_ChiSq
C,157,0.5693479508237013
CA,157,1.0653160887001654
CB,144,1.637755409722222
H,157,0.7424200032381076
N,157,0.6379477604591337
