atomtype,Entries used,mean_red_ChiSq
C,157,0.6914433865593304
CA,157,1.1023362192340969
CB,143,1.9292094055944053
H,157,0.7921130030693131
N,157,0.6810826067894469
