residue,atomtype,Entries used,mean_red_ChiSq
ILE,HD11,4,1.0671054456360944
ILE,HD12,4,1.0671054456360944
ILE,HD13,4,1.0671054456360944
LEU,HD11,13,0.6348603076923077
LEU,HD12,13,0.6348603076923077
LEU,HD13,13,0.6348603076923077
LEU,HD21,13,2.174578915005129
LEU,HD22,13,2.174578915005129
LEU,HD23,13,2.174578915005129
TRP,HE1,5,0.6196831916505312
VAL,HG11,13,1.0055631328231556
VAL,HG12,13,1.0055631328231556
VAL,HG13,13,1.0055631328231556
VAL,HG21,13,3.909301593264533
VAL,HG22,13,3.909301593264533
VAL,HG23,13,3.909301593264533
