atomtype,Entries used,mean_red_ChiSq
C,158,0.5299360892571117
CA,162,1.4235681527206225
CB,150,0.49055146666666655
H,156,0.935120924685555
HA,151,0.9028734363502573
N,156,0.8910521561170915
