atomtype,entries_used,mean_red_ChiSq
C,158,0.49711503689541325
CA,162,1.4012945435147077
CB,150,0.5349320666666668
H,156,1.0435002634826869
HA,151,1.0488288723325978
N,156,0.9611805474467808
