atomtype,Entries used,mean_red_ChiSq
C,159,0.5862003734276744
CA,162,1.5678647157445504
CB,150,0.5343196733333341
H,156,1.0139325137635036
HA,151,1.0907204286239875
N,156,0.922865477475867
