residue,atomtype,Entries used,mean_red_ChiSq
ARG,HB2,1,0.07413488873639823
ARG,HB3,1,0.11667973728065863
ARG,HD2,1,0.05224489795918377
ARG,HD3,1,0.05224489795918377
ARG,HG2,1,0.2671941002123747
ARG,HG3,1,0.2671941002123747
GLN,HB2,1,4.137525826446278
GLN,HB3,1,4.137525826446278
GLN,HG2,1,0.059303605465918924
GLN,HG3,1,0.059303605465918924
GLU,HB2,1,0.048116545265348046
GLU,HB3,1,0.048116545265348046
GLU,HG2,1,2.5855178202479316
GLU,HG3,1,2.5855178202479316
ILE,HD11,4,6.576559032914201
ILE,HD12,4,6.576559032914201
ILE,HD13,4,6.576559032914201
LEU,HD11,13,6.224059076923078
LEU,HD12,13,6.224059076923078
LEU,HD13,13,6.224059076923078
LEU,HD21,11,2.0912910550789094
LEU,HD22,11,2.0912910550789094
LEU,HD23,11,2.0912910550789094
TRP,HE1,5,0.38551839070785177
VAL,HG11,13,7.895577040655214
VAL,HG12,13,7.895577040655214
VAL,HG13,13,7.895577040655214
VAL,HG21,10,5.495473642631425
VAL,HG22,10,5.495473642631425
VAL,HG23,10,5.495473642631425
