atomtype,Entries used,mean_red_ChiSq
C,159,0.837119047359073
CA,159,4.602784501902321
CB,145,7.036928848275865
H,161,1.6824005589726188
HA,2,2.111571180555553
N,159,2.3118979081488265
