atomtype,entries_used,mean_red_ChiSq
C,159,0.49285464709993027
CA,162,1.4284351928059755
CB,150,0.4912608333333339
H,156,1.0290568013201864
HA,151,1.025860352281089
N,156,0.8656784545420907
