residue,atomtype,Entries used,mean_red_ChiSq
ILE,HD11,4,0.471905048076923
ILE,HD12,4,0.471905048076923
ILE,HD13,4,0.471905048076923
LEU,HD11,13,0.46769600000000006
LEU,HD12,13,0.46769600000000006
LEU,HD13,13,0.46769600000000006
LEU,HD21,13,1.758202238573974
LEU,HD22,13,1.758202238573974
LEU,HD23,13,1.758202238573974
TRP,HE1,5,0.6045814325393465
VAL,HG11,13,0.7101107251557072
VAL,HG12,13,0.7101107251557072
VAL,HG13,13,0.7101107251557072
VAL,HG21,12,3.7764965168055156
VAL,HG22,12,3.7764965168055156
VAL,HG23,12,3.7764965168055156
