atomtype,Entries used,mean_red_ChiSq
C,157,0.5040791054788872
CA,157,0.9008772037430194
CB,144,1.5233460138888897
H,157,0.6468566241693736
N,157,0.6054383130311665
