atomtype,Entries used,mean_red_ChiSq
C,159,0.5894652116575415
CA,162,1.5748081618655683
CB,150,0.5320197400000007
H,156,0.9964410076132634
HA,151,1.0843820134289919
N,156,0.9262122954006065
