atomtype,Entries used,mean_red_ChiSq
C,158,0.583307435121697
CA,162,1.4516500914494728
CB,150,0.5530048466666672
H,156,1.0895583544812852
HA,151,0.9793457965415738
N,156,0.9862738644232152
