residue,atomtype,Entries used,mean_red_ChiSq
ILE,HD11,4,1.3328806860207099
ILE,HD12,4,1.3328806860207099
ILE,HD13,4,1.3328806860207099
LEU,HD11,13,0.6184836923076922
LEU,HD12,13,0.6184836923076922
LEU,HD13,13,0.6184836923076922
LEU,HD21,13,2.1869591356853015
LEU,HD22,13,2.1869591356853015
LEU,HD23,13,2.1869591356853015
TRP,HE1,5,0.6367544819459624
VAL,HG11,13,1.0618982511069157
VAL,HG12,13,1.0618982511069157
VAL,HG13,13,1.0618982511069157
VAL,HG21,13,4.0723501756789595
VAL,HG22,13,4.0723501756789595
VAL,HG23,13,4.0723501756789595
