atomtype,Entries used,mean_red_ChiSq
C,157,0.6229008260350314
CA,157,0.9252429661083591
CB,144,1.8049845833333338
H,157,0.6729272493652964
N,157,0.5902482275217819
