residue,atomtype,Entries used,mean_red_ChiSq
ARG,HB2,1,0.00708263895696511
ARG,HB3,1,0.2805852367414947
ARG,HD2,1,0.02777777777777801
ARG,HD3,1,0.02777777777777801
ARG,HG2,1,0.03734042801465619
ARG,HG3,1,0.03734042801465619
GLN,HB2,1,2.459194214876029
GLN,HB3,1,2.459194214876029
GLN,HG2,1,0.18051491315203222
GLN,HG3,1,0.18051491315203222
GLU,HB2,1,0.004162330905307164
GLU,HB3,1,0.004162330905307164
GLU,HG2,1,0.7167161673553719
GLU,HG3,1,0.7167161673553719
ILE,HD11,4,5.664004715236686
ILE,HD12,4,5.664004715236686
ILE,HD13,4,5.664004715236686
LEU,HD11,13,6.098738461538462
LEU,HD12,13,6.098738461538462
LEU,HD13,13,6.098738461538462
LEU,HD21,11,1.614708210125611
LEU,HD22,11,1.614708210125611
LEU,HD23,11,1.614708210125611
TRP,HE1,5,0.5441090817271266
VAL,HG11,13,7.940150970524803
VAL,HG12,13,7.940150970524803
VAL,HG13,13,7.940150970524803
VAL,HG21,10,4.85649418270612
VAL,HG22,10,4.85649418270612
VAL,HG23,10,4.85649418270612
