atomtype,Entries used,mean_red_ChiSq
C,159,0.6604748615721332
CA,159,3.607206964826461
CB,145,6.180883793103453
H,160,1.3375484721471074
HA,2,0.45802951388888924
N,159,1.7374640537296748
