atomtype,Entries used,mean_red_ChiSq
C,157,0.6903373068530323
CA,157,0.9847817724306056
CB,144,1.916250680555554
H,157,0.7272751323662641
N,157,0.630197300516599
