residue,atomtype,Entries used,mean_red_ChiSq
ILE,HD11,4,1.2199461446005913
ILE,HD12,4,1.2199461446005913
ILE,HD13,4,1.2199461446005913
LEU,HD11,13,0.637019076923077
LEU,HD12,13,0.637019076923077
LEU,HD13,13,0.637019076923077
LEU,HD21,13,2.1811113987047333
LEU,HD22,13,2.1811113987047333
LEU,HD23,13,2.1811113987047333
TRP,HE1,5,0.6258261089133921
VAL,HG11,13,0.8774733433218892
VAL,HG12,13,0.8774733433218892
VAL,HG13,13,0.8774733433218892
VAL,HG21,13,3.8756159812609097
VAL,HG22,13,3.8756159812609097
VAL,HG23,13,3.8756159812609097
