atomtype,Entries used,mean_red_ChiSq
C,157,0.5116501164779431
CA,157,0.9504340803648647
CB,144,1.5166827500000009
H,157,0.6560430668324762
N,157,0.6033369405385289
