residue,atomtype,Entries used,mean_red_ChiSq
ILE,HD11,4,0.47068001109467444
ILE,HD12,4,0.47068001109467444
ILE,HD13,4,0.47068001109467444
LEU,HD11,13,0.4697489230769232
LEU,HD12,13,0.4697489230769232
LEU,HD13,13,0.4697489230769232
LEU,HD21,13,1.7745046884607851
LEU,HD22,13,1.7745046884607851
LEU,HD23,13,1.7745046884607851
TRP,HE1,5,0.5985482703476126
VAL,HG11,13,0.7008741106042182
VAL,HG12,13,0.7008741106042182
VAL,HG13,13,0.7008741106042182
VAL,HG21,13,3.469786533489492
VAL,HG22,13,3.469786533489492
VAL,HG23,13,3.469786533489492
