atomtype,Entries used,mean_red_ChiSq
C,158,0.5799698317119852
CA,162,1.5352880658436214
CB,150,0.5547751133333331
H,156,0.9286877868841089
HA,151,1.0015001839587943
N,156,0.8608517216309434
