atomtype,Entries used,mean_red_ChiSq
C,157,0.5343460402414101
CA,162,1.4511606614845294
CB,150,0.48656912000000024
H,156,1.0369795523567837
HA,151,1.0088171449595293
N,156,0.9104612330911036
