atomtype,Entries used,mean_red_ChiSq
C,158,0.557803196788561
CA,162,1.4695860463343995
CB,149,0.5309838859060402
H,156,1.0529654282980414
HA,150,0.9658821759259265
N,156,0.9982417005793618
