atomtype,entries_used,mean_red_ChiSq
C,159,0.509037198394674
CA,162,1.3816941853375995
CB,150,0.4884803133333327
H,156,1.0041670826919606
HA,151,1.0349343497056658
N,156,0.8925769216353637
