atomtype,Entries used,mean_red_ChiSq
C,159,0.6669744654573343
CA,159,3.553845632424878
CB,145,6.104413020689658
H,161,1.3729004430798593
HA,2,0.18696180555555475
N,159,1.7427835242071936
