residue,atomtype,Entries used,mean_red_ChiSq
ARG,HB2,1,0.004803450642093921
ARG,HB3,1,0.2965395549455929
ARG,HD2,1,0.006553287981859337
ARG,HD3,1,0.006553287981859337
ARG,HG2,1,0.0028238698686083173
ARG,HG3,1,0.0028238698686083173
GLN,HB2,1,3.430914256198343
GLN,HB3,1,3.430914256198343
GLN,HG2,1,0.3428011490241348
GLN,HG3,1,0.3428011490241348
GLU,HB2,1,0.06659729448491167
GLU,HB3,1,0.06659729448491167
GLU,HG2,1,0.5625000000000009
GLU,HG3,1,0.5625000000000009
ILE,HD11,4,4.540241309171596
ILE,HD12,4,4.540241309171596
ILE,HD13,4,4.540241309171596
LEU,HD11,13,6.230167384615385
LEU,HD12,13,6.230167384615385
LEU,HD13,13,6.230167384615385
LEU,HD21,11,1.4239365292081203
LEU,HD22,11,1.4239365292081203
LEU,HD23,11,1.4239365292081203
TRP,HE1,5,0.5640730578234134
VAL,HG11,13,7.8430044276624775
VAL,HG12,13,7.8430044276624775
VAL,HG13,13,7.8430044276624775
VAL,HG21,10,4.036146222349899
VAL,HG22,10,4.036146222349899
VAL,HG23,10,4.036146222349899
