atomtype,Entries used,mean_red_ChiSq
C,157,0.6289186104230556
CA,157,1.2035290949123214
CB,144,1.7240922499999989
H,157,0.8463967095314049
N,157,0.6624974082911055
