residue,atomtype,Entries used,mean_red_ChiSq
ILE,HD11,4,1.5247087647928987
ILE,HD12,4,1.5247087647928987
ILE,HD13,4,1.5247087647928987
LEU,HD11,13,0.45564676923076913
LEU,HD12,13,0.45564676923076913
LEU,HD13,13,0.45564676923076913
LEU,HD21,13,1.970838006729691
LEU,HD22,13,1.970838006729691
LEU,HD23,13,1.970838006729691
TRP,HE1,5,0.5089605252083145
VAL,HG11,13,0.6376287482279273
VAL,HG12,13,0.6376287482279273
VAL,HG13,13,0.6376287482279273
VAL,HG21,13,2.168026152962234
VAL,HG22,13,2.168026152962234
VAL,HG23,13,2.168026152962234
