atomtype,Entries used,mean_red_ChiSq
C,159,0.5326373572045573
CA,162,1.0059572473708271
CB,150,0.5191184866666666
H,156,0.6860395085354526
HA,151,0.913494642200147
N,156,0.7280993561513047
