residue,atomtype,Entries used,mean_red_ChiSq
ILE,HD11,4,1.2827235114644968
ILE,HD12,4,1.2827235114644968
ILE,HD13,4,1.2827235114644968
LEU,HD11,13,0.6244873846153847
LEU,HD12,13,0.6244873846153847
LEU,HD13,13,0.6244873846153847
LEU,HD21,13,2.197934256098012
LEU,HD22,13,2.197934256098012
LEU,HD23,13,2.197934256098012
TRP,HE1,5,0.6186482619308133
VAL,HG11,13,0.9714704676928456
VAL,HG12,13,0.9714704676928456
VAL,HG13,13,0.9714704676928456
VAL,HG21,13,3.895721001922524
VAL,HG22,13,3.895721001922524
VAL,HG23,13,3.895721001922524
