atomtype,Entries used,mean_red_ChiSq
C,157,0.6362254265943207
CA,157,0.9339504128332163
CB,144,1.8164917013888875
H,157,0.7021140709558962
N,157,0.6479923981313674
