residue,atomtype,entries_used,mean_red_ChiSq
ILE,HD11,4,1.0624191013313606
ILE,HD12,4,1.0624191013313606
ILE,HD13,4,1.0624191013313606
LEU,HD11,13,0.631553230769231
LEU,HD12,13,0.631553230769231
LEU,HD13,13,0.631553230769231
LEU,HD21,13,2.3740716546356677
LEU,HD22,13,2.3740716546356677
LEU,HD23,13,2.3740716546356677
TRP,HE1,5,0.6215288275397683
VAL,HG11,13,0.8158270456942832
VAL,HG12,13,0.8158270456942832
VAL,HG13,13,0.8158270456942832
VAL,HG21,13,3.9171505204074863
VAL,HG22,13,3.9171505204074863
VAL,HG23,13,3.9171505204074863
