atomtype,entries_used,mean_red_ChiSq
C,157,0.599287073282812
CA,157,0.983281277030746
CB,144,1.749039222222221
H,157,0.7111551432518176
N,157,0.7167583675045003
