atomtype,entries_used,mean_red_ChiSq
C,157,0.5777001995360543
CA,157,0.9183093260989221
CB,144,1.8163673124999984
H,157,0.6866155229371703
N,157,0.636226905143275
