residue,atomtype,entries_used,mean_red_ChiSq
ILE,HD11,4,1.180201784393491
ILE,HD12,4,1.180201784393491
ILE,HD13,4,1.180201784393491
LEU,HD11,13,0.6762153846153847
LEU,HD12,13,0.6762153846153847
LEU,HD13,13,0.6762153846153847
LEU,HD21,13,2.299593123499549
LEU,HD22,13,2.299593123499549
LEU,HD23,13,2.299593123499549
TRP,HE1,5,0.6310842521673261
VAL,HG11,13,0.8110248123786424
VAL,HG12,13,0.8110248123786424
VAL,HG13,13,0.8110248123786424
VAL,HG21,13,3.7279241155282516
VAL,HG22,13,3.7279241155282516
VAL,HG23,13,3.7279241155282516
