residue,atomtype,Entries used,mean_red_ChiSq
ILE,HD11,4,1.3988593287721884
ILE,HD12,4,1.3988593287721884
ILE,HD13,4,1.3988593287721884
LEU,HD11,13,0.6359310769230769
LEU,HD12,13,0.6359310769230769
LEU,HD13,13,0.6359310769230769
LEU,HD21,13,2.4486446808190117
LEU,HD22,13,2.4486446808190117
LEU,HD23,13,2.4486446808190117
TRP,HE1,5,0.6115741099234058
VAL,HG11,13,0.7593474740823856
VAL,HG12,13,0.7593474740823856
VAL,HG13,13,0.7593474740823856
VAL,HG21,13,3.047231675248049
VAL,HG22,13,3.047231675248049
VAL,HG23,13,3.047231675248049
