atomtype,Entries used,mean_red_ChiSq
C,157,0.6083548596367057
CA,157,1.1535280018872363
CB,144,1.651392340277778
H,157,0.822480080470421
N,157,0.6969161797476792
