atomtype,Entries used,mean_red_ChiSq
C,159,0.5890583447375566
CA,162,1.53992365493065
CB,150,0.5118968133333331
H,156,1.002753186060379
HA,151,1.0986565259381902
N,156,0.8900463665723409
