atomtype,Entries used,mean_red_ChiSq
C,158,0.5166886488611484
CA,162,0.9716597469897877
CB,150,0.5204389133333344
H,155,0.6977320609222079
HA,151,0.9205037021707136
N,156,0.728534521034521
