atomtype,Entries used,mean_red_ChiSq
C,158,0.5539264893684551
CA,162,1.4785254686785558
CB,150,0.5317810533333339
H,156,1.0521162166659737
HA,150,0.971011458333333
N,156,1.0018333037813554
