atomtype,Entries used,mean_red_ChiSq
C,156,0.6111829080850354
CA,157,0.9816367775418726
CB,144,1.7740742361111104
H,157,0.7483956554240027
N,157,0.6766786425401695
