residue,atomtype,Entries used,mean_red_ChiSq
ILE,HD11,4,1.424793130547337
ILE,HD12,4,1.424793130547337
ILE,HD13,4,1.424793130547337
LEU,HD11,13,0.6952209230769231
LEU,HD12,13,0.6952209230769231
LEU,HD13,13,0.6952209230769231
LEU,HD21,13,2.5105663266214466
LEU,HD22,13,2.5105663266214466
LEU,HD23,13,2.5105663266214466
TRP,HE1,5,0.5638131470414938
VAL,HG11,13,0.5100075921981767
VAL,HG12,13,0.5100075921981767
VAL,HG13,13,0.5100075921981767
VAL,HG21,13,2.858368505955406
VAL,HG22,13,2.858368505955406
VAL,HG23,13,2.858368505955406
