atomtype,entries_used,mean_red_ChiSq
C,159,0.5184406209963898
CA,162,1.327016445663769
CB,150,0.4910076066666668
H,156,0.9541354647695918
HA,151,1.0323654801324502
N,156,0.8567945918919944
