residue,atomtype,Entries used,mean_red_ChiSq
ARG,HB2,1,0.03002156651308682
ARG,HB3,1,0.1941231251838054
ARG,HD2,1,0.05444444444444332
ARG,HD3,1,0.05444444444444332
ARG,HG2,1,0.02389787392938029
ARG,HG3,1,0.02389787392938029
GLN,HB2,1,2.199154183884299
GLN,HB3,1,2.199154183884299
GLN,HG2,1,0.1510107653896756
GLN,HG3,1,0.1510107653896756
GLU,HB2,1,0.33714880332986535
GLU,HB3,1,0.33714880332986535
GLU,HG2,1,0.4648760330578485
GLU,HG3,1,0.4648760330578485
ILE,HD11,4,1.63289917714497
ILE,HD12,4,1.63289917714497
ILE,HD13,4,1.63289917714497
LEU,HD11,13,4.663572923076922
LEU,HD12,13,4.663572923076922
LEU,HD13,13,4.663572923076922
LEU,HD21,11,2.0968004026808704
LEU,HD22,11,2.0968004026808704
LEU,HD23,11,2.0968004026808704
TRP,HE1,5,2.946651628650786
VAL,HG11,13,5.599928109273903
VAL,HG12,13,5.599928109273903
VAL,HG13,13,5.599928109273903
VAL,HG21,10,3.2130045245619065
VAL,HG22,10,3.2130045245619065
VAL,HG23,10,3.2130045245619065
