atomtype,Entries used,mean_red_ChiSq
C,159,0.5817239182972289
CA,159,3.5620104821802916
CB,145,5.740025910344828
H,161,1.3657461982135717
HA,2,0.35217013888888826
N,159,1.5119789345126278
