atomtype,entries_used,mean_red_ChiSq
C,159,0.5216735941260966
CA,162,1.3592841792409693
CB,150,0.49693802666666737
H,156,0.9738702486444509
HA,151,1.0453407836644586
N,156,0.8732591242331503
