atomtype,Entries used,mean_red_ChiSq
C,158,0.5175030583391929
CA,162,1.4575531854900154
CB,150,0.4812181466666679
H,156,1.0008736877868833
HA,150,1.0328979166666665
N,156,0.9034760429565623
