residue,atomtype,Entries used,mean_red_ChiSq
ILE,HD11,4,1.3291362333579881
ILE,HD12,4,1.3291362333579881
ILE,HD13,4,1.3291362333579881
LEU,HD11,13,0.6796467692307693
LEU,HD12,13,0.6796467692307693
LEU,HD13,13,0.6796467692307693
LEU,HD21,13,2.270354438596708
LEU,HD22,13,2.270354438596708
LEU,HD23,13,2.270354438596708
TRP,HE1,5,0.6269681003282531
VAL,HG11,13,1.1301104564053295
VAL,HG12,13,1.1301104564053295
VAL,HG13,13,1.1301104564053295
VAL,HG21,13,4.16004601904846
VAL,HG22,13,4.16004601904846
VAL,HG23,13,4.16004601904846
