atomtype,Entries used,mean_red_ChiSq
C,157,0.6213186396654105
CA,157,0.9232410316898633
CB,144,1.8340076944444432
H,157,0.6934128966251336
N,157,0.6151845565304074
