atomtype,entries_used,mean_red_ChiSq
C,157,0.5611847299628453
CA,157,0.9111855469057175
CB,144,1.8285216111111104
H,157,0.6952095296820798
N,157,0.6246325514817536
