residue,atomtype,entries_used,mean_red_ChiSq
ILE,HD11,4,1.4281735392011832
ILE,HD12,4,1.4281735392011832
ILE,HD13,4,1.4281735392011832
LEU,HD11,13,0.7409132307692309
LEU,HD12,13,0.7409132307692309
LEU,HD13,13,0.7409132307692309
LEU,HD21,13,2.47267929065718
LEU,HD22,13,2.47267929065718
LEU,HD23,13,2.47267929065718
TRP,HE1,5,0.6467368066661046
VAL,HG11,13,0.8756139266445845
VAL,HG12,13,0.8756139266445845
VAL,HG13,13,0.8756139266445845
VAL,HG21,13,3.8503869909177295
VAL,HG22,13,3.8503869909177295
VAL,HG23,13,3.8503869909177295
