residue,atomtype,Entries used,mean_red_ChiSq
ARG,HB2,1,0.017865895500441317
ARG,HB3,1,0.23059013822174182
ARG,HD2,1,0.0027437641723356615
ARG,HD3,1,0.0027437641723356615
ARG,HG2,1,0.0018903591682420161
ARG,HG3,1,0.0018903591682420161
GLN,HB2,1,3.3057851239669427
GLN,HB3,1,3.3057851239669427
GLN,HG2,1,0.268463582914978
GLN,HG3,1,0.268463582914978
GLU,HB2,1,0.05098855359001082
GLU,HB3,1,0.05098855359001082
GLU,HG2,1,0.5796745867768585
GLU,HG3,1,0.5796745867768585
ILE,HD11,4,5.547701322115383
ILE,HD12,4,5.547701322115383
ILE,HD13,4,5.547701322115383
LEU,HD11,13,6.281384615384615
LEU,HD12,13,6.281384615384615
LEU,HD13,13,6.281384615384615
LEU,HD21,11,1.3616909359578804
LEU,HD22,11,1.3616909359578804
LEU,HD23,11,1.3616909359578804
TRP,HE1,5,0.5459324972645396
VAL,HG11,13,8.082894374382716
VAL,HG12,13,8.082894374382716
VAL,HG13,13,8.082894374382716
VAL,HG21,10,4.616108876759549
VAL,HG22,10,4.616108876759549
VAL,HG23,10,4.616108876759549
