atomtype,Entries used,mean_red_ChiSq
C,159,0.6648985600347482
CA,159,3.6105944638558864
CB,145,6.08184905517242
H,161,1.3761394609810909
HA,2,0.22212673611110945
N,159,1.7271612827260958
