atomtype,Entries used,mean_red_ChiSq
C,159,0.6192812427207097
CA,159,3.4449212904728648
CB,145,6.015671006896549
H,161,1.6359505053932129
HA,2,0.014105902777777176
N,159,1.9073255112118137
