residue,atomtype,Entries used,mean_red_ChiSq
ARG,HB2,1,0.05646505244583875
ARG,HB3,1,0.14155474953435881
ARG,HD2,1,0.013061224489795461
ARG,HD3,1,0.013061224489795461
ARG,HG2,1,0.0023337767509160117
ARG,HG3,1,0.0023337767509160117
GLN,HB2,1,2.017691115702479
GLN,HB3,1,2.017691115702479
GLN,HG2,1,0.14306424333539136
GLN,HG3,1,0.14306424333539136
GLU,HB2,1,0.1868470343392309
GLU,HB3,1,0.1868470343392309
GLU,HG2,1,0.8264462809917322
GLU,HG3,1,0.8264462809917322
ILE,HD11,4,1.9826299001479288
ILE,HD12,4,1.9826299001479288
ILE,HD13,4,1.9826299001479288
LEU,HD11,13,5.4671076923076924
LEU,HD12,13,5.4671076923076924
LEU,HD13,13,5.4671076923076924
LEU,HD21,11,1.1127797766157004
LEU,HD22,11,1.1127797766157004
LEU,HD23,11,1.1127797766157004
TRP,HE1,5,0.37988923491288573
VAL,HG11,13,8.392832427420599
VAL,HG12,13,8.392832427420599
VAL,HG13,13,8.392832427420599
VAL,HG21,10,2.9773376903188735
VAL,HG22,10,2.9773376903188735
VAL,HG23,10,2.9773376903188735
