atomtype,Entries used,mean_red_ChiSq
C,159,0.6924252932341408
CA,159,3.3150242177187663
CB,145,6.068189579310348
H,161,1.342283658448918
HA,2,0.1467795138888886
N,159,1.7669897325667971
