residue,atomtype,Entries used,mean_red_ChiSq
ARG,HB2,1,0.10675423978041318
ARG,HB3,1,0.0824428977551222
ARG,HD2,1,0.001836734693877328
ARG,HD3,1,0.001836734693877328
ARG,HG2,1,0.0075614366729676915
ARG,HG3,1,0.0075614366729676915
GLN,HB2,1,4.183884297520662
GLN,HB3,1,4.183884297520662
GLN,HG2,1,1.195226717495775
GLN,HG3,1,1.195226717495775
GLU,HB2,1,0.09590010405827368
GLU,HB3,1,0.09590010405827368
GLU,HG2,1,0.5289256198347116
GLU,HG3,1,0.5289256198347116
ILE,HD11,4,2.908988997781064
ILE,HD12,4,2.908988997781064
ILE,HD13,4,2.908988997781064
LEU,HD11,13,6.159046153846154
LEU,HD12,13,6.159046153846154
LEU,HD13,13,6.159046153846154
LEU,HD21,11,1.2640845241390026
LEU,HD22,11,1.2640845241390026
LEU,HD23,11,1.2640845241390026
TRP,HE1,5,0.5810386331116895
VAL,HG11,13,7.993665889530157
VAL,HG12,13,7.993665889530157
VAL,HG13,13,7.993665889530157
VAL,HG21,10,2.841656492387245
VAL,HG22,10,2.841656492387245
VAL,HG23,10,2.841656492387245
