atomtype,Entries used,mean_red_ChiSq
C,159,0.5864518486974919
CA,162,1.4543956180460305
CB,150,0.5352889266666672
H,156,0.962883367308732
HA,151,1.002941041206769
N,156,0.9167750503464782
