residue,atomtype,entries_used,mean_red_ChiSq
ILE,HD11,4,1.4714485484467454
ILE,HD12,4,1.4714485484467454
ILE,HD13,4,1.4714485484467454
LEU,HD11,13,0.7378326153846154
LEU,HD12,13,0.7378326153846154
LEU,HD13,13,0.7378326153846154
LEU,HD21,13,2.461004359097614
LEU,HD22,13,2.461004359097614
LEU,HD23,13,2.461004359097614
TRP,HE1,5,0.6354232808686123
VAL,HG11,13,0.861428945759455
VAL,HG12,13,0.861428945759455
VAL,HG13,13,0.861428945759455
VAL,HG21,13,3.7910304289218386
VAL,HG22,13,3.7910304289218386
VAL,HG23,13,3.7910304289218386
