atomtype,entries_used,mean_red_ChiSq
C,157,0.5689667620114814
CA,157,0.9303648737909891
CB,144,1.8368034930555543
H,156,0.7176411019123295
N,156,0.6471864919592188
