atomtype,entries_used,mean_red_ChiSq
C,159,0.5235727431768775
CA,162,1.3017556546258182
CB,149,0.49424047651006797
H,156,0.9321698839289433
HA,151,1.0197826986754963
N,156,0.8387377785754413
