residue,atomtype,Entries used,mean_red_ChiSq
ARG,HB2,1,0.00198509950004897
ARG,HB3,1,0.3241103813351632
ARG,HD2,1,0.02040816326530586
ARG,HD3,1,0.02040816326530586
ARG,HG2,1,0.0011435506079488095
ARG,HG3,1,0.0011435506079488095
GLN,HB2,1,4.637170712809916
GLN,HB3,1,4.637170712809916
GLN,HG2,1,0.8795135439877585
GLN,HG3,1,0.8795135439877585
GLU,HB2,1,0.08058272632674311
GLU,HB3,1,0.08058272632674311
GLU,HG2,1,0.6601562499999979
GLU,HG3,1,0.6601562499999979
ILE,HD11,4,2.2734432784763303
ILE,HD12,4,2.2734432784763303
ILE,HD13,4,2.2734432784763303
LEU,HD11,13,7.056151384615385
LEU,HD12,13,7.056151384615385
LEU,HD13,13,7.056151384615385
LEU,HD21,11,0.8540913056215093
LEU,HD22,11,0.8540913056215093
LEU,HD23,11,0.8540913056215093
TRP,HE1,5,0.6099587576803278
VAL,HG11,13,10.01473927853961
VAL,HG12,13,10.01473927853961
VAL,HG13,13,10.01473927853961
VAL,HG21,10,4.11111390405056
VAL,HG22,10,4.11111390405056
VAL,HG23,10,4.11111390405056
