atomtype,Entries used,mean_red_ChiSq
C,159,0.6621926804293827
CA,159,3.7419654398633457
CB,145,5.870117882758623
H,161,1.3504647467659194
HA,2,0.5785069444444435
N,159,1.5406396245626819
