residue,atomtype,Entries used,mean_red_ChiSq
ILE,CD,4,0.2449896609929187
ILE,CG2,4,0.2612676387439613
LEU,CD1,13,1.2729521790313951
LEU,CD2,13,1.0849637938498882
THR,CG2,6,2.9703137106146724
VAL,CG1,13,1.1312355546693316
VAL,CG2,13,1.2533411539041925
