atomtype,Entries used,mean_red_ChiSq
C,158,0.5443227335325812
CA,162,1.4759074912360928
CB,150,0.51839546
H,156,0.9249727503432215
HA,151,0.9140880242825606
N,156,0.9648810484849443
