atomtype,entries_used,mean_red_ChiSq
C,158,0.49264421809071646
CA,162,1.3452020195092207
CB,150,0.5418456866666672
H,156,0.941871177767608
HA,150,0.9334539351851847
N,156,0.8427066956612409
