residue,atomtype,Entries used,mean_red_ChiSq
ILE,HD11,4,1.5433732433431946
ILE,HD12,4,1.5433732433431946
ILE,HD13,4,1.5433732433431946
LEU,HD11,13,0.6131150769230769
LEU,HD12,13,0.6131150769230769
LEU,HD13,13,0.6131150769230769
LEU,HD21,13,2.360169926745796
LEU,HD22,13,2.360169926745796
LEU,HD23,13,2.360169926745796
TRP,HE1,5,0.609943270768452
VAL,HG11,13,0.7225404301349798
VAL,HG12,13,0.7225404301349798
VAL,HG13,13,0.7225404301349798
VAL,HG21,13,2.9080765363622296
VAL,HG22,13,2.9080765363622296
VAL,HG23,13,2.9080765363622296
