atomtype,Entries used,mean_red_ChiSq
C,157,0.6058583029851771
CA,157,1.1557631202327594
CB,144,1.6502359722222228
H,157,0.8317393805568858
N,157,0.6895278500233417
