atomtype,entries_used,mean_red_ChiSq
C,158,0.49343222879063237
CA,162,1.3646855204999233
CB,150,0.5441909600000007
H,156,1.0154046192675175
HA,151,1.0608819674392933
N,156,0.8757942009890071
