atomtype,entries_used,mean_red_ChiSq
C,158,0.48023576987126854
CA,162,1.332025019051974
CB,150,0.5396421666666666
H,156,0.9343709350861865
HA,151,0.9166476959161148
N,156,0.8261477928036376
