atomtype,entries_used,mean_red_ChiSq
C,158,0.46804385328762127
CA,162,1.3129289818625203
CB,150,0.5254336333333334
H,155,0.9213510703257206
HA,151,0.8912709253127294
N,156,0.836723328379172
