atomtype,entries_used,mean_red_ChiSq
C,157,0.5557910455738392
CA,157,0.9989560195014552
CB,144,1.795841381944444
H,157,0.7261473063422123
N,156,0.6738432046548927
