residue,atomtype,entries_used,mean_red_ChiSq
ILE,HD11,4,1.4885528383875732
ILE,HD12,4,1.4885528383875732
ILE,HD13,4,1.4885528383875732
LEU,HD11,13,0.7318806153846157
LEU,HD12,13,0.7318806153846157
LEU,HD13,13,0.7318806153846157
LEU,HD21,13,2.4574628490667587
LEU,HD22,13,2.4574628490667587
LEU,HD23,13,2.4574628490667587
TRP,HE1,5,0.6157609628819122
VAL,HG11,13,0.8575723778361565
VAL,HG12,13,0.8575723778361565
VAL,HG13,13,0.8575723778361565
VAL,HG21,13,3.7776639117848543
VAL,HG22,13,3.7776639117848543
VAL,HG23,13,3.7776639117848543
