atomtype,entries_used,mean_red_ChiSq
C,159,0.5196331267227637
CA,162,1.3410818091754313
CB,150,0.49345694
H,156,0.9607122006351326
HA,151,1.039992756622516
N,156,0.8648350699324723
