residue,atomtype,entries_used,mean_red_ChiSq
ILE,HD11,4,1.1768155972633134
ILE,HD12,4,1.1768155972633134
ILE,HD13,4,1.1768155972633134
LEU,HD11,13,0.6607692307692307
LEU,HD12,13,0.6607692307692307
LEU,HD13,13,0.6607692307692307
LEU,HD21,13,2.2665965486026374
LEU,HD22,13,2.2665965486026374
LEU,HD23,13,2.2665965486026374
TRP,HE1,5,0.6308081811295356
VAL,HG11,13,0.8117134852220887
VAL,HG12,13,0.8117134852220887
VAL,HG13,13,0.8117134852220887
VAL,HG21,13,3.734741343115373
VAL,HG22,13,3.734741343115373
VAL,HG23,13,3.734741343115373
