atomtype,entries_used,mean_red_ChiSq
C,157,0.5763378744987044
CA,157,0.9150119682315002
CB,144,1.8145714791666658
H,155,0.693285542315811
N,157,0.6331474202216202
