atomtype,entries_used,mean_red_ChiSq
C,157,0.5413181021221586
CA,157,1.1471724463316824
CB,144,1.7232929513888884
H,157,0.7694518297030929
N,157,0.6824587316985362
