residue,atomtype,entries_used,mean_red_ChiSq
ILE,HD11,4,1.6872399685650878
ILE,HD12,4,1.6872399685650878
ILE,HD13,4,1.6872399685650878
LEU,HD11,13,0.5733095384615386
LEU,HD12,13,0.5733095384615386
LEU,HD13,13,0.5733095384615386
LEU,HD21,13,2.1855129506146977
LEU,HD22,13,2.1855129506146977
LEU,HD23,13,2.1855129506146977
TRP,HE1,5,0.6227745139298029
VAL,HG11,13,0.8202580675504076
VAL,HG12,13,0.8202580675504076
VAL,HG13,13,0.8202580675504076
VAL,HG21,13,3.7640446489735475
VAL,HG22,13,3.7640446489735475
VAL,HG23,13,3.7640446489735475
