residue,atomtype,Entries used,mean_red_ChiSq
ARG,HB2,1,0.0012008626605235185
ARG,HB3,1,0.3354818155082822
ARG,HD2,1,0.019070294784579805
ARG,HD3,1,0.019070294784579805
ARG,HG2,1,0.0014936171205861644
ARG,HG3,1,0.0014936171205861644
GLN,HB2,1,4.491509555785117
GLN,HB3,1,4.491509555785117
GLN,HG2,1,0.831592794437436
GLN,HG3,1,0.831592794437436
GLU,HB2,1,0.08807492195629568
GLU,HB3,1,0.08807492195629568
GLU,HG2,1,0.6327479338842944
GLU,HG3,1,0.6327479338842944
ILE,HD11,4,2.277355306952663
ILE,HD12,4,2.277355306952663
ILE,HD13,4,2.277355306952663
LEU,HD11,13,7.087545846153846
LEU,HD12,13,7.087545846153846
LEU,HD13,13,7.087545846153846
LEU,HD21,11,0.8560367332999926
LEU,HD22,11,0.8560367332999926
LEU,HD23,11,0.8560367332999926
TRP,HE1,5,0.6332658867098722
VAL,HG11,13,10.04847249003944
VAL,HG12,13,10.04847249003944
VAL,HG13,13,10.04847249003944
VAL,HG21,10,4.117105357655844
VAL,HG22,10,4.117105357655844
VAL,HG23,10,4.117105357655844
