atomtype,Entries used,mean_red_ChiSq
C,159,0.6640578200219357
CA,159,3.7470501979967406
CB,145,5.863871931034484
H,161,1.3515765782410503
HA,2,0.5951736111111083
N,159,1.5463952355376014
