residue,atomtype,Entries used,mean_red_ChiSq
ILE,HD11,4,1.0769288553994083
ILE,HD12,4,1.0769288553994083
ILE,HD13,4,1.0769288553994083
LEU,HD11,13,0.6416479999999999
LEU,HD12,13,0.6416479999999999
LEU,HD13,13,0.6416479999999999
LEU,HD21,13,2.197171448253006
LEU,HD22,13,2.197171448253006
LEU,HD23,13,2.197171448253006
TRP,HE1,5,0.6223738742530067
VAL,HG11,13,1.0024557065783375
VAL,HG12,13,1.0024557065783375
VAL,HG13,13,1.0024557065783375
VAL,HG21,13,3.911204782003403
VAL,HG22,13,3.911204782003403
VAL,HG23,13,3.911204782003403
