atomtype,Entries used,mean_red_ChiSq
C,157,0.6889138738991135
CA,157,1.0944582763230324
CB,144,1.909239375
H,157,0.7884043363084886
N,157,0.6761692984821449
