residue,atomtype,Entries used,mean_red_ChiSq
ARG,HB2,1,0.0008822664444661652
ARG,HB3,1,0.3412410547985498
ARG,HD2,1,0.016530612244897585
ARG,HD3,1,0.016530612244897585
ARG,HG2,1,0.0011435506079488095
ARG,HG3,1,0.0011435506079488095
GLN,HB2,1,4.4195506198347125
GLN,HB3,1,4.4195506198347125
GLN,HG2,1,0.8034846573062367
GLN,HG3,1,0.8034846573062367
GLU,HB2,1,0.0919458896982316
GLU,HB3,1,0.0919458896982316
GLU,HG2,1,0.6327479338842944
GLU,HG3,1,0.6327479338842944
ILE,HD11,4,2.2759395802514786
ILE,HD12,4,2.2759395802514786
ILE,HD13,4,2.2759395802514786
LEU,HD11,13,7.083080615384615
LEU,HD12,13,7.083080615384615
LEU,HD13,13,7.083080615384615
LEU,HD21,11,0.855577081502414
LEU,HD22,11,0.855577081502414
LEU,HD23,11,0.855577081502414
TRP,HE1,5,0.6108711387930303
VAL,HG11,13,10.07669799848156
VAL,HG12,13,10.07669799848156
VAL,HG13,13,10.07669799848156
VAL,HG21,10,4.1223481039931045
VAL,HG22,10,4.1223481039931045
VAL,HG23,10,4.1223481039931045
