atomtype,Entries used,mean_red_ChiSq
C,159,0.6665576137753314
CA,159,3.7686808292569296
CB,145,5.850425455172415
H,161,1.3447642674065903
HA,2,0.592725694444443
N,159,1.5556922169737661
