atomtype,Entries used,mean_red_ChiSq
C,158,0.5819958745995444
CA,162,1.4479443225118116
CB,150,0.553163066666667
H,156,1.0881928207901712
HA,151,0.9764525846210448
N,156,0.9868015606327294
