atomtype,Entries used,mean_red_ChiSq
C,159,0.6197067415948431
CA,159,3.4712896342883797
CB,145,5.900551517241381
H,161,1.3611990701705472
HA,2,0.26064236111111055
N,159,1.4786680352963126
