residue,atomtype,Entries used,mean_red_ChiSq
ARG,HB2,1,0.01296441525340668
ARG,HB3,1,0.24999999999999886
ARG,HD2,1,0.005804988662131208
ARG,HD3,1,0.005804988662131208
ARG,HG2,1,0.045181917897733986
ARG,HG3,1,0.045181917897733986
GLN,HB2,1,2.0664062499999942
GLN,HB3,1,2.0664062499999942
GLN,HG2,1,0.11694273671776521
GLN,HG3,1,0.11694273671776521
GLU,HB2,1,0.24041623309053112
GLU,HB3,1,0.24041623309053112
GLU,HG2,1,0.51252582644628
GLU,HG3,1,0.51252582644628
ILE,HD11,4,1.7752519415680466
ILE,HD12,4,1.7752519415680466
ILE,HD13,4,1.7752519415680466
LEU,HD11,13,4.395319384615385
LEU,HD12,13,4.395319384615385
LEU,HD13,13,4.395319384615385
LEU,HD21,11,2.235034206833598
LEU,HD22,11,2.235034206833598
LEU,HD23,11,2.235034206833598
TRP,HE1,5,4.506421345004627
VAL,HG11,13,5.610755390124766
VAL,HG12,13,5.610755390124766
VAL,HG13,13,5.610755390124766
VAL,HG21,10,3.641597242171789
VAL,HG22,10,3.641597242171789
VAL,HG23,10,3.641597242171789
