atomtype,Entries used,mean_red_ChiSq
C,157,0.6219948506428411
CA,157,0.9225233860187154
CB,144,1.821556243055554
H,157,0.679915981439442
N,157,0.6024478826290385
