residue,atomtype,Entries used,mean_red_ChiSq
ILE,HD11,4,1.3322855029585794
ILE,HD12,4,1.3322855029585794
ILE,HD13,4,1.3322855029585794
LEU,HD11,13,0.658052923076923
LEU,HD12,13,0.658052923076923
LEU,HD13,13,0.658052923076923
LEU,HD21,13,2.2440971409085493
LEU,HD22,13,2.2440971409085493
LEU,HD23,13,2.2440971409085493
TRP,HE1,5,0.632397946300814
VAL,HG11,13,1.0739769009050169
VAL,HG12,13,1.0739769009050169
VAL,HG13,13,1.0739769009050169
VAL,HG21,13,4.082384040837071
VAL,HG22,13,4.082384040837071
VAL,HG23,13,4.082384040837071
