atomtype,Entries used,mean_red_ChiSq
C,157,0.5290775112791906
CA,157,1.012617221042699
CB,144,1.533000131944444
H,157,0.6529256647593981
N,157,0.5997759892151491
