residue,atomtype,Entries used,mean_red_ChiSq
ARG,HB2,1,0.031761592000784294
ARG,HB3,1,0.6273894716204288
ARG,HD2,1,0.008185941043084394
ARG,HD3,1,0.008185941043084394
ARG,HG2,1,0.021003990758244103
ARG,HG3,1,0.021003990758244103
GLN,HB2,1,6.052718233471068
GLN,HB3,1,6.052718233471068
GLN,HG2,1,1.7320196515342752
GLN,HG3,1,1.7320196515342752
GLU,HB2,1,0.07696149843912643
GLU,HB3,1,0.07696149843912643
GLU,HG2,1,0.6881456611570238
GLU,HG3,1,0.6881456611570238
ILE,HD11,4,2.8102926220414193
ILE,HD12,4,2.8102926220414193
ILE,HD13,4,2.8102926220414193
LEU,HD11,13,6.94830276923077
LEU,HD12,13,6.94830276923077
LEU,HD13,13,6.94830276923077
LEU,HD21,11,0.8148007878820248
LEU,HD22,11,0.8148007878820248
LEU,HD23,11,0.8148007878820248
TRP,HE1,5,0.4163602390371165
VAL,HG11,13,9.691692925818176
VAL,HG12,13,9.691692925818176
VAL,HG13,13,9.691692925818176
VAL,HG21,10,3.8775603274920996
VAL,HG22,10,3.8775603274920996
VAL,HG23,10,3.8775603274920996
