atomtype,Entries used,mean_red_ChiSq
C,159,0.65588311762365
CA,159,3.72794550819163
CB,145,5.838519779310345
H,161,1.356660373745755
HA,2,0.5902517361111095
N,159,1.5419315121790007
