atomtype,entries_used,mean_red_ChiSq
C,157,0.46806982963257665
CA,162,1.3055789132754143
CB,150,0.5223450733333335
H,156,0.9186696897838058
HA,149,0.9005871318046235
N,156,0.8340032742630146
