atomtype,Entries used,mean_red_ChiSq
C,159,0.49972252249301224
CA,162,0.9256072168876699
CB,150,0.5157524066666669
H,156,0.695776060517813
HA,151,0.8953202032744659
N,156,0.7301484938822609
