residue,atomtype,entries_used,mean_red_ChiSq
ILE,HD11,4,1.1848187869822482
ILE,HD12,4,1.1848187869822482
ILE,HD13,4,1.1848187869822482
LEU,HD11,13,0.6534424615384614
LEU,HD12,13,0.6534424615384614
LEU,HD13,13,0.6534424615384614
LEU,HD21,13,2.2555734959195948
LEU,HD22,13,2.2555734959195948
LEU,HD23,13,2.2555734959195948
TRP,HE1,5,0.6523302752293556
VAL,HG11,13,0.8148763412323551
VAL,HG12,13,0.8148763412323551
VAL,HG13,13,0.8148763412323551
VAL,HG21,13,3.7885347380284173
VAL,HG22,13,3.7885347380284173
VAL,HG23,13,3.7885347380284173
