atomtype,entries_used,mean_red_ChiSq
C,157,0.5599697102058263
CA,157,0.8950410710073115
CB,144,1.7831514861111109
H,157,0.6765872756146373
N,157,0.619536938461581
