residue,atomtype,entries_used,mean_red_ChiSq
ILE,HD11,4,0.7537328957100591
ILE,HD12,4,0.7537328957100591
ILE,HD13,4,0.7537328957100591
LEU,HD11,13,1.3352320000000002
LEU,HD12,13,1.3352320000000002
LEU,HD13,13,1.3352320000000002
LEU,HD21,13,1.7852182356268242
LEU,HD22,13,1.7852182356268242
LEU,HD23,13,1.7852182356268242
TRP,HE1,5,0.9997097887383216
VAL,HG11,13,0.3613298440575932
VAL,HG12,13,0.3613298440575932
VAL,HG13,13,0.3613298440575932
VAL,HG21,13,2.156720272689103
VAL,HG22,13,2.156720272689103
VAL,HG23,13,2.156720272689103
