atomtype,entries_used,mean_red_ChiSq
C,157,0.7629600202976333
CA,157,1.7328824801446863
CB,144,2.139775291666665
H,157,1.1779651937869668
N,157,0.9438713953760697
