atomtype,Entries used,mean_red_ChiSq
C,159,0.6656601741449258
CA,159,3.632010621942697
CB,145,6.095829868965521
H,161,1.3669704288703985
HA,2,0.26654513888888837
N,159,1.7032817598512282
