residue,atomtype,Entries used,mean_red_ChiSq
ARG,HB2,1,0.04119694147632571
ARG,HB3,1,0.16883148710910684
ARG,HD2,1,2.2675736961466396e-05
ARG,HD3,1,2.2675736961466396e-05
ARG,HG2,1,0.000583444187728977
ARG,HG3,1,0.000583444187728977
GLN,HB2,1,3.1024018595041327
GLN,HB3,1,3.1024018595041327
GLN,HG2,1,0.2032000859083474
GLN,HG3,1,0.2032000859083474
GLU,HB2,1,0.03263267429760724
GLU,HB3,1,0.03263267429760724
GLU,HG2,1,0.6237409607437997
GLU,HG3,1,0.6237409607437997
ILE,HD11,4,5.61762088572485
ILE,HD12,4,5.61762088572485
ILE,HD13,4,5.61762088572485
LEU,HD11,13,6.288995692307692
LEU,HD12,13,6.288995692307692
LEU,HD13,13,6.288995692307692
LEU,HD21,11,1.439920758619685
LEU,HD22,11,1.439920758619685
LEU,HD23,11,1.439920758619685
TRP,HE1,5,0.5344964228600276
VAL,HG11,13,8.04522732922593
VAL,HG12,13,8.04522732922593
VAL,HG13,13,8.04522732922593
VAL,HG21,10,4.874446997989083
VAL,HG22,10,4.874446997989083
VAL,HG23,10,4.874446997989083
