atomtype,entries_used,mean_red_ChiSq
C,158,0.4839947190234806
CA,161,1.3479046008741655
CB,150,0.5391018533333332
H,156,0.9367993440667857
HA,151,0.9138115112214867
N,156,0.8229220094479831
