residue,atomtype,entries_used,mean_red_ChiSq
ILE,HD11,4,1.3644196098372774
ILE,HD12,4,1.3644196098372774
ILE,HD13,4,1.3644196098372774
LEU,HD11,13,0.41911876923076946
LEU,HD12,13,0.41911876923076946
LEU,HD13,13,0.41911876923076946
LEU,HD21,13,1.856831786490495
LEU,HD22,13,1.856831786490495
LEU,HD23,13,1.856831786490495
TRP,HE1,5,0.6266704822826344
VAL,HG11,13,0.6185978620907433
VAL,HG12,13,0.6185978620907433
VAL,HG13,13,0.6185978620907433
VAL,HG21,13,2.486295107506684
VAL,HG22,13,2.486295107506684
VAL,HG23,13,2.486295107506684
