atomtype,entries_used,mean_red_ChiSq
C,157,0.5810537598539358
CA,157,1.2101662734921748
CB,144,1.6717229722222213
H,157,0.7574086181892088
N,157,0.7125335316699375
