atomtype,entries_used,mean_red_ChiSq
C,159,0.48261765458789485
CA,162,1.3612938805060182
CB,149,0.49842972483221565
H,156,1.0542719904036837
HA,151,1.0023601913171456
N,156,0.8818550701342911
