atomtype,ChiSq
C,0.6793638434470551
CA,2.2286307150550986
CB,3.1591626074074095
H,1.2787365642427082
HA,0.1254340277777765
N,1.547432731518847
