atomtype,entries_used,mean_red_ChiSq
C,158,0.46326710594428844
CA,162,1.2995697607072099
CB,150,0.5229491333333338
H,156,0.9192071251265406
HA,151,0.8886757266372332
N,156,0.8322966871992847
