atomtype,Entries used,mean_red_ChiSq
C,157,0.6397124911535748
CA,157,1.1437617441220391
CB,144,1.7503802638888883
H,157,0.7858414085079556
N,157,0.7607072927256564
