residue,atomtype,Entries used,mean_red_ChiSq
ILE,HD11,4,1.3259176220414193
ILE,HD12,4,1.3259176220414193
ILE,HD13,4,1.3259176220414193
LEU,HD11,13,0.8845070769230771
LEU,HD12,13,0.8845070769230771
LEU,HD13,13,0.8845070769230771
LEU,HD21,13,2.8076546466227614
LEU,HD22,13,2.8076546466227614
LEU,HD23,13,2.8076546466227614
TRP,HE1,5,0.5796407709788716
VAL,HG11,13,0.8611585156916628
VAL,HG12,13,0.8611585156916628
VAL,HG13,13,0.8611585156916628
VAL,HG21,13,3.5076942412657726
VAL,HG22,13,3.5076942412657726
VAL,HG23,13,3.5076942412657726
