atomtype,Entries used,mean_red_ChiSq
C,159,0.5172023133589541
CA,162,0.9749185108977287
CB,150,0.5186177799999999
H,156,0.6890661965580848
HA,151,0.9139328090507726
N,156,0.7241150768423495
