atomtype,Entries used,mean_red_ChiSq
C,158,0.531752608439794
CA,162,1.4241055860387133
CB,150,0.49601454666666683
H,155,0.9370243374797185
HA,150,0.9001680555555555
N,156,0.9095281149826607
