residue,atomtype,Entries used,mean_red_ChiSq
ILE,CD,4,0.21169373355411303
LEU,CD1,13,3.4475966206910615
LEU,CD2,11,1.5123945583193419
VAL,CG1,13,2.1625890682998534
VAL,CG2,10,1.8005119523665818
