residue,atomtype,Entries used,mean_red_ChiSq
ARG,HB2,1,0.0008822664444661652
ARG,HB3,1,0.3412410547985498
ARG,HD2,1,0.05224489795918377
ARG,HD3,1,0.05224489795918377
ARG,HG2,1,0.004574202431795383
ARG,HG3,1,0.004574202431795383
GLN,HB2,1,5.667645919421487
GLN,HB3,1,5.667645919421487
GLN,HG2,1,1.3955810894252219
GLN,HG3,1,1.3955810894252219
GLU,HB2,1,0.03500520291363196
GLU,HB3,1,0.03500520291363196
GLU,HG2,1,0.7557141012396694
GLU,HG3,1,0.7557141012396694
ILE,HD11,4,2.4824854382396446
ILE,HD12,4,2.4824854382396446
ILE,HD13,4,2.4824854382396446
LEU,HD11,13,6.945026461538462
LEU,HD12,13,6.945026461538462
LEU,HD13,13,6.945026461538462
LEU,HD21,11,0.8188826253239008
LEU,HD22,11,0.8188826253239008
LEU,HD23,11,0.8188826253239008
TRP,HE1,5,0.4494766433801861
VAL,HG11,13,9.817995525306207
VAL,HG12,13,9.817995525306207
VAL,HG13,13,9.817995525306207
VAL,HG21,10,3.959539284688307
VAL,HG22,10,3.959539284688307
VAL,HG23,10,3.959539284688307
