atomtype,Entries used,mean_red_ChiSq
C,159,0.653305113945183
CA,159,3.7287120972125205
CB,145,5.8562519310344845
H,161,1.366516062064772
HA,2,0.5759027777777781
N,159,1.550577989083258
