residue,atomtype,Entries used,mean_red_ChiSq
ARG,HB2,1,0.022056661111655437
ARG,HB3,1,0.21654739731398925
ARG,HD2,1,0.019070294784579805
ARG,HD3,1,0.019070294784579805
ARG,HG2,1,0.03734042801465619
ARG,HG3,1,0.03734042801465619
GLN,HB2,1,2.182334710743797
GLN,HB3,1,2.182334710743797
GLN,HG2,1,0.13533249214744084
GLN,HG3,1,0.13533249214744084
GLU,HB2,1,0.2467845993756515
GLU,HB3,1,0.2467845993756515
GLU,HG2,1,0.5044227789256197
GLU,HG3,1,0.5044227789256197
ILE,HD11,4,1.6509973650147927
ILE,HD12,4,1.6509973650147927
ILE,HD13,4,1.6509973650147927
LEU,HD11,13,4.323058461538462
LEU,HD12,13,4.323058461538462
LEU,HD13,13,4.323058461538462
LEU,HD21,11,2.265120359175799
LEU,HD22,11,2.265120359175799
LEU,HD23,11,2.265120359175799
TRP,HE1,5,3.8792357545661105
VAL,HG11,13,5.559274575542371
VAL,HG12,13,5.559274575542371
VAL,HG13,13,5.559274575542371
VAL,HG21,10,3.5214270324619354
VAL,HG22,10,3.5214270324619354
VAL,HG23,10,3.5214270324619354
