atomtype,Entries used,mean_red_ChiSq
C,159,0.5984451493225423
CA,159,3.5915971426352993
CB,145,5.8488145172413795
H,161,1.3568353214260516
HA,2,0.284444444444445
N,159,1.5383343110101249
