residue,atomtype,entries_used,mean_red_ChiSq
ILE,HD11,4,1.242459088387574
ILE,HD12,4,1.242459088387574
ILE,HD13,4,1.242459088387574
LEU,HD11,13,0.4043544615384614
LEU,HD12,13,0.4043544615384614
LEU,HD13,13,0.4043544615384614
LEU,HD21,13,1.7525037763781557
LEU,HD22,13,1.7525037763781557
LEU,HD23,13,1.7525037763781557
TRP,HE1,5,0.6501688410066463
VAL,HG11,13,0.6688071514475568
VAL,HG12,13,0.6688071514475568
VAL,HG13,13,0.6688071514475568
VAL,HG21,13,3.1068672242724236
VAL,HG22,13,3.1068672242724236
VAL,HG23,13,3.1068672242724236
