atomtype,entries_used,mean_red_ChiSq
C,157,0.5679324120763556
CA,157,1.0701315719116145
CB,144,1.6382836874999998
H,156,0.7484125168143552
N,157,0.6389683214093835
