atomtype,Entries used,mean_red_ChiSq
C,158,0.5705847166061102
CA,162,1.471256470050297
CB,150,0.5425705533333337
H,155,1.090095849543782
HA,151,0.9418756898454747
N,156,1.0110381309407286
