atomtype,entries_used,mean_red_ChiSq
C,158,0.4866985716762385
CA,162,1.3010232967535424
CB,150,0.5199778266666669
H,155,1.0294311135923526
HA,151,0.9958943846578366
N,156,0.8528136041447726
