atomtype,entries_used,mean_red_ChiSq
C,157,0.5638393396880168
CA,157,0.9046203349846662
CB,144,1.7967844930555543
H,157,0.6777903704188528
N,157,0.6154815159381289
