residue,atomtype,entries_used,mean_red_ChiSq
ILE,HD11,4,1.2137400610207092
ILE,HD12,4,1.2137400610207092
ILE,HD13,4,1.2137400610207092
LEU,HD11,13,0.6184000000000001
LEU,HD12,13,0.6184000000000001
LEU,HD13,13,0.6184000000000001
LEU,HD21,13,2.1909142327344546
LEU,HD22,13,2.1909142327344546
LEU,HD23,13,2.1909142327344546
TRP,HE1,5,0.65009746654322
VAL,HG11,13,0.8335242580809878
VAL,HG12,13,0.8335242580809878
VAL,HG13,13,0.8335242580809878
VAL,HG21,13,3.8014261485426366
VAL,HG22,13,3.8014261485426366
VAL,HG23,13,3.8014261485426366
