atomtype,Entries used,mean_red_ChiSq
C,157,0.5359353651853823
CA,157,1.03577848549186
CB,144,1.5419278819444444
H,156,0.6583347894218633
N,157,0.596774547407355
