residue,atomtype,Entries used,mean_red_ChiSq
ILE,HD11,4,0.4524200258875739
ILE,HD12,4,0.4524200258875739
ILE,HD13,4,0.4524200258875739
LEU,HD11,13,0.47727261538461546
LEU,HD12,13,0.47727261538461546
LEU,HD13,13,0.47727261538461546
LEU,HD21,13,1.861307291046115
LEU,HD22,13,1.861307291046115
LEU,HD23,13,1.861307291046115
TRP,HE1,5,0.5931271778469803
VAL,HG11,13,0.6957880097018889
VAL,HG12,13,0.6957880097018889
VAL,HG13,13,0.6957880097018889
VAL,HG21,13,3.4463543853446175
VAL,HG22,13,3.4463543853446175
VAL,HG23,13,3.4463543853446175
