residue,atomtype,Entries used,mean_red_ChiSq
ILE,CD,4,0.30774596270467336
LEU,CD1,13,3.2720452266998867
LEU,CD2,11,1.818235227988158
VAL,CG1,13,2.2898433093816055
VAL,CG2,10,2.3890070921985824
