residue,atomtype,Entries used,mean_red_ChiSq
ILE,HD11,4,1.1205794656065087
ILE,HD12,4,1.1205794656065087
ILE,HD13,4,1.1205794656065087
LEU,HD11,13,0.7862621538461542
LEU,HD12,13,0.7862621538461542
LEU,HD13,13,0.7862621538461542
LEU,HD21,13,2.599168443584402
LEU,HD22,13,2.599168443584402
LEU,HD23,13,2.599168443584402
TRP,HE1,5,0.6173386078612902
VAL,HG11,13,0.7663467417376056
VAL,HG12,13,0.7663467417376056
VAL,HG13,13,0.7663467417376056
VAL,HG21,13,3.6381911144012546
VAL,HG22,13,3.6381911144012546
VAL,HG23,13,3.6381911144012546
