atomtype,Entries used,mean_red_ChiSq
C,157,0.645364098008571
CA,157,1.137621184241565
CB,144,1.7719064583333337
H,157,0.8007648479295063
N,157,0.7426393903703862
