atomtype,Entries used,mean_red_ChiSq
C,158,0.5605661956458025
CA,162,1.4617383554336214
CB,148,0.5374931554054053
H,156,1.0520794677649739
HA,151,0.956059602649007
N,156,0.9968412323607132
