atomtype,entries_used,mean_red_ChiSq
C,157,0.5726130315227673
CA,157,0.9045992922859164
CB,144,1.809318354166666
H,157,0.6798025098779507
N,157,0.6175167173430051
