residue,atomtype,entries_used,mean_red_ChiSq
ILE,HD11,4,1.1701934633875737
ILE,HD12,4,1.1701934633875737
ILE,HD13,4,1.1701934633875737
LEU,HD11,13,0.6285193846153848
LEU,HD12,13,0.6285193846153848
LEU,HD13,13,0.6285193846153848
LEU,HD21,13,2.193927118298213
LEU,HD22,13,2.193927118298213
LEU,HD23,13,2.193927118298213
TRP,HE1,5,0.6371800353505583
VAL,HG11,13,0.8070338692663787
VAL,HG12,13,0.8070338692663787
VAL,HG13,13,0.8070338692663787
VAL,HG21,13,3.7499364683004432
VAL,HG22,13,3.7499364683004432
VAL,HG23,13,3.7499364683004432
