atomtype,entries_used,mean_red_ChiSq
C,158,0.4893780033989688
CA,162,1.29850125743027
CB,150,0.5109017533333335
H,156,1.0188322863363422
HA,151,1.001906732891832
N,156,0.8765998059179876
