atomtype,entries_used,mean_red_ChiSq
C,158,0.4879231984489769
CA,162,1.3128350632525525
CB,150,0.522729553333334
H,156,1.021771713053486
HA,151,1.006694720382635
N,156,0.8621980664837802
