residue,atomtype,Entries used,mean_red_ChiSq
ILE,HD11,4,0.4466299926035503
ILE,HD12,4,0.4466299926035503
ILE,HD13,4,0.4466299926035503
LEU,HD11,13,0.5208320000000002
LEU,HD12,13,0.5208320000000002
LEU,HD13,13,0.5208320000000002
LEU,HD21,13,1.9684674135883886
LEU,HD22,13,1.9684674135883886
LEU,HD23,13,1.9684674135883886
TRP,HE1,5,0.5898937799848498
VAL,HG11,13,0.7245241438620776
VAL,HG12,13,0.7245241438620776
VAL,HG13,13,0.7245241438620776
VAL,HG21,13,3.4790814973592905
VAL,HG22,13,3.4790814973592905
VAL,HG23,13,3.4790814973592905
