atomtype,Entries used,mean_red_ChiSq
C,157,0.5595443291951719
CA,157,1.0963974286388287
CB,144,1.556970548611111
H,157,0.6444990406244726
N,157,0.6091246463667671
