residue,atomtype,Entries used,mean_red_ChiSq
ILE,HD11,4,1.0516364644970408
ILE,HD12,4,1.0516364644970408
ILE,HD13,4,1.0516364644970408
LEU,HD11,13,0.5181427692307694
LEU,HD12,13,0.5181427692307694
LEU,HD13,13,0.5181427692307694
LEU,HD21,13,2.0159080357766466
LEU,HD22,13,2.0159080357766466
LEU,HD23,13,2.0159080357766466
TRP,HE1,5,0.6116212440030295
VAL,HG11,13,1.1157407096353729
VAL,HG12,13,1.1157407096353729
VAL,HG13,13,1.1157407096353729
VAL,HG21,13,4.122591319912491
VAL,HG22,13,4.122591319912491
VAL,HG23,13,4.122591319912491
