atomtype,Entries used,mean_red_ChiSq
C,157,0.6849293391719742
CA,157,1.051266037587481
CB,144,1.880001173611111
H,157,0.7868949647425184
N,157,0.660064805554093
