residue,atomtype,entries_used,mean_red_ChiSq
ILE,HD11,4,1.0930623613165675
ILE,HD12,4,1.0930623613165675
ILE,HD13,4,1.0930623613165675
LEU,HD11,13,0.4220504615384616
LEU,HD12,13,0.4220504615384616
LEU,HD13,13,0.4220504615384616
LEU,HD21,13,1.8973687922574325
LEU,HD22,13,1.8973687922574325
LEU,HD23,13,1.8973687922574325
TRP,HE1,5,0.6080282804477724
VAL,HG11,13,0.6661078898392202
VAL,HG12,13,0.6661078898392202
VAL,HG13,13,0.6661078898392202
VAL,HG21,13,3.7400807681258703
VAL,HG22,13,3.7400807681258703
VAL,HG23,13,3.7400807681258703
