atomtype,entries_used,mean_red_ChiSq
C,157,0.5786473323110806
CA,157,0.9921112290634588
CB,144,1.632470881944444
H,157,0.8122964384260042
N,157,0.7033139425165235
