atomtype,ChiSq
C,0.6322974633487669
CA,2.4540509547325127
CB,3.0937703308823536
H,1.3231539869412134
HA,2.493767361111111
N,1.3909066571715913
