atomtype,Entries used,mean_red_ChiSq
C,157,0.6523949517624038
CA,157,1.1376741920264222
CB,144,1.778368305555556
H,157,0.8067931710375382
N,157,0.7416583045634249
