residue,atomtype,Entries used,mean_red_ChiSq
ILE,HD11,4,1.061217178254438
ILE,HD12,4,1.061217178254438
ILE,HD13,4,1.061217178254438
LEU,HD11,13,0.7409501538461539
LEU,HD12,13,0.7409501538461539
LEU,HD13,13,0.7409501538461539
LEU,HD21,13,2.495705953324925
LEU,HD22,13,2.495705953324925
LEU,HD23,13,2.495705953324925
TRP,HE1,5,0.6240545408635648
VAL,HG11,13,0.749395311649657
VAL,HG12,13,0.749395311649657
VAL,HG13,13,0.749395311649657
VAL,HG21,13,3.662440887896933
VAL,HG22,13,3.662440887896933
VAL,HG23,13,3.662440887896933
