atomtype,Entries used,mean_red_ChiSq
C,159,0.6953165036105297
CA,159,3.329780122680334
CB,145,6.071878806896553
H,161,1.3448634648912126
HA,2,0.14336805555555343
N,159,1.7681711609743933
