residue,atomtype,Entries used,mean_red_ChiSq
ARG,HB2,1,0.1003823154592689
ARG,HB3,1,0.0882266444466224
ARG,HD2,1,0.0008163265306120653
ARG,HD3,1,0.0008163265306120653
ARG,HG2,1,0.006744614810147185
ARG,HG3,1,0.006744614810147185
GLN,HB2,1,4.183884297520662
GLN,HB3,1,4.183884297520662
GLN,HG2,1,1.1726757765309144
GLN,HG3,1,1.1726757765309144
GLU,HB2,1,0.10405827263267448
GLU,HB3,1,0.10405827263267448
GLU,HG2,1,0.5206934400826427
GLU,HG3,1,0.5206934400826427
ILE,HD11,4,2.984802607248519
ILE,HD12,4,2.984802607248519
ILE,HD13,4,2.984802607248519
LEU,HD11,13,6.148605538461538
LEU,HD12,13,6.148605538461538
LEU,HD13,13,6.148605538461538
LEU,HD21,11,1.2744574409371716
LEU,HD22,11,1.2744574409371716
LEU,HD23,11,1.2744574409371716
TRP,HE1,5,0.5825307634037531
VAL,HG11,13,7.98320982013881
VAL,HG12,13,7.98320982013881
VAL,HG13,13,7.98320982013881
VAL,HG21,10,2.807519390979604
VAL,HG22,10,2.807519390979604
VAL,HG23,10,2.807519390979604
