atomtype,Entries used,mean_red_ChiSq
C,159,0.6642895684107879
CA,159,3.620221228356239
CB,145,6.109538317241381
H,161,1.360227956021217
HA,2,0.2914062499999995
N,159,1.7099829970278384
