residue,atomtype,Entries used,mean_red_ChiSq
ARG,HB2,1,0.06884129006960087
ARG,HB3,1,0.12354180962650707
ARG,HD2,1,0.0014512471655328827
ARG,HD3,1,0.0014512471655328827
ARG,HG2,1,0.0003734042801465619
ARG,HG3,1,0.0003734042801465619
GLN,HB2,1,2.9054752066115666
GLN,HB3,1,2.9054752066115666
GLN,HG2,1,0.15917205831029002
GLN,HG3,1,0.15917205831029002
GLU,HB2,1,0.005993756503642494
GLU,HB3,1,0.005993756503642494
GLU,HG2,1,0.6787512913223099
GLU,HG3,1,0.6787512913223099
ILE,HD11,4,5.600285456730768
ILE,HD12,4,5.600285456730768
ILE,HD13,4,5.600285456730768
LEU,HD11,13,6.166259692307691
LEU,HD12,13,6.166259692307691
LEU,HD13,13,6.166259692307691
LEU,HD21,11,1.513125162860782
LEU,HD22,11,1.513125162860782
LEU,HD23,11,1.513125162860782
TRP,HE1,5,0.5316865583705074
VAL,HG11,13,8.011143062544933
VAL,HG12,13,8.011143062544933
VAL,HG13,13,8.011143062544933
VAL,HG21,10,4.846294168342429
VAL,HG22,10,4.846294168342429
VAL,HG23,10,4.846294168342429
