atomtype,Entries used,mean_red_ChiSq
C,158,0.5177756442657063
CA,162,1.4315986434994654
CB,149,0.47887595302013464
H,156,0.9836050325193104
HA,151,0.9959303715967619
N,156,0.891153853361646
