atomtype,entries_used,mean_red_ChiSq
C,158,0.4718981634093217
CA,161,1.326011739897247
CB,150,0.5276170133333332
H,156,0.9301164870824143
HA,151,0.9115405399190587
N,156,0.8395377518104792
