residue,atomtype,Entries used,mean_red_ChiSq
ILE,HD11,4,1.5884511372041417
ILE,HD12,4,1.5884511372041417
ILE,HD13,4,1.5884511372041417
LEU,HD11,13,0.7084590769230767
LEU,HD12,13,0.7084590769230767
LEU,HD13,13,0.7084590769230767
LEU,HD21,13,2.5355102801024936
LEU,HD22,13,2.5355102801024936
LEU,HD23,13,2.5355102801024936
TRP,HE1,5,0.539774093089807
VAL,HG11,13,0.5333317656227957
VAL,HG12,13,0.5333317656227957
VAL,HG13,13,0.5333317656227957
VAL,HG21,13,2.4293168408724277
VAL,HG22,13,2.4293168408724277
VAL,HG23,13,2.4293168408724277
