atomtype,Entries used,mean_red_ChiSq
C,157,0.605887271958795
CA,157,1.021810749390579
CB,144,1.7486995694444427
H,157,0.7571661045908789
N,157,0.6761458277754088
