atomtype,Entries used,mean_red_ChiSq
C,159,0.5254612219989908
CA,162,1.3043410836762666
CB,150,0.4931246533333337
H,156,0.9250815756264641
HA,150,1.0279501157407405
N,156,0.8329038433908557
