atomtype,entries_used,mean_red_ChiSq
C,157,0.5531178460672731
CA,157,0.8805099709050856
CB,144,1.7792472013888885
H,157,0.6768838725012318
N,157,0.5975856326282326
