residue,atomtype,entries_used,mean_red_ChiSq
ILE,HD11,4,1.2614818324704136
ILE,HD12,4,1.2614818324704136
ILE,HD13,4,1.2614818324704136
LEU,HD11,13,0.6236172307692309
LEU,HD12,13,0.6236172307692309
LEU,HD13,13,0.6236172307692309
LEU,HD21,13,2.1943941155605957
LEU,HD22,13,2.1943941155605957
LEU,HD23,13,2.1943941155605957
TRP,HE1,5,0.6554815251241454
VAL,HG11,13,0.8220066246968162
VAL,HG12,13,0.8220066246968162
VAL,HG13,13,0.8220066246968162
VAL,HG21,13,3.8506977437959913
VAL,HG22,13,3.8506977437959913
VAL,HG23,13,3.8506977437959913
