atomtype,Entries used,mean_red_ChiSq
C,158,0.5292701832073361
CA,162,1.4830332266422792
CB,150,0.5441554133333338
H,156,0.9163806146080348
HA,151,0.9484611846946283
N,156,1.0155010429685747
