atomtype,Entries used,mean_red_ChiSq
C,157,0.6438776803442241
CA,157,1.1421444365809537
CB,144,1.7670026597222215
H,157,0.7976331155074355
N,157,0.7413342863421452
