residue,atomtype,Entries used,mean_red_ChiSq
ILE,HD11,4,1.188800157174556
ILE,HD12,4,1.188800157174556
ILE,HD13,4,1.188800157174556
LEU,HD11,13,0.8353932307692311
LEU,HD12,13,0.8353932307692311
LEU,HD13,13,0.8353932307692311
LEU,HD21,13,2.7024980929803872
LEU,HD22,13,2.7024980929803872
LEU,HD23,13,2.7024980929803872
TRP,HE1,5,0.6070627051594986
VAL,HG11,13,0.8314280051331324
VAL,HG12,13,0.8314280051331324
VAL,HG13,13,0.8314280051331324
VAL,HG21,13,3.6103587055001873
VAL,HG22,13,3.6103587055001873
VAL,HG23,13,3.6103587055001873
