residue,atomtype,Entries used,mean_red_ChiSq
ARG,HB2,1,0.00039211841976276914
ARG,HB3,1,0.35290657778649087
ARG,HD2,1,0.010975056689342204
ARG,HD3,1,0.010975056689342204
ARG,HG2,1,0.0003734042801465619
ARG,HG3,1,0.0003734042801465619
GLN,HB2,1,4.300910382231403
GLN,HB3,1,4.300910382231403
GLN,HG2,1,0.678702783967357
GLN,HG3,1,0.678702783967357
GLU,HB2,1,0.09993756503642102
GLU,HB3,1,0.09993756503642102
GLU,HG2,1,0.6418194731404958
GLU,HG3,1,0.6418194731404958
ILE,HD11,4,2.11940065643491
ILE,HD12,4,2.11940065643491
ILE,HD13,4,2.11940065643491
LEU,HD11,13,6.9983544615384625
LEU,HD12,13,6.9983544615384625
LEU,HD13,13,6.9983544615384625
LEU,HD21,11,0.8838375745922614
LEU,HD22,11,0.8838375745922614
LEU,HD23,11,0.8838375745922614
TRP,HE1,5,0.5822237185422101
VAL,HG11,13,10.181238536116693
VAL,HG12,13,10.181238536116693
VAL,HG13,13,10.181238536116693
VAL,HG21,10,4.125003590922148
VAL,HG22,10,4.125003590922148
VAL,HG23,10,4.125003590922148
