atomtype,Entries used,mean_red_ChiSq
C,159,0.663446505090653
CA,159,3.790711173227736
CB,145,5.846037131034484
H,160,1.3500865332612229
HA,2,0.5358506944444422
N,159,1.5553724960365471
