atomtype,entries_used,mean_red_ChiSq
C,158,0.49771983110153983
CA,162,1.3787250647767098
CB,150,0.5248125133333332
H,155,1.0539369493536173
HA,151,1.0277047691317147
N,156,0.9561422115642898
