atomtype,entries_used,mean_red_ChiSq
C,158,0.4954314211693216
CA,161,1.29670802852542
CB,149,0.5111053087248325
H,156,1.0044674182856985
HA,150,1.0247659722222222
N,155,0.9016976939180542
