residue,atomtype,Entries used,mean_red_ChiSq
ARG,HB2,1,0.003529065777864922
ARG,HB3,1,0.30742084109400974
ARG,HD2,1,0.05009070294784519
ARG,HD3,1,0.05009070294784519
ARG,HG2,1,0.004574202431795383
ARG,HG3,1,0.004574202431795383
GLN,HB2,1,5.6406249999999964
GLN,HB3,1,5.6406249999999964
GLN,HG2,1,1.3112029853150429
GLN,HG3,1,1.3112029853150429
GLU,HB2,1,0.026014568158168848
GLU,HB3,1,0.026014568158168848
GLU,HG2,1,0.775600464876031
GLU,HG3,1,0.775600464876031
ILE,HD11,4,2.468593981139054
ILE,HD12,4,2.468593981139054
ILE,HD13,4,2.468593981139054
LEU,HD11,13,6.939372307692309
LEU,HD12,13,6.939372307692309
LEU,HD13,13,6.939372307692309
LEU,HD21,11,0.8269831790100978
LEU,HD22,11,0.8269831790100978
LEU,HD23,11,0.8269831790100978
TRP,HE1,5,0.45879841764161106
VAL,HG11,13,9.827779718752732
VAL,HG12,13,9.827779718752732
VAL,HG13,13,9.827779718752732
VAL,HG21,10,3.9894732117207687
VAL,HG22,10,3.9894732117207687
VAL,HG23,10,3.9894732117207687
