atomtype,Entries used,mean_red_ChiSq
C,159,0.6555395866090168
CA,159,3.725531081605715
CB,145,5.8745453034482775
H,161,1.3763515951210818
HA,2,0.5318402777777754
N,159,1.549373939155855
