residue,atomtype,Entries used,mean_red_ChiSq
ILE,CD,4,0.12252659652727069
ILE,CG2,4,0.9233969672886977
LEU,CD1,13,1.2025616513068267
LEU,CD2,13,1.4874249467268794
THR,CG2,6,1.6291080191115697
VAL,CG1,13,1.2463850132650516
VAL,CG2,13,1.419133628744879
