residue,atomtype,entries_used,mean_red_ChiSq
ILE,HD11,4,1.2685893583579881
ILE,HD12,4,1.2685893583579881
ILE,HD13,4,1.2685893583579881
LEU,HD11,13,0.40505353846153846
LEU,HD12,13,0.40505353846153846
LEU,HD13,13,0.40505353846153846
LEU,HD21,13,1.751356140877051
LEU,HD22,13,1.751356140877051
LEU,HD23,13,1.751356140877051
TRP,HE1,5,0.653150408214794
VAL,HG11,13,0.6718188353702375
VAL,HG12,13,0.6718188353702375
VAL,HG13,13,0.6718188353702375
VAL,HG21,13,3.088820078226857
VAL,HG22,13,3.088820078226857
VAL,HG23,13,3.088820078226857
