atomtype,entries_used,mean_red_ChiSq
C,157,0.5681145132991281
CA,157,1.0718841629315083
CB,144,1.6405784652777766
H,157,0.7471372716531225
N,157,0.6373099643254325
