atomtype,entries_used,mean_red_ChiSq
C,157,0.5949269739816788
CA,157,0.9957642997562316
CB,144,1.7297237708333335
H,157,0.7222531717953931
N,157,0.7203643933753946
