residue,atomtype,entries_used,mean_red_ChiSq
ILE,HD11,4,1.076177653476331
ILE,HD12,4,1.076177653476331
ILE,HD13,4,1.076177653476331
LEU,HD11,12,0.6488866666666668
LEU,HD12,12,0.6488866666666668
LEU,HD13,12,0.6488866666666668
LEU,HD21,13,2.309576730663095
LEU,HD22,13,2.309576730663095
LEU,HD23,13,2.309576730663095
TRP,HE1,5,0.6346637488426887
VAL,HG11,13,0.7924474425042162
VAL,HG12,13,0.7924474425042162
VAL,HG13,13,0.7924474425042162
VAL,HG21,13,3.875649128234592
VAL,HG22,13,3.875649128234592
VAL,HG23,13,3.875649128234592
