residue,atomtype,entries_used,mean_red_ChiSq
ILE,CD,4,0.49916628101590554
ILE,CG2,4,0.221790522094686
LEU,CD1,13,1.2417775879875337
LEU,CD2,13,1.202558180866969
THR,CG2,6,3.968824990853135
VAL,CG1,13,1.1136936026229167
VAL,CG2,13,1.163328898290985
