atomtype,Entries used,mean_red_ChiSq
C,157,0.5757178198965965
CA,157,1.187701604151923
CB,144,1.5618523402777778
H,157,0.6481740861818921
N,157,0.5979638938097039
