residue,atomtype,Entries used,mean_red_ChiSq
ILE,HD11,4,0.6387990014792899
ILE,HD12,4,0.6387990014792899
ILE,HD13,4,0.6387990014792899
LEU,HD11,13,0.7628209230769234
LEU,HD12,13,0.7628209230769234
LEU,HD13,13,0.7628209230769234
LEU,HD21,13,2.568735560403563
LEU,HD22,13,2.568735560403563
LEU,HD23,13,2.568735560403563
TRP,HE1,5,0.6654247958926007
VAL,HG11,13,0.6101641392933213
VAL,HG12,13,0.6101641392933213
VAL,HG13,13,0.6101641392933213
VAL,HG21,13,3.304510198218902
VAL,HG22,13,3.304510198218902
VAL,HG23,13,3.304510198218902
