atomtype,entries_used,mean_red_ChiSq
C,157,0.5782402216275491
CA,157,1.0042552567429412
CB,144,1.684650006944444
H,157,0.7578326725067425
N,157,0.705834105325379
