residue,atomtype,entries_used,mean_red_ChiSq
ILE,HD11,4,1.1411566198224852
ILE,HD12,4,1.1411566198224852
ILE,HD13,4,1.1411566198224852
LEU,HD11,13,0.5366227692307695
LEU,HD12,13,0.5366227692307695
LEU,HD13,13,0.5366227692307695
LEU,HD21,13,2.2292710049479805
LEU,HD22,13,2.2292710049479805
LEU,HD23,13,2.2292710049479805
TRP,HE1,5,0.6291275145189775
VAL,HG11,13,0.7928337711724909
VAL,HG12,13,0.7928337711724909
VAL,HG13,13,0.7928337711724909
VAL,HG21,13,3.8583104987514645
VAL,HG22,13,3.8583104987514645
VAL,HG23,13,3.8583104987514645
