atomtype,Entries used,mean_red_ChiSq
C,159,0.45300995989110127
CA,162,0.7953460829141887
CB,150,0.48689958000000017
H,156,0.6903698464866669
HA,150,0.9020164351851855
N,156,0.7315806355741419
