residue,atomtype,Entries used,mean_red_ChiSq
ILE,HD11,4,1.225256564349112
ILE,HD12,4,1.225256564349112
ILE,HD13,4,1.225256564349112
LEU,HD11,13,0.8513599999999999
LEU,HD12,13,0.8513599999999999
LEU,HD13,13,0.8513599999999999
LEU,HD21,13,2.73483320254671
LEU,HD22,13,2.73483320254671
LEU,HD23,13,2.73483320254671
TRP,HE1,5,0.5959666694722658
VAL,HG11,13,0.8555903437989212
VAL,HG12,13,0.8555903437989212
VAL,HG13,13,0.8555903437989212
VAL,HG21,13,3.61009491083464
VAL,HG22,13,3.61009491083464
VAL,HG23,13,3.61009491083464
