atomtype,Entries used,mean_red_ChiSq
C,157,0.6424135569021796
CA,157,1.1498925532751432
CB,144,1.7579568888888886
H,157,0.7932566407043916
N,157,0.7508535337421106
