atomtype,Entries used,mean_red_ChiSq
C,159,0.699511147022283
CA,159,3.4040915055516723
CB,145,6.1114273103448316
H,161,1.348214445276782
HA,2,0.10017361111111125
N,159,1.7941521408882342
