residue,atomtype,Entries used,mean_red_ChiSq
ARG,HB2,1,0.03727575727869803
ARG,HB3,1,0.17706597392412496
ARG,HD2,1,0.005102040816326616
ARG,HD3,1,0.005102040816326616
ARG,HG2,1,0.0003734042801465619
ARG,HG3,1,0.0003734042801465619
GLN,HB2,1,3.34723657024793
GLN,HB3,1,3.34723657024793
GLN,HG2,1,0.45370345512631444
GLN,HG3,1,0.45370345512631444
GLU,HB2,1,0.11691987513007353
GLU,HB3,1,0.11691987513007353
GLU,HG2,1,0.5044227789256197
GLU,HG3,1,0.5044227789256197
ILE,HD11,4,3.0000982340976328
ILE,HD12,4,3.0000982340976328
ILE,HD13,4,3.0000982340976328
LEU,HD11,13,5.88459323076923
LEU,HD12,13,5.88459323076923
LEU,HD13,13,5.88459323076923
LEU,HD21,11,1.546252462131328
LEU,HD22,11,1.546252462131328
LEU,HD23,11,1.546252462131328
TRP,HE1,5,0.5856126588670982
VAL,HG11,13,7.789449196100433
VAL,HG12,13,7.789449196100433
VAL,HG13,13,7.789449196100433
VAL,HG21,10,2.766428468830795
VAL,HG22,10,2.766428468830795
VAL,HG23,10,2.766428468830795
