atomtype,Entries used,mean_red_ChiSq
C,156,0.5889132890402433
CA,157,1.3754132499803398
CB,144,1.6054024583333308
H,156,0.7279424429005281
N,157,0.6315939764686566
