residue,atomtype,Entries used,mean_red_ChiSq
ILE,HD11,4,0.8367175943047336
ILE,HD12,4,0.8367175943047336
ILE,HD13,4,0.8367175943047336
LEU,HD11,13,1.2592036923076921
LEU,HD12,13,1.2592036923076921
LEU,HD13,13,1.2592036923076921
LEU,HD21,13,3.4098797995609402
LEU,HD22,13,3.4098797995609402
LEU,HD23,13,3.4098797995609402
TRP,HE1,5,0.7473370928373024
VAL,HG11,13,0.5490671002506097
VAL,HG12,13,0.5490671002506097
VAL,HG13,13,0.5490671002506097
VAL,HG21,13,3.1770241751928046
VAL,HG22,13,3.1770241751928046
VAL,HG23,13,3.1770241751928046
