residue,atomtype,Entries used,mean_red_ChiSq
ARG,HB2,1,0.058842270365650276
ARG,HB3,1,0.13785413194784812
ARG,HD2,1,0.0008163265306123069
ARG,HD3,1,0.0008163265306123069
ARG,HG2,1,0.0028238698686083173
ARG,HG3,1,0.0028238698686083173
GLN,HB2,1,3.388946280991736
GLN,HB3,1,3.388946280991736
GLN,HG2,1,0.4677709468710577
GLN,HG3,1,0.4677709468710577
GLU,HB2,1,0.13053069719042687
GLU,HB3,1,0.13053069719042687
GLU,HG2,1,0.48841038223140304
GLU,HG3,1,0.48841038223140304
ILE,HD11,4,3.0955124352810643
ILE,HD12,4,3.0955124352810643
ILE,HD13,4,3.0955124352810643
LEU,HD11,13,5.946233846153846
LEU,HD12,13,5.946233846153846
LEU,HD13,13,5.946233846153846
LEU,HD21,11,1.466059408376345
LEU,HD22,11,1.466059408376345
LEU,HD23,11,1.466059408376345
TRP,HE1,5,0.5912795219257637
VAL,HG11,13,7.898126809865827
VAL,HG12,13,7.898126809865827
VAL,HG13,13,7.898126809865827
VAL,HG21,10,2.7366435650675087
VAL,HG22,10,2.7366435650675087
VAL,HG23,10,2.7366435650675087
