atomtype,Entries used,mean_red_ChiSq
C,159,0.7073049938368671
CA,159,3.400782335585061
CB,145,6.105855241379309
H,161,1.3424055977882956
HA,2,0.09946180555555545
N,159,1.797261877947985
