atomtype,Entries used,mean_red_ChiSq
C,158,0.5666247686406083
CA,162,1.4632987730528888
CB,150,0.5395776200000009
H,156,1.076827980474547
HA,151,0.9480825745033117
N,156,1.0093429814533716
