atomtype,entries_used,mean_red_ChiSq
C,158,0.5003035722134307
CA,162,1.431207696997407
CB,149,0.5544413154362424
H,156,1.025652396999071
HA,151,1.096935361479029
N,156,0.899197886048536
