atomtype,Entries used,mean_red_ChiSq
C,157,0.5321350572806096
CA,157,1.023333797279233
CB,144,1.5357312430555554
H,157,0.6531531246016957
N,157,0.5987461166144261
