residue,atomtype,Entries used,mean_red_ChiSq
ILE,HD11,4,0.4505824704142012
ILE,HD12,4,0.4505824704142012
ILE,HD13,4,0.4505824704142012
LEU,HD11,13,0.45879138461538466
LEU,HD12,13,0.45879138461538466
LEU,HD13,13,0.45879138461538466
LEU,HD21,13,1.794867686391481
LEU,HD22,13,1.794867686391481
LEU,HD23,13,1.794867686391481
TRP,HE1,5,0.5945391802036861
VAL,HG11,13,0.7003315707787714
VAL,HG12,13,0.7003315707787714
VAL,HG13,13,0.7003315707787714
VAL,HG21,13,3.460658685612003
VAL,HG22,13,3.460658685612003
VAL,HG23,13,3.460658685612003
