atomtype,Entries used,mean_red_ChiSq
C,158,0.5509245096890133
CA,162,1.5016925240054861
CB,149,0.5312583691275167
H,156,0.9351459555407643
HA,151,0.9395123942236943
N,156,0.9712565224578217
