atomtype,Entries used,mean_red_ChiSq
C,157,0.6864784865976657
CA,157,1.0670356451993392
CB,144,1.9159598749999995
H,157,0.8058897389878505
N,157,0.6775267571189478
