residue,atomtype,Entries used,mean_red_ChiSq
ILE,HD11,4,1.007165310650887
ILE,HD12,4,1.007165310650887
ILE,HD13,4,1.007165310650887
LEU,HD11,13,0.6203680000000001
LEU,HD12,13,0.6203680000000001
LEU,HD13,13,0.6203680000000001
LEU,HD21,13,2.1769385521989273
LEU,HD22,13,2.1769385521989273
LEU,HD23,13,2.1769385521989273
TRP,HE1,5,0.6099190303846468
VAL,HG11,13,1.1441190698549417
VAL,HG12,13,1.1441190698549417
VAL,HG13,13,1.1441190698549417
VAL,HG21,13,4.118880239984089
VAL,HG22,13,4.118880239984089
VAL,HG23,13,4.118880239984089
