atomtype,ChiSq
C,0.6131683542288102
CA,2.417276070925511
CB,3.0229167259259264
H,1.3649783845930683
HA,0.24094618055555667
N,1.4284560173839354
