residue,atomtype,entries_used,mean_red_ChiSq
ILE,HD11,4,1.0884684726331355
ILE,HD12,4,1.0884684726331355
ILE,HD13,4,1.0884684726331355
LEU,HD11,13,0.6036320000000001
LEU,HD12,13,0.6036320000000001
LEU,HD13,13,0.6036320000000001
LEU,HD21,13,2.3496453696742106
LEU,HD22,13,2.3496453696742106
LEU,HD23,13,2.3496453696742106
TRP,HE1,5,0.6290440198636454
VAL,HG11,13,0.7996936245691596
VAL,HG12,13,0.7996936245691596
VAL,HG13,13,0.7996936245691596
VAL,HG21,13,3.919640686805294
VAL,HG22,13,3.919640686805294
VAL,HG23,13,3.919640686805294
