atomtype,entries_used,mean_red_ChiSq
C,157,0.5850094884062678
CA,157,0.9862117873712344
CB,144,1.697408715277777
H,157,0.7378168953436701
N,157,0.7196654203784653
