atomtype,Entries used,mean_red_ChiSq
C,157,0.7299634685607833
CA,157,2.1374521113470175
CB,144,2.081603729166665
H,157,1.5339938958224963
N,157,1.0026654644240884
