residue,atomtype,Entries used,mean_red_ChiSq
ILE,HD11,4,0.6863443047337278
ILE,HD12,4,0.6863443047337278
ILE,HD13,4,0.6863443047337278
LEU,HD11,13,1.621682461538462
LEU,HD12,13,1.621682461538462
LEU,HD13,13,1.621682461538462
LEU,HD21,13,3.5072726949028827
LEU,HD22,13,3.5072726949028827
LEU,HD23,13,3.5072726949028827
TRP,HE1,5,0.6346933759784511
VAL,HG11,13,2.50246578471751
VAL,HG12,13,2.50246578471751
VAL,HG13,13,2.50246578471751
VAL,HG21,13,4.539348220007512
VAL,HG22,13,4.539348220007512
VAL,HG23,13,4.539348220007512
