atomtype,Entries used,mean_red_ChiSq
C,158,0.5759609442149155
CA,162,1.4371154397195547
CB,150,0.5516666866666666
H,156,1.0785466503030048
HA,151,0.9533739192420899
N,156,0.9835478062101441
