atomtype,entries_used,mean_red_ChiSq
C,159,0.5046521984674666
CA,162,1.4552858710562409
CB,150,0.5041269600000001
H,156,1.1352123115752104
HA,151,1.017180256622516
N,156,0.9278639386106919
