atomtype,Entries used,mean_red_ChiSq
C,158,0.554480650052741
CA,161,1.5509513304194456
CB,150,0.5384550066666671
H,156,1.1371648569566357
HA,151,0.9537282698675493
N,156,0.900647875453071
