atomtype,Entries used,mean_red_ChiSq
C,157,0.5579298963739482
CA,162,1.5082348727328145
CB,150,0.5045636133333339
H,156,1.091617055650317
HA,150,1.004310648148148
N,156,0.9280741612884472
