atomtype,entries_used,mean_red_ChiSq
C,157,0.5788225406935619
CA,157,1.2164943382873326
CB,144,1.6618336666666664
H,156,0.7705354592225877
N,157,0.7328535249091126
