residue,atomtype,Entries used,mean_red_ChiSq
ARG,HB2,1,0.026688559945103295
ARG,HB3,1,0.6040829330457784
ARG,HD2,1,0.0014512471655328827
ARG,HD3,1,0.0014512471655328827
ARG,HG2,1,0.010291955471539502
ARG,HG3,1,0.010291955471539502
GLN,HB2,1,6.860827737603301
GLN,HB3,1,6.860827737603301
GLN,HG2,1,2.400091277618197
GLN,HG3,1,2.400091277618197
GLU,HB2,1,0.03263267429760724
GLU,HB3,1,0.03263267429760724
GLU,HG2,1,0.7071280991735506
GLU,HG3,1,0.7071280991735506
ILE,HD11,4,3.113090560281065
ILE,HD12,4,3.113090560281065
ILE,HD13,4,3.113090560281065
LEU,HD11,13,6.965064615384615
LEU,HD12,13,6.965064615384615
LEU,HD13,13,6.965064615384615
LEU,HD21,11,0.798625576385551
LEU,HD22,11,0.798625576385551
LEU,HD23,11,0.798625576385551
TRP,HE1,5,0.38236512078107865
VAL,HG11,13,9.362147853020419
VAL,HG12,13,9.362147853020419
VAL,HG13,13,9.362147853020419
VAL,HG21,10,3.736341927607009
VAL,HG22,10,3.736341927607009
VAL,HG23,10,3.736341927607009
