atomtype,Entries used,mean_red_ChiSq
C,159,0.6640104075675531
CA,159,3.7581514248000656
CB,145,5.861600006896554
H,161,1.3481541474491836
HA,2,0.7562586805555547
N,159,1.542266410384518
