atomtype,Entries used,mean_red_ChiSq
C,158,0.5758255470825523
CA,162,1.440752065233959
CB,150,0.554229646666667
H,156,1.081325283243888
HA,150,0.9727979166666664
N,156,0.98562629049642
