atomtype,Entries used,mean_red_ChiSq
C,158,0.5530618431590878
CA,162,1.519185162322817
CB,150,0.5375428800000002
H,156,0.9434736725326232
HA,150,0.9514703703703704
N,156,0.9770847406561695
