residue,atomtype,Entries used,mean_red_ChiSq
ILE,CD,4,0.5542245031346942
LEU,CD1,13,3.4975921605860067
LEU,CD2,11,1.5336187866648887
VAL,CG1,13,2.410597219621219
VAL,CG2,10,2.025684305995675
