atomtype,Entries used,mean_red_ChiSq
C,157,0.513934168460525
CA,157,0.9613024612723129
CB,144,1.5181348611111092
H,157,0.6546182305463786
N,157,0.6018848148478388
