residue,atomtype,Entries used,mean_red_ChiSq
ILE,HD11,4,0.4682010447485206
ILE,HD12,4,0.4682010447485206
ILE,HD13,4,0.4682010447485206
LEU,HD11,13,0.4704972307692307
LEU,HD12,13,0.4704972307692307
LEU,HD13,13,0.4704972307692307
LEU,HD21,13,1.784611550033758
LEU,HD22,13,1.784611550033758
LEU,HD23,13,1.784611550033758
TRP,HE1,5,0.5987980809696144
VAL,HG11,13,0.7019205573882839
VAL,HG12,13,0.7019205573882839
VAL,HG13,13,0.7019205573882839
VAL,HG21,13,3.478342596070978
VAL,HG22,13,3.478342596070978
VAL,HG23,13,3.478342596070978
