atomtype,Entries used,mean_red_ChiSq
C,158,0.5632242769866391
CA,162,1.4823309327846366
CB,150,0.5358708866666669
H,156,1.073648125806049
HA,151,0.9652583471302437
N,156,1.015063235225573
