atomtype,Entries used,mean_red_ChiSq
C,159,0.660310795432486
CA,162,2.1270181755829896
CB,149,0.8902952751677861
H,156,1.287532588648056
HA,151,1.4252896201250926
N,156,1.1312209243378066
