residue,atomtype,Entries used,mean_red_ChiSq
ILE,HD11,4,1.3046932784763314
ILE,HD12,4,1.3046932784763314
ILE,HD13,4,1.3046932784763314
LEU,HD11,13,0.8739458461538463
LEU,HD12,13,0.8739458461538463
LEU,HD13,13,0.8739458461538463
LEU,HD21,13,2.7783461175545785
LEU,HD22,13,2.7783461175545785
LEU,HD23,13,2.7783461175545785
TRP,HE1,5,0.5771137109670905
VAL,HG11,13,0.8728441180620412
VAL,HG12,13,0.8728441180620412
VAL,HG13,13,0.8728441180620412
VAL,HG21,13,3.507110025854639
VAL,HG22,13,3.507110025854639
VAL,HG23,13,3.507110025854639
