atomtype,Entries used,mean_red_ChiSq
C,157,0.639130875501299
CA,157,1.1378578595580726
CB,144,1.7473689166666668
H,157,0.7845070669978266
N,157,0.7568189535118155
