residue,atomtype,Entries used,mean_red_ChiSq
ILE,HD11,4,1.2324218749999998
ILE,HD12,4,1.2324218749999998
ILE,HD13,4,1.2324218749999998
LEU,HD11,13,0.6895261538461539
LEU,HD12,13,0.6895261538461539
LEU,HD13,13,0.6895261538461539
LEU,HD21,13,2.2778880219995434
LEU,HD22,13,2.2778880219995434
LEU,HD23,13,2.2778880219995434
TRP,HE1,5,0.6284945711640411
VAL,HG11,13,1.116073288228062
VAL,HG12,13,1.116073288228062
VAL,HG13,13,1.116073288228062
VAL,HG21,13,4.155741055841601
VAL,HG22,13,4.155741055841601
VAL,HG23,13,4.155741055841601
