atomtype,Entries used,mean_red_ChiSq
C,157,0.6408347524475135
CA,157,0.9509038531100074
CB,144,1.838134194444443
H,157,0.7116837815586321
N,157,0.6106568610845217
