atomtype,Entries used,mean_red_ChiSq
C,158,0.5760244215404765
CA,162,1.4376419600670642
CB,150,0.5538382266666666
H,156,1.0784612611113422
HA,151,0.9622509657836636
N,156,0.9830780306754332
