atomtype,entries_used,mean_red_ChiSq
C,158,0.49727426587650253
CA,162,1.4322907407407413
CB,150,0.5324803733333332
H,156,1.045560836765542
HA,151,1.066058567880795
N,156,0.9566741759923587
