residue,atomtype,Entries used,mean_red_ChiSq
ILE,HD11,4,1.0505443324704136
ILE,HD12,4,1.0505443324704136
ILE,HD13,4,1.0505443324704136
LEU,HD11,13,0.5245403076923078
LEU,HD12,13,0.5245403076923078
LEU,HD13,13,0.5245403076923078
LEU,HD21,13,2.0305753104984
LEU,HD22,13,2.0305753104984
LEU,HD23,13,2.0305753104984
TRP,HE1,5,0.6111842437505257
VAL,HG11,13,1.1170155942406796
VAL,HG12,13,1.1170155942406796
VAL,HG13,13,1.1170155942406796
VAL,HG21,13,4.122319238503523
VAL,HG22,13,4.122319238503523
VAL,HG23,13,4.122319238503523
