atomtype,Entries used,mean_red_ChiSq
C,157,0.6856175235413243
CA,157,1.052891696154752
CB,144,1.8857356874999998
H,157,0.7898546640807733
N,157,0.6643952291309394
