atomtype,Entries used,mean_red_ChiSq
C,159,0.5903417475881265
CA,162,1.5334816567596394
CB,150,0.5048799000000005
H,156,0.9943098833742428
HA,151,1.1015031732891833
N,156,0.8690329848122056
