atomtype,Entries used,mean_red_ChiSq
C,159,0.4556443568502982
CA,162,0.8000982548392
CB,150,0.48687727333333336
H,156,0.6930479399814177
HA,150,0.9014798611111111
N,156,0.7316761401176983
