atomtype,Entries used,mean_red_ChiSq
C,158,0.5759388521399827
CA,162,1.4472312680993737
CB,150,0.5550404200000015
H,156,1.0856126665834622
HA,151,0.9735643165930826
N,156,0.9896494042273267
