atomtype,Entries used,mean_red_ChiSq
C,157,0.5010970704814437
CA,157,0.8826172996775972
CB,144,1.5274836805555558
H,157,0.643957449886838
N,157,0.6040586047898479
