residue,atomtype,Entries used,mean_red_ChiSq
ILE,HD11,4,0.4817053439349112
ILE,HD12,4,0.4817053439349112
ILE,HD13,4,0.4817053439349112
LEU,HD11,13,0.4670326153846155
LEU,HD12,13,0.4670326153846155
LEU,HD13,13,0.4670326153846155
LEU,HD21,13,1.7476448136598752
LEU,HD22,13,1.7476448136598752
LEU,HD23,13,1.7476448136598752
TRP,HE1,5,0.610319670061441
VAL,HG11,12,0.7622845517803594
VAL,HG12,12,0.7622845517803594
VAL,HG13,12,0.7622845517803594
VAL,HG21,11,4.096408098508786
VAL,HG22,11,4.096408098508786
VAL,HG23,11,4.096408098508786
