atomtype,entries_used,mean_red_ChiSq
C,157,0.5714786002496658
CA,157,0.9985481638751275
CB,144,1.6540298194444434
H,157,0.7936144516057907
N,157,0.7104891988554818
