residue,atomtype,entries_used,mean_red_ChiSq
ILE,HD11,4,1.1437800480769227
ILE,HD12,4,1.1437800480769227
ILE,HD13,4,1.1437800480769227
LEU,HD11,13,0.42830892307692314
LEU,HD12,13,0.42830892307692314
LEU,HD13,13,0.42830892307692314
LEU,HD21,13,1.926529416034303
LEU,HD22,13,1.926529416034303
LEU,HD23,13,1.926529416034303
TRP,HE1,5,0.6201087450551304
VAL,HG11,13,0.7565642279809457
VAL,HG12,13,0.7565642279809457
VAL,HG13,13,0.7565642279809457
VAL,HG21,13,3.7182521048328283
VAL,HG22,13,3.7182521048328283
VAL,HG23,13,3.7182521048328283
