atomtype,entries_used,mean_red_ChiSq
C,157,0.5705811549009225
CA,157,1.09949692537548
CB,144,1.6405416319444432
H,157,0.749046962896108
N,157,0.6659422725416607
