residue,atomtype,entries_used,mean_red_ChiSq
ILE,HD11,4,1.2685720229289938
ILE,HD12,4,1.2685720229289938
ILE,HD13,4,1.2685720229289938
LEU,HD11,13,0.4099667692307692
LEU,HD12,13,0.4099667692307692
LEU,HD13,13,0.4099667692307692
LEU,HD21,13,1.7842486342726689
LEU,HD22,13,1.7842486342726689
LEU,HD23,13,1.7842486342726689
TRP,HE1,5,0.6566295766349632
VAL,HG11,13,0.6768461471273945
VAL,HG12,13,0.6768461471273945
VAL,HG13,13,0.6768461471273945
VAL,HG21,13,2.994929894150663
VAL,HG22,13,2.994929894150663
VAL,HG23,13,2.994929894150663
