atomtype,entries_used,mean_red_ChiSq
C,156,0.5486429305407187
CA,157,1.0587762679877344
CB,144,1.7406420069444426
H,157,0.738572890148918
N,157,0.6720845002737631
