residue,atomtype,entries_used,mean_red_ChiSq
ILE,HD11,4,1.539917714497041
ILE,HD12,4,1.539917714497041
ILE,HD13,4,1.539917714497041
LEU,HD11,13,0.6079310769230771
LEU,HD12,13,0.6079310769230771
LEU,HD13,13,0.6079310769230771
LEU,HD21,13,2.212557707029747
LEU,HD22,13,2.212557707029747
LEU,HD23,13,2.212557707029747
TRP,HE1,5,0.6146964060264292
VAL,HG11,13,0.8392083285742122
VAL,HG12,13,0.8392083285742122
VAL,HG13,13,0.8392083285742122
VAL,HG21,13,3.7674836474929836
VAL,HG22,13,3.7674836474929836
VAL,HG23,13,3.7674836474929836
