atomtype,entries_used,mean_red_ChiSq
C,158,0.4935493399847639
CA,162,1.2921276787075133
CB,150,0.5078301399999994
H,156,1.004149678967148
HA,150,1.024285300925926
N,156,0.8943958698828831
