atomtype,entries_used,mean_red_ChiSq
C,158,0.47471921271878437
CA,162,1.3212565919829282
CB,149,0.5429233422818799
H,156,0.914519074759745
HA,151,0.915498068432671
N,156,0.8612063633816885
