atomtype,Entries used,mean_red_ChiSq
C,158,0.5785356354508511
CA,162,1.4407776024996177
CB,150,0.553682786666667
H,156,1.081588696592753
HA,151,0.9756966289551141
N,156,0.9921782690613861
