residue,atomtype,Entries used,mean_red_ChiSq
ARG,HB2,1,0.025095578864817225
ARG,HB3,1,0.20743064405450387
ARG,HD2,1,0.02321995464852548
ARG,HD3,1,0.02321995464852548
ARG,HG2,1,0.03369973628322721
ARG,HG3,1,0.03369973628322721
GLN,HB2,1,2.2160382231404956
GLN,HB3,1,2.2160382231404956
GLN,HG2,1,0.14306424333539136
GLN,HG3,1,0.14306424333539136
GLU,HB2,1,0.24041623309053112
GLU,HB3,1,0.24041623309053112
GLU,HG2,1,0.4963842975206584
GLU,HG3,1,0.4963842975206584
ILE,HD11,4,1.6533665403106506
ILE,HD12,4,1.6533665403106506
ILE,HD13,4,1.6533665403106506
LEU,HD11,13,4.358824615384615
LEU,HD12,13,4.358824615384615
LEU,HD13,13,4.358824615384615
LEU,HD21,11,2.2337475054988274
LEU,HD22,11,2.2337475054988274
LEU,HD23,11,2.2337475054988274
TRP,HE1,5,3.7035959936032286
VAL,HG11,13,5.5708442793122686
VAL,HG12,13,5.5708442793122686
VAL,HG13,13,5.5708442793122686
VAL,HG21,10,3.4935991812697496
VAL,HG22,10,3.4935991812697496
VAL,HG23,10,3.4935991812697496
