atomtype,Entries used,mean_red_ChiSq
C,159,0.5934924798848925
CA,159,3.600354142402363
CB,145,5.862878227586207
H,160,1.3587969172525687
HA,2,0.2817534722222212
N,159,1.5380288480067945
