atomtype,entries_used,mean_red_ChiSq
C,158,0.49983104354684404
CA,161,1.4531593436086194
CB,150,0.5341230266666666
H,155,1.0315837680350322
HA,151,1.0821612858719651
N,156,0.9332429066844653
