atomtype,Entries used,mean_red_ChiSq
C,157,0.6422487584286766
CA,157,0.9481975937721165
CB,144,1.8386585277777776
H,157,0.7119823764265756
N,157,0.608881803392515
