residue,atomtype,Entries used,mean_red_ChiSq
ILE,HD11,4,1.2153349204881656
ILE,HD12,4,1.2153349204881656
ILE,HD13,4,1.2153349204881656
LEU,HD11,13,0.6867175384615385
LEU,HD12,13,0.6867175384615385
LEU,HD13,13,0.6867175384615385
LEU,HD21,13,2.276211762031343
LEU,HD22,13,2.276211762031343
LEU,HD23,13,2.276211762031343
TRP,HE1,5,0.6287309149061503
VAL,HG11,13,1.1050108507965088
VAL,HG12,13,1.1050108507965088
VAL,HG13,13,1.1050108507965088
VAL,HG21,13,4.136065564713941
VAL,HG22,13,4.136065564713941
VAL,HG23,13,4.136065564713941
