residue,atomtype,Entries used,mean_red_ChiSq
ILE,HD11,4,1.3076056305473371
ILE,HD12,4,1.3076056305473371
ILE,HD13,4,1.3076056305473371
LEU,HD11,13,0.6774596923076922
LEU,HD12,13,0.6774596923076922
LEU,HD13,13,0.6774596923076922
LEU,HD21,13,2.26110351042253
LEU,HD22,13,2.26110351042253
LEU,HD23,13,2.26110351042253
TRP,HE1,5,0.6250133827118893
VAL,HG11,13,1.1325527254647703
VAL,HG12,13,1.1325527254647703
VAL,HG13,13,1.1325527254647703
VAL,HG21,13,4.170636477139637
VAL,HG22,13,4.170636477139637
VAL,HG23,13,4.170636477139637
