atomtype,Entries used,mean_red_ChiSq
C,157,0.6274037213965551
CA,157,0.9282848156011648
CB,144,1.8286839444444445
H,157,0.6931275642195985
N,157,0.612164196590534
