atomtype,Entries used,mean_red_ChiSq
C,158,0.6828985882803955
CA,162,2.8672775339125134
CB,150,0.8887719800000002
H,156,1.2324533011607104
HA,151,1.4248754828918315
N,156,1.4296480551675357
