atomtype,Entries used,mean_red_ChiSq
C,159,0.707385329921774
CA,159,3.373222688096901
CB,145,6.088410096551725
H,161,1.3460858143901857
HA,2,0.11402777777777721
N,159,1.791717177610342
