residue,atomtype,Entries used,mean_red_ChiSq
ARG,HB2,1,0.07413488873639823
ARG,HB3,1,0.11667973728065863
ARG,HD2,1,2.2675736961426118e-05
ARG,HD3,1,2.2675736961426118e-05
ARG,HG2,1,0.006744614810147185
ARG,HG3,1,0.006744614810147185
GLN,HB2,1,4.091425619834706
GLN,HB3,1,4.091425619834706
GLN,HG2,1,0.713280893446806
GLN,HG3,1,0.713280893446806
GLU,HB2,1,0.14489073881373649
GLU,HB3,1,0.14489073881373649
GLU,HG2,1,0.4963842975206584
GLU,HG3,1,0.4963842975206584
ILE,HD11,4,3.2082909578402368
ILE,HD12,4,3.2082909578402368
ILE,HD13,4,3.2082909578402368
LEU,HD11,13,6.046551384615385
LEU,HD12,13,6.046551384615385
LEU,HD13,13,6.046551384615385
LEU,HD21,11,1.3731967973275454
LEU,HD22,11,1.3731967973275454
LEU,HD23,11,1.3731967973275454
TRP,HE1,5,0.5858375557612996
VAL,HG11,13,7.9487761779665025
VAL,HG12,13,7.9487761779665025
VAL,HG13,13,7.9487761779665025
VAL,HG21,10,2.7231811979316287
VAL,HG22,10,2.7231811979316287
VAL,HG23,10,2.7231811979316287
