atomtype,entries_used,mean_red_ChiSq
C,158,0.49933761928133114
CA,162,1.4115606843469004
CB,150,0.551676166666667
H,155,1.027732479631536
HA,151,1.0775974981604115
N,156,0.8983782054885953
