atomtype,Entries used,mean_red_ChiSq
C,159,0.5762730359257309
CA,162,1.5257728776101205
CB,150,0.5579775333333334
H,156,0.9240247673725227
HA,151,1.002538746320825
N,156,0.8679804586947449
