residue,atomtype,entries_used,mean_red_ChiSq
ILE,HD11,4,1.5430554271449697
ILE,HD12,4,1.5430554271449697
ILE,HD13,4,1.5430554271449697
LEU,HD11,13,0.5236824615384615
LEU,HD12,13,0.5236824615384615
LEU,HD13,13,0.5236824615384615
LEU,HD21,13,2.0950852988987902
LEU,HD22,13,2.0950852988987902
LEU,HD23,13,2.0950852988987902
TRP,HE1,5,0.6100341722077238
VAL,HG11,13,0.6684980885129372
VAL,HG12,13,0.6684980885129372
VAL,HG13,13,0.6684980885129372
VAL,HG21,13,2.079752999801118
VAL,HG22,13,2.079752999801118
VAL,HG23,13,2.079752999801118
