atomtype,entries_used,mean_red_ChiSq
C,157,0.5792231793563734
CA,157,1.216330966422897
CB,144,1.6433294861111107
H,157,0.7933276034902668
N,157,0.7704016137170242
