atomtype,Entries used,mean_red_ChiSq
C,158,0.5430101077805107
CA,162,1.509385131839658
CB,150,0.5416390466666668
H,156,0.9273780699199842
HA,151,0.9440949227373063
N,156,0.9951477442711211
