atomtype,Entries used,mean_red_ChiSq
C,157,0.5605022128351815
CA,157,1.0951938350239832
CB,144,1.5575042777777788
H,157,0.6429888767555539
N,157,0.6068437766220874
