residue,atomtype,Entries used,mean_red_ChiSq
ILE,HD11,4,0.4384650055473372
ILE,HD12,4,0.4384650055473372
ILE,HD13,4,0.4384650055473372
LEU,HD11,13,0.5190006153846155
LEU,HD12,13,0.5190006153846155
LEU,HD13,13,0.5190006153846155
LEU,HD21,13,1.9651915852845194
LEU,HD22,13,1.9651915852845194
LEU,HD23,13,1.9651915852845194
TRP,HE1,5,0.5889059843447528
VAL,HG11,13,0.7155310843405875
VAL,HG12,13,0.7155310843405875
VAL,HG13,13,0.7155310843405875
VAL,HG21,13,3.465607252557842
VAL,HG22,13,3.465607252557842
VAL,HG23,13,3.465607252557842
