residue,atomtype,Entries used,mean_red_ChiSq
ARG,HB2,1,0.020610724438780394
ARG,HB3,1,0.22117929614743645
ARG,HD2,1,0.036281179138322066
ARG,HD3,1,0.036281179138322066
ARG,HG2,1,0.01577633083619224
ARG,HG3,1,0.01577633083619224
GLN,HB2,1,1.8286415289256193
GLN,HB3,1,1.8286415289256193
GLN,HG2,1,0.10655319605895516
GLN,HG3,1,0.10655319605895516
GLU,HB2,1,0.26638917793964667
GLU,HB3,1,0.26638917793964667
GLU,HG2,1,0.588358729338841
GLU,HG3,1,0.588358729338841
ILE,HD11,4,2.113009661612426
ILE,HD12,4,2.113009661612426
ILE,HD13,4,2.113009661612426
LEU,HD11,13,5.350184615384615
LEU,HD12,13,5.350184615384615
LEU,HD13,13,5.350184615384615
LEU,HD21,11,1.494088457075158
LEU,HD22,11,1.494088457075158
LEU,HD23,11,1.494088457075158
TRP,HE1,5,0.696680750778553
VAL,HG11,13,7.1661196476682525
VAL,HG12,13,7.1661196476682525
VAL,HG13,13,7.1661196476682525
VAL,HG21,10,3.0067886383223206
VAL,HG22,10,3.0067886383223206
VAL,HG23,10,3.0067886383223206
