atomtype,Entries used,mean_red_ChiSq
C,159,0.5795842189805139
CA,159,3.496414729404457
CB,145,5.742539234482763
H,161,1.464477155689327
HA,2,0.16444444444444475
N,159,1.7023812753266307
