atomtype,Entries used,mean_red_ChiSq
C,157,0.6433664859292676
CA,157,1.1412559015491068
CB,144,1.7631261388888895
H,157,0.794712376805504
N,157,0.7418398322112436
