residue,atomtype,Entries used,mean_red_ChiSq
ILE,HD11,4,1.2026396079881652
ILE,HD12,4,1.2026396079881652
ILE,HD13,4,1.2026396079881652
LEU,HD11,13,0.8369932307692308
LEU,HD12,13,0.8369932307692308
LEU,HD13,13,0.8369932307692308
LEU,HD21,13,2.7091127462862756
LEU,HD22,13,2.7091127462862756
LEU,HD23,13,2.7091127462862756
TRP,HE1,5,0.6041067250231456
VAL,HG11,13,0.8411416516054475
VAL,HG12,13,0.8411416516054475
VAL,HG13,13,0.8411416516054475
VAL,HG21,13,3.616655249375732
VAL,HG22,13,3.616655249375732
VAL,HG23,13,3.616655249375732
