residue,atomtype,Entries used,mean_red_ChiSq
ILE,HD11,4,1.2816256009615383
ILE,HD12,4,1.2816256009615383
ILE,HD13,4,1.2816256009615383
LEU,HD11,13,0.6244024615384617
LEU,HD12,13,0.6244024615384617
LEU,HD13,13,0.6244024615384617
LEU,HD21,13,2.185295201158044
LEU,HD22,13,2.185295201158044
LEU,HD23,13,2.185295201158044
TRP,HE1,5,0.6222398787980816
VAL,HG11,13,1.0044713344128142
VAL,HG12,13,1.0044713344128142
VAL,HG13,13,1.0044713344128142
VAL,HG21,13,3.9619721344441245
VAL,HG22,13,3.9619721344441245
VAL,HG23,13,3.9619721344441245
