atomtype,Entries used,mean_red_ChiSq
C,157,0.6392530544743252
CA,157,0.9333378391129977
CB,144,1.8227067291666659
H,157,0.7073926343384099
N,157,0.639088934796603
