atomtype,Entries used,mean_red_ChiSq
C,159,0.5233334516218254
CA,162,1.190212330437432
CB,150,0.5812365400000011
H,156,0.820633155829208
HA,151,0.9948715737674761
N,156,0.8086725624063283
