atomtype,Entries used,mean_red_ChiSq
C,158,0.4543330104068997
CA,162,0.7915285093735709
CB,150,0.486708946666667
H,156,0.6887704719113591
HA,150,0.9013525462962962
N,156,0.7309939579420108
