residue,atomtype,entries_used,mean_red_ChiSq
ILE,HD11,4,1.175948825813609
ILE,HD12,4,1.175948825813609
ILE,HD13,4,1.175948825813609
LEU,HD11,13,0.5163236923076924
LEU,HD12,13,0.5163236923076924
LEU,HD13,13,0.5163236923076924
LEU,HD21,13,2.198291693885349
LEU,HD22,13,2.198291693885349
LEU,HD23,13,2.198291693885349
TRP,HE1,5,0.6307361333221098
VAL,HG11,13,0.8015312052782574
VAL,HG12,13,0.8015312052782574
VAL,HG13,13,0.8015312052782574
VAL,HG21,13,3.852987647227808
VAL,HG22,13,3.852987647227808
VAL,HG23,13,3.852987647227808
