atomtype,entries_used,mean_red_ChiSq
C,157,0.5787567546148872
CA,157,1.021111834552175
CB,144,1.6792406944444442
H,157,0.7634158591492043
N,157,0.7027275353299014
