atomtype,entries_used,mean_red_ChiSq
C,158,0.5138657773675566
CA,162,1.3376085505258335
CB,150,0.4971442799999997
H,156,1.0986271858662344
HA,151,1.012967715231788
N,156,0.8276416560832148
