residue,atomtype,Entries used,mean_red_ChiSq
ILE,HD11,4,1.0655857063609466
ILE,HD12,4,1.0655857063609466
ILE,HD13,4,1.0655857063609466
LEU,HD11,13,0.7618596923076926
LEU,HD12,13,0.7618596923076926
LEU,HD13,13,0.7618596923076926
LEU,HD21,13,2.541642871718181
LEU,HD22,13,2.541642871718181
LEU,HD23,13,2.541642871718181
TRP,HE1,5,0.6210601801195189
VAL,HG11,13,0.7462811666453907
VAL,HG12,13,0.7462811666453907
VAL,HG13,13,0.7462811666453907
VAL,HG21,13,3.6344344573840406
VAL,HG22,13,3.6344344573840406
VAL,HG23,13,3.6344344573840406
