atomtype,Entries used,mean_red_ChiSq
C,157,0.6487932645523707
CA,157,1.1344600377447496
CB,144,1.7736952361111102
H,157,0.8002345216729302
N,157,0.7440573061004861
