residue,atomtype,Entries used,mean_red_ChiSq
ARG,HB2,1,0.026688559945103295
ARG,HB3,1,0.2029457896284677
ARG,HD2,1,0.036281179138322066
ARG,HD3,1,0.036281179138322066
ARG,HG2,1,0.03194940372004039
ARG,HG3,1,0.03194940372004039
GLN,HB2,1,2.2670777376033073
GLN,HB3,1,2.2670777376033073
GLN,HG2,1,0.15917205831029002
GLN,HG3,1,0.15917205831029002
GLU,HB2,1,0.28674297606659854
GLU,HB3,1,0.28674297606659854
GLU,HG2,1,0.4963842975206584
GLU,HG3,1,0.4963842975206584
ILE,HD11,4,1.565464358357988
ILE,HD12,4,1.565464358357988
ILE,HD13,4,1.565464358357988
LEU,HD11,13,4.637513846153845
LEU,HD12,13,4.637513846153845
LEU,HD13,13,4.637513846153845
LEU,HD21,11,2.0987118420222086
LEU,HD22,11,2.0987118420222086
LEU,HD23,11,2.0987118420222086
TRP,HE1,5,3.24035485228516
VAL,HG11,13,5.494836633364016
VAL,HG12,13,5.494836633364016
VAL,HG13,13,5.494836633364016
VAL,HG21,10,3.280237359954036
VAL,HG22,10,3.280237359954036
VAL,HG23,10,3.280237359954036
