atomtype,Entries used,mean_red_ChiSq
C,159,0.5829024235189093
CA,159,3.5628446773817886
CB,145,5.754595131034482
H,160,1.3862032179556514
HA,2,0.31410590277777806
N,159,1.5188680907156757
