residue,atomtype,entries_used,mean_red_ChiSq
ILE,HD11,4,1.2341958672337277
ILE,HD12,4,1.2341958672337277
ILE,HD13,4,1.2341958672337277
LEU,HD11,13,0.4062572307692308
LEU,HD12,13,0.4062572307692308
LEU,HD13,13,0.4062572307692308
LEU,HD21,13,1.7539417444881313
LEU,HD22,13,1.7539417444881313
LEU,HD23,13,1.7539417444881313
TRP,HE1,5,0.6471677468226577
VAL,HG11,13,0.6617709306153711
VAL,HG12,13,0.6617709306153711
VAL,HG13,13,0.6617709306153711
VAL,HG21,13,3.182532097319514
VAL,HG22,13,3.182532097319514
VAL,HG23,13,3.182532097319514
