atomtype,entries_used,mean_red_ChiSq
C,157,0.5696304282653148
CA,157,1.0550320358575134
CB,144,1.6398914166666645
H,157,0.7425823908947166
N,157,0.6515942295220986
