atomtype,entries_used,mean_red_ChiSq
C,157,0.574142059472558
CA,157,0.9084795706534571
CB,144,1.8116958124999993
H,157,0.6804337341926947
N,157,0.624826599306705
