residue,atomtype,entries_used,mean_red_ChiSq
ILE,HD11,4,1.1810801127958577
ILE,HD12,4,1.1810801127958577
ILE,HD13,4,1.1810801127958577
LEU,HD11,13,0.6382892307692309
LEU,HD12,13,0.6382892307692309
LEU,HD13,13,0.6382892307692309
LEU,HD21,13,2.2216538824454224
LEU,HD22,13,2.2216538824454224
LEU,HD23,13,2.2216538824454224
TRP,HE1,5,0.6332113458463072
VAL,HG11,13,0.8185918152072402
VAL,HG12,13,0.8185918152072402
VAL,HG13,13,0.8185918152072402
VAL,HG21,13,3.752716670717963
VAL,HG22,13,3.752716670717963
VAL,HG23,13,3.752716670717963
