atomtype,Entries used,mean_red_ChiSq
C,158,0.5316927449601491
CA,162,1.473373952141441
CB,150,0.5390705066666667
H,156,0.9070453883596118
HA,150,0.9487851851851843
N,156,1.0200438546542436
