atomtype,Entries used,mean_red_ChiSq
C,157,0.6429800783400188
CA,157,1.1424317213179196
CB,144,1.760318083333333
H,157,0.793430361737968
N,157,0.7454058720573743
