residue,atomtype,Entries used,mean_red_ChiSq
ILE,HD11,4,1.2153638128698225
ILE,HD12,4,1.2153638128698225
ILE,HD13,4,1.2153638128698225
LEU,HD11,13,0.8417378461538463
LEU,HD12,13,0.8417378461538463
LEU,HD13,13,0.8417378461538463
LEU,HD21,13,2.7157588979412406
LEU,HD22,13,2.7157588979412406
LEU,HD23,13,2.7157588979412406
TRP,HE1,5,0.6013561148051494
VAL,HG11,13,0.8476622076499798
VAL,HG12,13,0.8476622076499798
VAL,HG13,13,0.8476622076499798
VAL,HG21,13,3.6105423949793374
VAL,HG22,13,3.6105423949793374
VAL,HG23,13,3.6105423949793374
