atomtype,entries_used,mean_red_ChiSq
C,159,0.5207945316746264
CA,162,1.353079873494893
CB,150,0.4975307733333336
H,156,0.9702190719862432
HA,151,1.0420667770419423
N,156,0.8706421680772328
