atomtype,entries_used,mean_red_ChiSq
C,157,0.5705677531798
CA,157,0.9149577337422348
CB,144,1.8098814305555553
H,157,0.6809540360945661
N,157,0.6162153124308799
