residue,atomtype,entries_used,mean_red_ChiSq
ILE,HD11,4,1.1929664386094672
ILE,HD12,4,1.1929664386094672
ILE,HD13,4,1.1929664386094672
LEU,HD11,13,0.6274240000000002
LEU,HD12,13,0.6274240000000002
LEU,HD13,13,0.6274240000000002
LEU,HD21,13,2.185652638945381
LEU,HD22,13,2.185652638945381
LEU,HD23,13,2.185652638945381
TRP,HE1,5,0.6417365541621067
VAL,HG11,13,0.8279090548721086
VAL,HG12,13,0.8279090548721086
VAL,HG13,13,0.8279090548721086
VAL,HG21,13,3.781749276291074
VAL,HG22,13,3.781749276291074
VAL,HG23,13,3.781749276291074
