residue,atomtype,entries_used,mean_red_ChiSq
ILE,CD,4,0.2563282391765882
ILE,CG2,4,0.36786753197116945
LEU,CD1,13,1.283487055200977
LEU,CD2,13,1.1410548642349796
THR,CG2,6,2.8932705293345404
VAL,CG1,13,1.1522326345096408
VAL,CG2,13,1.3073764257911504
