atomtype,Entries used,mean_red_ChiSq
C,159,0.6892799718776709
CA,159,3.304890892150012
CB,145,6.061214172413793
H,161,1.3385094847307082
HA,2,0.1446701388888879
N,159,1.7662445990576359
