residue,atomtype,Entries used,mean_red_ChiSq
ARG,HB2,1,0.10675423978041318
ARG,HB3,1,0.0824428977551222
ARG,HD2,1,0.00274376417233544
ARG,HD3,1,0.00274376417233544
ARG,HG2,1,0.0075614366729676915
ARG,HG3,1,0.0075614366729676915
GLN,HB2,1,4.207160382231404
GLN,HB3,1,4.207160382231404
GLN,HG2,1,1.1839244006550558
GLN,HG3,1,1.1839244006550558
GLU,HB2,1,0.08807492195629568
GLU,HB3,1,0.08807492195629568
GLU,HG2,1,0.5372223657024792
GLU,HG3,1,0.5372223657024792
ILE,HD11,4,2.8549082377958572
ILE,HD12,4,2.8549082377958572
ILE,HD13,4,2.8549082377958572
LEU,HD11,13,6.176620307692307
LEU,HD12,13,6.176620307692307
LEU,HD13,13,6.176620307692307
LEU,HD21,11,1.2510993608574126
LEU,HD22,11,1.2510993608574126
LEU,HD23,11,1.2510993608574126
TRP,HE1,5,0.5799707095362336
VAL,HG11,13,8.0307148088177
VAL,HG12,13,8.0307148088177
VAL,HG13,13,8.0307148088177
VAL,HG21,10,2.8839808962941684
VAL,HG22,10,2.8839808962941684
VAL,HG23,10,2.8839808962941684
