residue,atomtype,entries_used,mean_red_ChiSq
ILE,HD11,4,1.1970575998520707
ILE,HD12,4,1.1970575998520707
ILE,HD13,4,1.1970575998520707
LEU,HD11,13,0.6189193846153848
LEU,HD12,13,0.6189193846153848
LEU,HD13,13,0.6189193846153848
LEU,HD21,13,2.1667344565918514
LEU,HD22,13,2.1667344565918514
LEU,HD23,13,2.1667344565918514
TRP,HE1,5,0.6394896052520829
VAL,HG11,13,0.8112465314404351
VAL,HG12,13,0.8112465314404351
VAL,HG13,13,0.8112465314404351
VAL,HG21,13,3.760935739067023
VAL,HG22,13,3.760935739067023
VAL,HG23,13,3.760935739067023
