atomtype,entries_used,mean_red_ChiSq
C,157,0.5716322823287732
CA,157,0.9101346622631118
CB,144,1.8120174513888883
H,157,0.6813899405083823
N,157,0.6155195754145214
