residue,atomtype,Entries used,mean_red_ChiSq
ILE,HD11,4,1.282342132026627
ILE,HD12,4,1.282342132026627
ILE,HD13,4,1.282342132026627
LEU,HD11,13,0.6189809230769233
LEU,HD12,13,0.6189809230769233
LEU,HD13,13,0.6189809230769233
LEU,HD21,13,2.222105815279986
LEU,HD22,13,2.222105815279986
LEU,HD23,13,2.222105815279986
TRP,HE1,5,0.6069677636562589
VAL,HG11,13,0.8923805908477062
VAL,HG12,13,0.8923805908477062
VAL,HG13,13,0.8923805908477062
VAL,HG21,13,3.7639783550261847
VAL,HG22,13,3.7639783550261847
VAL,HG23,13,3.7639783550261847
