atomtype,Entries used,mean_red_ChiSq
C,157,0.6280777822009908
CA,157,0.9293511362742775
CB,144,1.808682215277778
H,157,0.7075185071634522
N,157,0.647434686250138
