residue,atomtype,entries_used,mean_red_ChiSq
ILE,HD11,4,1.0929236778846154
ILE,HD12,4,1.0929236778846154
ILE,HD13,4,1.0929236778846154
LEU,HD11,13,0.5883089230769232
LEU,HD12,13,0.5883089230769232
LEU,HD13,13,0.5883089230769232
LEU,HD21,13,2.29168566838812
LEU,HD22,13,2.29168566838812
LEU,HD23,13,2.29168566838812
TRP,HE1,5,0.6317454759700343
VAL,HG11,13,0.7842539153570687
VAL,HG12,13,0.7842539153570687
VAL,HG13,13,0.7842539153570687
VAL,HG21,13,3.8809719797582476
VAL,HG22,13,3.8809719797582476
VAL,HG23,13,3.8809719797582476
