atomtype,entries_used,mean_red_ChiSq
C,157,0.5928016784864742
CA,157,0.9924490524494752
CB,144,1.7206602430555547
H,157,0.7253740186639015
N,157,0.7211892509104854
