residue,atomtype,entries_used,mean_red_ChiSq
ILE,HD11,4,1.1239252034023663
ILE,HD12,4,1.1239252034023663
ILE,HD13,4,1.1239252034023663
LEU,HD11,13,0.43657599999999985
LEU,HD12,13,0.43657599999999985
LEU,HD13,13,0.43657599999999985
LEU,HD21,13,1.9283796016691381
LEU,HD22,13,1.9283796016691381
LEU,HD23,13,1.9283796016691381
TRP,HE1,5,0.6159569059843435
VAL,HG11,13,0.7746477690359254
VAL,HG12,13,0.7746477690359254
VAL,HG13,13,0.7746477690359254
VAL,HG21,13,3.810776357368572
VAL,HG22,13,3.810776357368572
VAL,HG23,13,3.810776357368572
