atomtype,entries_used,mean_red_ChiSq
C,157,0.568101664479634
CA,157,0.9912166627349198
CB,144,1.6426541180555558
H,157,0.7972280075647709
N,157,0.7117161762144809
