atomtype,entries_used,mean_red_ChiSq
C,157,0.5563563229830161
CA,157,0.8838376267987731
CB,144,1.8216898749999997
H,157,0.6806650177579204
N,157,0.5939397090625472
