residue,atomtype,entries_used,mean_red_ChiSq
ILE,HD11,4,1.4422672429733723
ILE,HD12,4,1.4422672429733723
ILE,HD13,4,1.4422672429733723
LEU,HD11,13,0.6485107692307694
LEU,HD12,13,0.6485107692307694
LEU,HD13,13,0.6485107692307694
LEU,HD21,13,2.241211618234532
LEU,HD22,13,2.241211618234532
LEU,HD23,13,2.241211618234532
TRP,HE1,5,0.6620856830233128
VAL,HG11,13,0.8063351182837601
VAL,HG12,13,0.8063351182837601
VAL,HG13,13,0.8063351182837601
VAL,HG21,13,3.8015380195788118
VAL,HG22,13,3.8015380195788118
VAL,HG23,13,3.8015380195788118
