atomtype,Entries used,mean_red_ChiSq
C,157,0.752717130612565
CA,157,2.300222410945978
CB,144,1.8170227499999991
H,157,1.4147926405390416
N,157,1.008189251029849
