residue,atomtype,Entries used,mean_red_ChiSq
ILE,HD11,4,2.1203078772189343
ILE,HD12,4,2.1203078772189343
ILE,HD13,4,2.1203078772189343
LEU,HD11,13,1.6338486153846152
LEU,HD12,13,1.6338486153846152
LEU,HD13,13,1.6338486153846152
LEU,HD21,13,2.1649842439779947
LEU,HD22,13,2.1649842439779947
LEU,HD23,13,2.1649842439779947
TRP,HE1,5,0.5751832337345334
VAL,HG11,13,1.058810981140442
VAL,HG12,13,1.058810981140442
VAL,HG13,13,1.058810981140442
VAL,HG21,13,2.0730241641438134
VAL,HG22,13,2.0730241641438134
VAL,HG23,13,2.0730241641438134
