atomtype,Entries used,mean_red_ChiSq
C,159,0.4678658208129502
CA,162,0.8414480566986742
CB,150,0.49028983333333354
H,156,0.7008561453869735
HA,151,0.8936643441869023
N,156,0.7308969217410783
