residue,atomtype,Entries used,mean_red_ChiSq
ILE,HD11,4,1.1936598557692302
ILE,HD12,4,1.1936598557692302
ILE,HD13,4,1.1936598557692302
LEU,HD11,13,0.3782892307692307
LEU,HD12,13,0.3782892307692307
LEU,HD13,13,0.3782892307692307
LEU,HD21,13,1.5489504887037338
LEU,HD22,13,1.5489504887037338
LEU,HD23,13,1.5489504887037338
TRP,HE1,5,0.7441999831663981
VAL,HG11,13,2.440340775479216
VAL,HG12,13,2.440340775479216
VAL,HG13,13,2.440340775479216
VAL,HG21,13,1.9949036527964994
VAL,HG22,13,1.9949036527964994
VAL,HG23,13,1.9949036527964994
