atomtype,Entries used,mean_red_ChiSq
C,157,0.7725224785228446
CA,157,2.3652086183848384
CB,144,2.187544694444443
H,156,1.1073905506788144
N,157,1.0603184558201515
