atomtype,Entries used,mean_red_ChiSq
C,159,0.6878081475900676
CA,162,1.9724088248742575
CB,150,0.987050313333334
H,156,1.4776601350695462
HA,150,1.4132879629629624
N,156,1.0622391737651478
