atomtype,entries_used,mean_red_ChiSq
C,158,0.48189069764318615
CA,162,1.3340423639689067
CB,150,0.539655673333334
H,156,0.93414180915533
HA,151,0.9165702032744669
N,156,0.824646080230496
