atomtype,entries_used,mean_red_ChiSq
C,159,0.5013923859820244
CA,162,1.3983530559365942
CB,150,0.4879980466666667
H,155,1.0234556778729564
HA,151,1.0280759059970563
N,156,0.8841904247748397
