residue,atomtype,Entries used,mean_red_ChiSq
ILE,HD11,4,0.47596731693786987
ILE,HD12,4,0.47596731693786987
ILE,HD13,4,0.47596731693786987
LEU,HD11,13,0.46810830769230777
LEU,HD12,13,0.46810830769230777
LEU,HD13,13,0.46810830769230777
LEU,HD21,13,1.7620820134840327
LEU,HD22,13,1.7620820134840327
LEU,HD23,13,1.7620820134840327
TRP,HE1,5,0.6021365204949044
VAL,HG11,13,0.6960819554277499
VAL,HG12,13,0.6960819554277499
VAL,HG13,13,0.6960819554277499
VAL,HG21,13,3.470459140830442
VAL,HG22,13,3.470459140830442
VAL,HG23,13,3.470459140830442
