atomtype,Entries used,mean_red_ChiSq
C,156,0.5132725045257605
CA,157,0.9327812377132971
CB,144,1.519449729166665
H,157,0.6552622350521713
N,157,0.6060398413545899
