atomtype,Entries used,mean_red_ChiSq
C,158,0.5731491645423107
CA,162,1.4504680688919378
CB,149,0.5524389127516787
H,156,1.0815747597453922
HA,151,0.9444340967623253
N,156,0.9869950564106398
