residue,atomtype,entries_used,mean_red_ChiSq
ILE,HD11,4,1.4550318971893483
ILE,HD12,4,1.4550318971893483
ILE,HD13,4,1.4550318971893483
LEU,HD11,13,0.615024
LEU,HD12,13,0.615024
LEU,HD13,13,0.615024
LEU,HD21,13,2.159967789514337
LEU,HD22,13,2.159967789514337
LEU,HD23,13,2.159967789514337
TRP,HE1,5,0.6628122211935024
VAL,HG11,13,0.8113540315916071
VAL,HG12,13,0.8113540315916071
VAL,HG13,13,0.8113540315916071
VAL,HG21,13,3.833966808830353
VAL,HG22,13,3.833966808830353
VAL,HG23,13,3.833966808830353
