atomtype,entries_used,mean_red_ChiSq
C,157,0.554949876395769
CA,157,0.883424361091452
CB,144,1.8137814305555544
H,156,0.6871991097058697
N,157,0.5945831475718145
