atomtype,Entries used,mean_red_ChiSq
C,159,0.49537140766946197
CA,162,0.9223943910989177
CB,150,0.5123126533333342
H,156,0.6984411532221158
HA,151,0.8956281043046358
N,156,0.7292210375002584
