residue,atomtype,entries_used,mean_red_ChiSq
ILE,HD11,4,1.458082932692307
ILE,HD12,4,1.458082932692307
ILE,HD13,4,1.458082932692307
LEU,HD11,13,0.4559803076923077
LEU,HD12,13,0.4559803076923077
LEU,HD13,13,0.4559803076923077
LEU,HD21,13,1.9171579724375751
LEU,HD22,13,1.9171579724375751
LEU,HD23,13,1.9171579724375751
TRP,HE1,5,0.6176685464186501
VAL,HG11,13,0.670622896188448
VAL,HG12,13,0.670622896188448
VAL,HG13,13,0.670622896188448
VAL,HG21,13,2.215637637283715
VAL,HG22,13,2.215637637283715
VAL,HG23,13,2.215637637283715
