atomtype,entries_used,mean_red_ChiSq
C,157,0.5813751677134946
CA,157,1.2209168986396148
CB,144,1.6650690624999998
H,157,0.7544842969000282
N,157,0.7186899650105864
