atomtype,entries_used,mean_red_ChiSq
C,158,0.4873916426150572
CA,162,1.308672443225118
CB,150,0.5203484866666663
H,156,1.0224440445979115
HA,150,1.0065381944444447
N,156,0.8568891077657315
