atomtype,entries_used,mean_red_ChiSq
C,158,0.47766739370897826
CA,162,1.3280663618350856
CB,150,0.5363680133333336
H,156,0.9342493170251418
HA,151,0.9156122378587199
N,156,0.8279372551450473
