atomtype,entries_used,mean_red_ChiSq
C,158,0.49213150370174885
CA,162,1.2946375857338817
CB,150,0.5087611333333332
H,156,1.0102909750246154
HA,151,1.009046288631347
N,156,0.8929172174626712
