atomtype,entries_used,mean_red_ChiSq
C,157,0.5689020848077394
CA,157,1.0775372021703225
CB,143,1.6537644615384601
H,157,0.7481639929312793
N,157,0.6401259561570588
