residue,atomtype,entries_used,mean_red_ChiSq
ILE,HD11,4,1.2711838942307692
ILE,HD12,4,1.2711838942307692
ILE,HD13,4,1.2711838942307692
LEU,HD11,13,0.40211076923076916
LEU,HD12,13,0.40211076923076916
LEU,HD13,13,0.40211076923076916
LEU,HD21,13,1.7448935013427886
LEU,HD22,13,1.7448935013427886
LEU,HD23,13,1.7448935013427886
TRP,HE1,5,0.6556552478747569
VAL,HG11,13,0.6665496482729428
VAL,HG12,13,0.6665496482729428
VAL,HG13,13,0.6665496482729428
VAL,HG21,13,3.0613978631250953
VAL,HG22,13,3.0613978631250953
VAL,HG23,13,3.0613978631250953
