atomtype,Entries used,mean_red_ChiSq
C,159,0.7032766155175098
CA,159,3.3567128581411585
CB,145,6.08173065517242
H,161,1.3480064429656455
HA,2,0.12673611111110988
N,159,1.7856127982665597
