residue,atomtype,Entries used,mean_red_ChiSq
ARG,HB2,1,0.08531026369963714
ARG,HB3,1,0.10354377021860586
ARG,HD2,1,0.0003628117913831401
ARG,HD3,1,0.0003628117913831401
ARG,HG2,1,0.006744614810147185
ARG,HG3,1,0.006744614810147185
GLN,HB2,1,4.183884297520662
GLN,HB3,1,4.183884297520662
GLN,HG2,1,0.9387903030953878
GLN,HG3,1,0.9387903030953878
GLU,HB2,1,0.11691987513007353
GLU,HB3,1,0.11691987513007353
GLU,HG2,1,0.5206934400826427
GLU,HG3,1,0.5206934400826427
ILE,HD11,4,3.1124722633136086
ILE,HD12,4,3.1124722633136086
ILE,HD13,4,3.1124722633136086
LEU,HD11,13,6.087844923076923
LEU,HD12,13,6.087844923076923
LEU,HD13,13,6.087844923076923
LEU,HD21,11,1.3317844362548739
LEU,HD22,11,1.3317844362548739
LEU,HD23,11,1.3317844362548739
TRP,HE1,5,0.5882676542378572
VAL,HG11,13,7.933385179760408
VAL,HG12,13,7.933385179760408
VAL,HG13,13,7.933385179760408
VAL,HG21,10,2.7573218902614185
VAL,HG22,10,2.7573218902614185
VAL,HG23,10,2.7573218902614185
