residue,atomtype,Entries used,mean_red_ChiSq
ILE,HD11,4,1.0331973465236688
ILE,HD12,4,1.0331973465236688
ILE,HD13,4,1.0331973465236688
LEU,HD11,13,0.6772393846153848
LEU,HD12,13,0.6772393846153848
LEU,HD13,13,0.6772393846153848
LEU,HD21,13,2.4367944540993736
LEU,HD22,13,2.4367944540993736
LEU,HD23,13,2.4367944540993736
TRP,HE1,5,0.6132722834778211
VAL,HG11,13,0.7789209000450158
VAL,HG12,13,0.7789209000450158
VAL,HG13,13,0.7789209000450158
VAL,HG21,13,3.809514010120876
VAL,HG22,13,3.809514010120876
VAL,HG23,13,3.809514010120876
