atomtype,Entries used,mean_red_ChiSq
C,157,0.6025806376307316
CA,157,0.9096923252339371
CB,144,1.7711834097222203
H,157,0.6670530808527928
N,157,0.6748730787782818
