atomtype,entries_used,mean_red_ChiSq
C,159,0.519728846377823
CA,162,1.346731588172535
CB,150,0.4952460466666665
H,156,0.965738791585195
HA,151,1.0409337058498895
N,156,0.8667498002238256
