atomtype,Entries used,mean_red_ChiSq
C,159,0.531272853943436
CA,162,1.006775148605396
CB,150,0.521293540000001
H,156,0.6851040063235849
HA,151,0.9204221854304631
N,156,0.7221333440489287
