atomtype,Entries used,mean_red_ChiSq
C,159,0.5875623835313275
CA,162,1.5390406264288963
CB,150,0.5150610333333332
H,156,1.010628336869548
HA,149,1.1081304763236386
N,156,0.9037113103346871
