residue,atomtype,Entries used,mean_red_ChiSq
ARG,HB2,1,1.1328546220958762
ARG,HB3,1,2.8164150573473226
ARG,HD2,1,0.1415192743764195
ARG,HD3,1,0.1415192743764195
ARG,HG2,1,0.1686153702536814
ARG,HG3,1,0.1686153702536814
GLN,HB2,1,5.165289256198343
GLN,HB3,1,5.165289256198343
GLN,HG2,1,5.6560176112110465
GLN,HG3,1,5.6560176112110465
GLU,HB2,1,0.09194588969822987
GLU,HB3,1,0.09194588969822987
GLU,HG2,1,0.8368091425619836
GLU,HG3,1,0.8368091425619836
ILE,HD11,4,4.720373751849112
ILE,HD12,4,4.720373751849112
ILE,HD13,4,4.720373751849112
LEU,HD11,13,6.184701538461538
LEU,HD12,13,6.184701538461538
LEU,HD13,13,6.184701538461538
LEU,HD21,11,0.9294224086725287
LEU,HD22,11,0.9294224086725287
LEU,HD23,11,0.9294224086725287
TRP,HE1,5,0.22840299638077619
VAL,HG11,13,7.721142928169744
VAL,HG12,13,7.721142928169744
VAL,HG13,13,7.721142928169744
VAL,HG21,10,5.302504668198793
VAL,HG22,10,5.302504668198793
VAL,HG23,10,5.302504668198793
