atomtype,Entries used,mean_red_ChiSq
C,159,0.714910498073417
CA,159,4.326988267722652
CB,145,5.750634703448272
H,161,1.511353459482883
HA,2,0.8423611111111121
N,159,1.6633469642339997
