residue,atomtype,entries_used,mean_red_ChiSq
ILE,HD11,4,1.0536878235946738
ILE,HD12,4,1.0536878235946738
ILE,HD13,4,1.0536878235946738
LEU,HD11,13,0.6658436923076922
LEU,HD12,13,0.6658436923076922
LEU,HD13,13,0.6658436923076922
LEU,HD21,13,2.4420464614343795
LEU,HD22,13,2.4420464614343795
LEU,HD23,13,2.4420464614343795
TRP,HE1,5,0.6122265802541866
VAL,HG11,13,0.7962469009722047
VAL,HG12,13,0.7962469009722047
VAL,HG13,13,0.7962469009722047
VAL,HG21,13,3.877171126776124
VAL,HG22,13,3.877171126776124
VAL,HG23,13,3.877171126776124
