atomtype,entries_used,mean_red_ChiSq
C,157,0.5961725323386009
CA,157,0.951548973814579
CB,144,1.7566346874999987
H,157,0.6951065991946066
N,157,0.7082755482217801
