residue,atomtype,Entries used,mean_red_ChiSq
ILE,HD11,4,1.3492222170857984
ILE,HD12,4,1.3492222170857984
ILE,HD13,4,1.3492222170857984
LEU,HD11,13,0.8561993846153846
LEU,HD12,13,0.8561993846153846
LEU,HD13,13,0.8561993846153846
LEU,HD21,13,2.738914292992166
LEU,HD22,13,2.738914292992166
LEU,HD23,13,2.738914292992166
TRP,HE1,5,0.584152175742781
VAL,HG11,13,0.8766906078461674
VAL,HG12,13,0.8766906078461674
VAL,HG13,13,0.8766906078461674
VAL,HG21,13,3.4873627162840033
VAL,HG22,13,3.4873627162840033
VAL,HG23,13,3.4873627162840033
