atomtype,Entries used,mean_red_ChiSq
C,157,0.6384849819631203
CA,157,1.124862365337736
CB,144,1.748499451388888
H,157,0.7709678152762902
N,157,0.7445365391862211
