residue,atomtype,entries_used,mean_red_ChiSq
ILE,HD11,4,1.4880905602810646
ILE,HD12,4,1.4880905602810646
ILE,HD13,4,1.4880905602810646
LEU,HD11,13,0.49524430769230776
LEU,HD12,13,0.49524430769230776
LEU,HD13,13,0.49524430769230776
LEU,HD21,13,2.0407684501579713
LEU,HD22,13,2.0407684501579713
LEU,HD23,13,2.0407684501579713
TRP,HE1,5,0.6146546586987612
VAL,HG11,13,0.6650446461565337
VAL,HG12,13,0.6650446461565337
VAL,HG13,13,0.6650446461565337
VAL,HG21,13,2.062113285307051
VAL,HG22,13,2.062113285307051
VAL,HG23,13,2.062113285307051
