atomtype,entries_used,mean_red_ChiSq
C,157,0.5758237067016581
CA,157,1.2072436109145244
CB,144,1.6538344652777766
H,157,0.7825850089392442
N,157,0.7559913625220931
