atomtype,Entries used,mean_red_ChiSq
C,159,0.6655580790434042
CA,159,3.7572312601910105
CB,145,5.854728489655174
H,160,1.3570349851270955
HA,2,0.5993836805555541
N,159,1.5532459800629357
