residue,atomtype,Entries used,mean_red_ChiSq
ARG,HB2,1,0.0008822664444661652
ARG,HB3,1,0.3412410547985498
ARG,HD2,1,0.016530612244897585
ARG,HD3,1,0.016530612244897585
ARG,HG2,1,0.0014936171205861644
ARG,HG3,1,0.0014936171205861644
GLN,HB2,1,4.4195506198347125
GLN,HB3,1,4.4195506198347125
GLN,HG2,1,0.831592794437436
GLN,HG3,1,0.831592794437436
GLU,HB2,1,0.09590010405827368
GLU,HB3,1,0.09590010405827368
GLU,HG2,1,0.6237409607437997
GLU,HG3,1,0.6237409607437997
ILE,HD11,4,2.2786496856508873
ILE,HD12,4,2.2786496856508873
ILE,HD13,4,2.2786496856508873
LEU,HD11,13,7.070974769230769
LEU,HD12,13,7.070974769230769
LEU,HD13,13,7.070974769230769
LEU,HD21,11,0.8582346457686948
LEU,HD22,11,0.8582346457686948
LEU,HD23,11,0.8582346457686948
TRP,HE1,5,0.6246592037707257
VAL,HG11,13,10.07117013914551
VAL,HG12,13,10.07117013914551
VAL,HG13,13,10.07117013914551
VAL,HG21,10,4.125711002585464
VAL,HG22,10,4.125711002585464
VAL,HG23,10,4.125711002585464
