atomtype,entries_used,mean_red_ChiSq
C,157,0.5808863873161897
CA,156,1.2039626226653994
CB,144,1.666759833333332
H,156,0.7571623608048701
N,157,0.7121329039064161
