residue,atomtype,entries_used,mean_red_ChiSq
ILE,HD11,4,1.3298469859467448
ILE,HD12,4,1.3298469859467448
ILE,HD13,4,1.3298469859467448
LEU,HD11,13,0.41982153846153847
LEU,HD12,13,0.41982153846153847
LEU,HD13,13,0.41982153846153847
LEU,HD21,13,1.8723960794141854
LEU,HD22,13,1.8723960794141854
LEU,HD23,13,1.8723960794141854
TRP,HE1,5,0.6358097803215201
VAL,HG11,13,0.6402876972795742
VAL,HG12,13,0.6402876972795742
VAL,HG13,13,0.6402876972795742
VAL,HG21,13,2.644131328309725
VAL,HG22,13,2.644131328309725
VAL,HG23,13,2.644131328309725
