atomtype,entries_used,mean_red_ChiSq
C,158,0.46816009764709116
CA,162,1.4555192348727335
CB,150,0.59451462
H,156,1.0470548529350578
HA,151,1.0111004185062542
N,156,0.9736357197396159
