residue,atomtype,entries_used,mean_red_ChiSq
ILE,HD11,4,1.1714531712278105
ILE,HD12,4,1.1714531712278105
ILE,HD13,4,1.1714531712278105
LEU,HD11,13,0.40056492307692315
LEU,HD12,13,0.40056492307692315
LEU,HD13,13,0.40056492307692315
LEU,HD21,13,1.7215600721449142
LEU,HD22,13,1.7215600721449142
LEU,HD23,13,1.7215600721449142
TRP,HE1,5,0.6352522514939811
VAL,HG11,13,0.6924286299777608
VAL,HG12,13,0.6924286299777608
VAL,HG13,13,0.6924286299777608
VAL,HG21,13,3.3676607075773974
VAL,HG22,13,3.3676607075773974
VAL,HG23,13,3.3676607075773974
