atomtype,entries_used,mean_red_ChiSq
C,157,0.5708734432747506
CA,157,1.0447404812455772
CB,144,1.6393604652777773
H,157,0.723848112079864
N,157,0.6657912700620944
