residue,atomtype,Entries used,mean_red_ChiSq
ARG,HB2,1,0.002965395549455882
ARG,HB3,1,0.3129350063719243
ARG,HD2,1,0.027777777777777304
ARG,HD3,1,0.027777777777777304
ARG,HG2,1,0.0011435506079488095
ARG,HG3,1,0.0011435506079488095
GLN,HB2,1,4.860020661157021
GLN,HB3,1,4.860020661157021
GLN,HG2,1,0.8698220086445289
GLN,HG3,1,0.8698220086445289
GLU,HB2,1,0.06996878251820994
GLU,HB3,1,0.06996878251820994
GLU,HG2,1,0.7167161673553719
GLU,HG3,1,0.7167161673553719
ILE,HD11,4,2.201905741494082
ILE,HD12,4,2.201905741494082
ILE,HD13,4,2.201905741494082
LEU,HD11,13,7.023896615384614
LEU,HD12,13,7.023896615384614
LEU,HD13,13,7.023896615384614
LEU,HD21,11,0.8480025377958404
LEU,HD22,11,0.8480025377958404
LEU,HD23,11,0.8480025377958404
TRP,HE1,5,0.569482030132143
VAL,HG11,13,9.905107600932563
VAL,HG12,13,9.905107600932563
VAL,HG13,13,9.905107600932563
VAL,HG21,10,4.104476084458488
VAL,HG22,10,4.104476084458488
VAL,HG23,10,4.104476084458488
