atomtype,Entries used,mean_red_ChiSq
C,159,0.6584814517577071
CA,159,3.7194055439086924
CB,145,5.858280131034483
H,161,1.3521282613734467
HA,2,0.5073350694444446
N,159,1.5414335087258393
