atomtype,Entries used,mean_red_ChiSq
C,158,0.5770476710228161
CA,162,1.4467151348879725
CB,150,0.5539157533333339
H,156,1.0839159074205043
HA,149,0.9886249766964953
N,156,0.9944225976044154
