atomtype,Entries used,mean_red_ChiSq
C,157,0.5081267846435886
CA,157,0.9186473224817165
CB,144,1.5216656388888878
H,157,0.6517060693850695
N,157,0.6051050452291258
