residue,atomtype,Entries used,mean_red_ChiSq
ILE,HD11,4,0.47856763128698215
ILE,HD12,4,0.47856763128698215
ILE,HD13,4,0.47856763128698215
LEU,HD11,13,0.4654904615384616
LEU,HD12,13,0.4654904615384616
LEU,HD13,13,0.4654904615384616
LEU,HD21,13,1.7548497186375729
LEU,HD22,13,1.7548497186375729
LEU,HD23,13,1.7548497186375729
TRP,HE1,5,0.6045336251157283
VAL,HG11,13,0.6998847732754624
VAL,HG12,13,0.6998847732754624
VAL,HG13,13,0.6998847732754624
VAL,HG21,13,3.477497348242105
VAL,HG22,13,3.477497348242105
VAL,HG23,13,3.477497348242105
