atomtype,Entries used,mean_red_ChiSq
C,157,0.623933329893057
CA,157,0.9285478100180846
CB,144,1.8086575555555555
H,157,0.6726373353818381
N,157,0.5933871000278477
