residue,atomtype,Entries used,mean_red_ChiSq
ILE,HD11,4,1.3319561298076916
ILE,HD12,4,1.3319561298076916
ILE,HD13,4,1.3319561298076916
LEU,HD11,13,0.6297243076923077
LEU,HD12,13,0.6297243076923077
LEU,HD13,13,0.6297243076923077
LEU,HD21,13,2.2008362126932868
LEU,HD22,13,2.2008362126932868
LEU,HD23,13,2.2008362126932868
TRP,HE1,5,0.6339149903206779
VAL,HG11,13,1.057353010340171
VAL,HG12,13,1.057353010340171
VAL,HG13,13,1.057353010340171
VAL,HG21,13,4.073388780854307
VAL,HG22,13,4.073388780854307
VAL,HG23,13,4.073388780854307
