atomtype,Entries used,mean_red_ChiSq
C,159,0.6721902964612957
CA,159,3.5177854103579453
CB,145,6.1420830482758655
H,161,1.381670165844219
HA,2,0.16577256944444463
N,159,1.7781504535559907
