residue,atomtype,Entries used,mean_red_ChiSq
ARG,HB2,1,0.002450740123517307
ARG,HB3,1,0.318498186452308
ARG,HD2,1,0.013061224489796427
ARG,HD3,1,0.013061224489796427
ARG,HG2,1,0.003944082709048127
ARG,HG3,1,0.003944082709048127
GLN,HB2,1,3.515625000000001
GLN,HB3,1,3.515625000000001
GLN,HG2,1,0.4330049128835688
GLN,HG3,1,0.4330049128835688
GLU,HB2,1,0.09590010405827368
GLU,HB3,1,0.09590010405827368
GLU,HG2,1,0.5372223657024792
GLU,HG3,1,0.5372223657024792
ILE,HD11,4,3.674550434541419
ILE,HD12,4,3.674550434541419
ILE,HD13,4,3.674550434541419
LEU,HD11,13,6.144891076923077
LEU,HD12,13,6.144891076923077
LEU,HD13,13,6.144891076923077
LEU,HD21,11,1.505296515871744
LEU,HD22,11,1.505296515871744
LEU,HD23,11,1.505296515871744
TRP,HE1,5,0.6221254103189947
VAL,HG11,13,7.624004783756727
VAL,HG12,13,7.624004783756727
VAL,HG13,13,7.624004783756727
VAL,HG21,10,3.437749569089341
VAL,HG22,10,3.437749569089341
VAL,HG23,10,3.437749569089341
