atomtype,Entries used,mean_red_ChiSq
C,158,0.531328994886895
CA,162,1.4672552354823964
CB,149,0.5429481744966446
H,156,0.9077201120494792
HA,151,0.9390605454378219
N,156,1.0184359051242173
