atomtype,Entries used,mean_red_ChiSq
C,158,0.5882205868348563
CA,162,1.541676566072245
CB,150,0.5475832866666676
H,155,0.9414008269509241
HA,151,1.025274788447388
N,156,0.8740273026636658
