atomtype,Entries used,mean_red_ChiSq
C,159,0.5882879742458624
CA,162,1.551461705532692
CB,150,0.5222775000000003
H,156,1.0150521071681158
HA,151,1.0987454010301694
N,156,0.9193022381658753
