atomtype,Entries used,mean_red_ChiSq
C,159,0.579433743885397
CA,159,3.49729162978492
CB,145,5.75341262758621
H,161,1.4026526677169797
HA,2,0.25681423611111237
N,159,1.6104874051774325
