residue,atomtype,Entries used,mean_red_ChiSq
ARG,HB2,1,0.023551612587001152
ARG,HB3,1,0.21196451328301139
ARG,HD2,1,0.07111111111111011
ARG,HD3,1,0.07111111111111011
ARG,HG2,1,0.01829680972718153
ARG,HG3,1,0.01829680972718153
GLN,HB2,1,1.9855371900826406
GLN,HB3,1,1.9855371900826406
GLN,HG2,1,0.12051330237053402
GLN,HG3,1,0.12051330237053402
GLU,HB2,1,0.29369406867846043
GLU,HB3,1,0.29369406867846043
GLU,HG2,1,0.48841038223140304
GLU,HG3,1,0.48841038223140304
ILE,HD11,4,1.8545788646449706
ILE,HD12,4,1.8545788646449706
ILE,HD13,4,1.8545788646449706
LEU,HD11,13,5.124509538461537
LEU,HD12,13,5.124509538461537
LEU,HD13,13,5.124509538461537
LEU,HD21,11,1.691249945375887
LEU,HD22,11,1.691249945375887
LEU,HD23,11,1.691249945375887
TRP,HE1,5,1.4734160424206713
VAL,HG11,13,6.495553860935118
VAL,HG12,13,6.495553860935118
VAL,HG13,13,6.495553860935118
VAL,HG21,10,3.05576522550991
VAL,HG22,10,3.05576522550991
VAL,HG23,10,3.05576522550991
