residue,atomtype,Entries used,mean_red_ChiSq
ILE,HD11,4,0.5149893676035502
ILE,HD12,4,0.5149893676035502
ILE,HD13,4,0.5149893676035502
LEU,HD11,13,0.5539433846153846
LEU,HD12,13,0.5539433846153846
LEU,HD13,13,0.5539433846153846
LEU,HD21,13,2.0813533881952404
LEU,HD22,13,2.0813533881952404
LEU,HD23,13,2.0813533881952404
TRP,HE1,5,0.604596919451222
VAL,HG11,13,0.6875860841054309
VAL,HG12,13,0.6875860841054309
VAL,HG13,13,0.6875860841054309
VAL,HG21,13,3.441229034539146
VAL,HG22,13,3.441229034539146
VAL,HG23,13,3.441229034539146
