atomtype,Entries used,mean_red_ChiSq
C,157,0.5717623647234014
CA,157,1.1508266886844372
CB,144,1.5326059305555555
H,156,0.6326499771186085
N,157,0.6051841256233679
