atomtype,entries_used,mean_red_ChiSq
C,159,0.5231123218999921
CA,162,1.3945103871361078
CB,150,0.4999926400000002
H,156,0.9850344607618816
HA,150,1.0630003472222218
N,156,0.8859264701147824
