residue,atomtype,Entries used,mean_red_ChiSq
ILE,CD,4,0.4044660587205665
LEU,CD1,12,1.1877191856125968
LEU,CD2,11,0.8462760593070127
VAL,CG1,13,1.3719320570435245
VAL,CG2,12,0.8072946793840017
