atomtype,Entries used,mean_red_ChiSq
C,158,0.5425451761261529
CA,162,1.4844976451760379
CB,150,0.5321992199999999
H,156,1.0773669065745863
HA,151,0.967146339220014
N,156,0.9877378273482157
