atomtype,Entries used,mean_red_ChiSq
C,158,0.48598102181493147
CA,162,0.8963205380277409
CB,150,0.5016922200000002
H,156,0.696925018374451
HA,150,0.9002343749999996
N,156,0.726212258160311
