residue,atomtype,Entries used,mean_red_ChiSq
ILE,HD11,4,0.45191729844674555
ILE,HD12,4,0.45191729844674555
ILE,HD13,4,0.45191729844674555
LEU,HD11,13,0.46793230769230776
LEU,HD12,13,0.46793230769230776
LEU,HD13,13,0.46793230769230776
LEU,HD21,13,1.7862275522906836
LEU,HD22,13,1.7862275522906836
LEU,HD23,13,1.7862275522906836
TRP,HE1,5,0.5961754061105944
VAL,HG11,13,0.7035129033775205
VAL,HG12,13,0.7035129033775205
VAL,HG13,13,0.7035129033775205
VAL,HG21,13,3.47906078050074
VAL,HG22,13,3.47906078050074
VAL,HG23,13,3.47906078050074
