atomtype,Entries used,mean_red_ChiSq
C,157,0.5172268727392462
CA,157,0.973680018872375
CB,144,1.5200658680555548
H,157,0.6545694522430783
N,157,0.6020159884416647
