residue,atomtype,entries_used,mean_red_ChiSq
ILE,HD11,4,1.3464138775887566
ILE,HD12,4,1.3464138775887566
ILE,HD13,4,1.3464138775887566
LEU,HD11,13,0.5103409230769231
LEU,HD12,13,0.5103409230769231
LEU,HD13,13,0.5103409230769231
LEU,HD21,13,2.05909775033313
LEU,HD22,13,2.05909775033313
LEU,HD23,13,2.05909775033313
TRP,HE1,5,0.6186698089386415
VAL,HG11,13,0.6963893386725075
VAL,HG12,13,0.6963893386725075
VAL,HG13,13,0.6963893386725075
VAL,HG21,12,2.336945202528008
VAL,HG22,12,2.336945202528008
VAL,HG23,12,2.336945202528008
