atomtype,entries_used,mean_red_ChiSq
C,157,0.5752761467179769
CA,157,1.218111048203192
CB,144,1.592813944444444
H,157,0.7871775757596633
N,157,0.7647387444037289
