atomtype,Entries used,mean_red_ChiSq
C,158,0.5757933978942019
CA,162,1.4344511278768475
CB,150,0.5520321866666673
H,156,1.076360090693514
HA,151,0.9567615204194261
N,156,0.9803025377700709
