atomtype,Entries used,mean_red_ChiSq
C,159,0.6288940359548502
CA,159,3.5165790977560345
CB,145,5.927251937931032
H,161,1.3845070190702378
HA,2,0.24094618055555667
N,159,1.489028126800732
