residue,atomtype,Entries used,mean_red_ChiSq
ARG,HB2,1,0.022056661111655437
ARG,HB3,1,0.21654739731398925
ARG,HD2,1,0.001836734693877328
ARG,HD3,1,0.001836734693877328
ARG,HG2,1,0.045181917897733986
ARG,HG3,1,0.045181917897733986
GLN,HB2,1,2.284220041322314
GLN,HB3,1,2.284220041322314
GLN,HG2,1,0.207898198609359
GLN,HG3,1,0.207898198609359
GLU,HB2,1,0.24041623309053112
GLU,HB3,1,0.24041623309053112
GLU,HG2,1,0.5289256198347116
GLU,HG3,1,0.5289256198347116
ILE,HD11,4,1.700744267751479
ILE,HD12,4,1.700744267751479
ILE,HD13,4,1.700744267751479
LEU,HD11,13,4.489414153846154
LEU,HD12,13,4.489414153846154
LEU,HD13,13,4.489414153846154
LEU,HD21,11,2.119269930518129
LEU,HD22,11,2.119269930518129
LEU,HD23,11,2.119269930518129
TRP,HE1,5,4.62382964396936
VAL,HG11,13,5.62925549426554
VAL,HG12,13,5.62925549426554
VAL,HG13,13,5.62925549426554
VAL,HG21,10,3.6241471559896574
VAL,HG22,10,3.6241471559896574
VAL,HG23,10,3.6241471559896574
