residue,atomtype,Entries used,mean_red_ChiSq
ILE,HD11,4,1.0495099852071001
ILE,HD12,4,1.0495099852071001
ILE,HD13,4,1.0495099852071001
LEU,HD11,13,0.5543101538461539
LEU,HD12,13,0.5543101538461539
LEU,HD13,13,0.5543101538461539
LEU,HD21,13,2.0769189684427625
LEU,HD22,13,2.0769189684427625
LEU,HD23,13,2.0769189684427625
TRP,HE1,5,0.6109048059927608
VAL,HG11,13,1.1142810591452397
VAL,HG12,13,1.1142810591452397
VAL,HG13,13,1.1142810591452397
VAL,HG21,13,4.1167229244469965
VAL,HG22,13,4.1167229244469965
VAL,HG23,13,4.1167229244469965
