atomtype,Entries used,mean_red_ChiSq
C,157,0.6859398897637027
CA,157,1.0560373673036103
CB,144,1.8917895069444453
H,157,0.794763359777879
N,157,0.6674313320983848
