atomtype,Entries used,mean_red_ChiSq
C,158,0.5206440886759647
CA,162,1.4634147233653394
CB,150,0.53862914
H,156,1.1352356089916928
HA,150,1.0258574074074076
N,156,0.9334783566601741
