atomtype,Entries used,mean_red_ChiSq
C,159,0.7830317401389878
CA,159,4.616883640034161
CB,145,6.445457268965518
H,161,1.956736560638788
HA,2,1.147612847222223
N,159,1.9737448392042836
