residue,atomtype,Entries used,mean_red_ChiSq
ARG,HB2,1,0.7334820115674938
ARG,HB3,1,2.1617733555533762
ARG,HD2,1,0.02777777777777801
ARG,HD3,1,0.02777777777777801
ARG,HG2,1,0.1766435622768334
ARG,HG3,1,0.1766435622768334
GLN,HB2,1,9.765625
GLN,HB3,1,9.765625
GLN,HG2,1,0.54132996858976
GLN,HG3,1,0.54132996858976
GLU,HB2,1,0.03500520291363143
GLU,HB3,1,0.03500520291363143
GLU,HG2,1,0.021823347107438423
GLU,HG3,1,0.021823347107438423
ILE,HD11,4,5.544661843565088
ILE,HD12,4,5.544661843565088
ILE,HD13,4,5.544661843565088
LEU,HD11,13,8.392802461538462
LEU,HD12,13,8.392802461538462
LEU,HD13,13,8.392802461538462
LEU,HD21,11,0.9854707951166852
LEU,HD22,11,0.9854707951166852
LEU,HD23,11,0.9854707951166852
TRP,HE1,5,0.5092547765339611
VAL,HG11,13,9.044973696056761
VAL,HG12,13,9.044973696056761
VAL,HG13,13,9.044973696056761
VAL,HG21,10,3.856298477449009
VAL,HG22,10,3.856298477449009
VAL,HG23,10,3.856298477449009
