atomtype,Entries used,mean_red_ChiSq
C,157,0.6855825187249338
CA,157,1.0778970197373596
CB,144,1.9300050972222218
H,157,0.8091100715484006
N,157,0.6769585184532658
