residue,atomtype,Entries used,mean_red_ChiSq
ILE,HD11,4,1.001525517751479
ILE,HD12,4,1.001525517751479
ILE,HD13,4,1.001525517751479
LEU,HD11,13,0.6454880000000001
LEU,HD12,13,0.6454880000000001
LEU,HD13,13,0.6454880000000001
LEU,HD21,13,2.1870837595881665
LEU,HD22,13,2.1870837595881665
LEU,HD23,13,2.1870837595881665
TRP,HE1,5,0.6157111354263087
VAL,HG11,13,1.0879099283108369
VAL,HG12,13,1.0879099283108369
VAL,HG13,13,1.0879099283108369
VAL,HG21,13,4.0065479084259605
VAL,HG22,13,4.0065479084259605
VAL,HG23,13,4.0065479084259605
