atomtype,entries_used,mean_red_ChiSq
C,158,0.4907370719546022
CA,162,1.3405776406035668
CB,150,0.5363464000000001
H,156,1.0165665085770554
HA,150,1.0536728009259266
N,156,0.8686984732439277
