residue,atomtype,Entries used,mean_red_ChiSq
ARG,HB2,1,0.12704636800313718
ARG,HB3,1,0.9414763258504064
ARG,HD2,1,0.03274376417233605
ARG,HD3,1,0.03274376417233605
ARG,HG2,1,0.04315153212443727
ARG,HG3,1,0.04315153212443727
GLN,HB2,1,8.006327479338834
GLN,HB3,1,8.006327479338834
GLN,HG2,1,4.735697602620212
GLN,HG3,1,4.735697602620212
GLU,HB2,1,0.012029136316337011
GLU,HB3,1,0.012029136316337011
GLU,HG2,1,0.8472365702479329
GLU,HG3,1,0.8472365702479329
ILE,HD11,4,3.9504264515532546
ILE,HD12,4,3.9504264515532546
ILE,HD13,4,3.9504264515532546
LEU,HD11,13,6.661199999999999
LEU,HD12,13,6.661199999999999
LEU,HD13,13,6.661199999999999
LEU,HD21,11,0.8339718285239838
LEU,HD22,11,0.8339718285239838
LEU,HD23,11,0.8339718285239838
TRP,HE1,5,0.2639952865920375
VAL,HG11,13,7.017201703877398
VAL,HG12,13,7.017201703877398
VAL,HG13,13,7.017201703877398
VAL,HG21,10,3.7589611462223496
VAL,HG22,10,3.7589611462223496
VAL,HG23,10,3.7589611462223496
