atomtype,Entries used,mean_red_ChiSq
C,159,0.6831859246399188
CA,159,4.0259974221601045
CB,145,5.710504268965519
H,161,1.5384404193638328
HA,2,0.8966840277777767
N,159,1.5989144534574575
