atomtype,Entries used,mean_red_ChiSq
C,157,0.6420976135537073
CA,157,1.1500790202091689
CB,144,1.7548224374999992
H,157,0.7929290062109658
N,157,0.7627852840351808
