residue,atomtype,Entries used,mean_red_ChiSq
ILE,HD11,4,1.2810593102810646
ILE,HD12,4,1.2810593102810646
ILE,HD13,4,1.2810593102810646
LEU,HD11,13,0.8867680000000002
LEU,HD12,13,0.8867680000000002
LEU,HD13,13,0.8867680000000002
LEU,HD21,13,2.806072881701788
LEU,HD22,13,2.806072881701788
LEU,HD23,13,2.806072881701788
TRP,HE1,5,0.588250820637992
VAL,HG11,13,0.8694024335346723
VAL,HG12,13,0.8694024335346723
VAL,HG13,13,0.8694024335346723
VAL,HG21,13,3.57533064106247
VAL,HG22,13,3.57533064106247
VAL,HG23,13,3.57533064106247
