atomtype,Entries used,mean_red_ChiSq
C,159,0.4596715189213058
CA,162,0.812623502514861
CB,150,0.4869062533333333
H,156,0.7014382341113008
HA,151,0.891980086460633
N,156,0.7332136970773323
