atomtype,Entries used,mean_red_ChiSq
C,158,0.5279946695772767
CA,162,0.9928611034903212
CB,150,0.5220304266666668
H,156,0.6831499008473048
HA,151,0.9210698353568795
N,156,0.7257580766996355
