atomtype,Entries used,mean_red_ChiSq
C,158,0.575518785283833
CA,162,1.448427686328301
CB,150,0.5556289800000002
H,156,1.0830876357282522
HA,151,0.9479347176232525
N,156,0.9846673168101745
