residue,atomtype,Entries used,mean_red_ChiSq
ILE,HD11,4,1.2646484374999998
ILE,HD12,4,1.2646484374999998
ILE,HD13,4,1.2646484374999998
LEU,HD11,13,0.6917280000000002
LEU,HD12,13,0.6917280000000002
LEU,HD13,13,0.6917280000000002
LEU,HD21,13,2.288051032803477
LEU,HD22,13,2.288051032803477
LEU,HD23,13,2.288051032803477
TRP,HE1,5,0.6279646494402813
VAL,HG11,13,1.1262774041400998
VAL,HG12,13,1.1262774041400998
VAL,HG13,13,1.1262774041400998
VAL,HG21,13,4.164612014673059
VAL,HG22,13,4.164612014673059
VAL,HG23,13,4.164612014673059
