atomtype,Entries used,mean_red_ChiSq
C,157,0.6355967221534167
CA,156,0.950290685343463
CB,144,1.8343373263888887
H,157,0.7048119658414082
N,157,0.6141834078826387
