atomtype,Entries used,mean_red_ChiSq
C,159,0.6570492146857279
CA,159,3.7129957993633056
CB,145,5.893159593103449
H,161,1.3766201639966544
HA,2,0.5396006944444436
N,159,1.5450926577121136
