residue,atomtype,Entries used,mean_red_ChiSq
ARG,HB2,1,0.007940398000196074
ARG,HB3,1,0.27536516027840346
ARG,HD2,1,0.06369614512471641
ARG,HD3,1,0.06369614512471641
ARG,HG2,1,0.0059744684823449905
ARG,HG3,1,0.0059744684823449905
GLN,HB2,1,5.613668646694209
GLN,HB3,1,5.613668646694209
GLN,HG2,1,1.2641681655883388
GLN,HG3,1,1.2641681655883388
GLU,HB2,1,0.020145681581686184
GLU,HB3,1,0.020145681581686184
GLU,HG2,1,0.7957450929752067
GLU,HG3,1,0.7957450929752067
ILE,HD11,4,2.4009569156804726
ILE,HD12,4,2.4009569156804726
ILE,HD13,4,2.4009569156804726
LEU,HD11,13,6.913510153846153
LEU,HD12,13,6.913510153846153
LEU,HD13,13,6.913510153846153
LEU,HD21,11,0.8406270686354008
LEU,HD22,11,0.8406270686354008
LEU,HD23,11,0.8406270686354008
TRP,HE1,5,0.4656113121791089
VAL,HG11,13,9.855291359003473
VAL,HG12,13,9.855291359003473
VAL,HG13,13,9.855291359003473
VAL,HG21,10,4.022075193909794
VAL,HG22,10,4.022075193909794
VAL,HG23,10,4.022075193909794
