atomtype,entries_used,mean_red_ChiSq
C,157,0.570335568284581
CA,157,1.112055752142801
CB,144,1.6364418055555556
H,157,0.7471007568215559
N,157,0.6734959595601505
