residue,atomtype,entries_used,mean_red_ChiSq
ILE,HD11,4,1.2828390809911239
ILE,HD12,4,1.2828390809911239
ILE,HD13,4,1.2828390809911239
LEU,HD11,13,0.4132652307692306
LEU,HD12,13,0.4132652307692306
LEU,HD13,13,0.4132652307692306
LEU,HD21,13,1.7933283757670873
LEU,HD22,13,1.7933283757670873
LEU,HD23,13,1.7933283757670873
TRP,HE1,5,0.6541456106388328
VAL,HG11,13,0.6706581696755513
VAL,HG12,13,0.6706581696755513
VAL,HG13,13,0.6706581696755513
VAL,HG21,13,2.9499163038914538
VAL,HG22,13,2.9499163038914538
VAL,HG23,13,2.9499163038914538
