atomtype,Entries used,mean_red_ChiSq
C,157,0.6079267202612674
CA,157,1.0429419438546816
CB,144,1.713118354166666
H,157,0.7707480717757577
N,157,0.6723590107377024
