residue,atomtype,Entries used,mean_red_ChiSq
ILE,HD11,4,1.566250231139053
ILE,HD12,4,1.566250231139053
ILE,HD13,4,1.566250231139053
LEU,HD11,13,0.56776
LEU,HD12,13,0.56776
LEU,HD13,13,0.56776
LEU,HD21,13,2.296676102476455
LEU,HD22,13,2.296676102476455
LEU,HD23,13,2.296676102476455
TRP,HE1,5,0.5417846982577219
VAL,HG11,13,0.6240484556931413
VAL,HG12,13,0.6240484556931413
VAL,HG13,13,0.6240484556931413
VAL,HG21,13,2.178134598811128
VAL,HG22,13,2.178134598811128
VAL,HG23,13,2.178134598811128
