atomtype,Entries used,mean_red_ChiSq
C,159,0.7038016556749365
CA,159,3.403302042084015
CB,145,6.108530096551726
H,161,1.3475120343714413
HA,2,0.10257812500000028
N,159,1.7960820748764867
