residue,atomtype,Entries used,mean_red_ChiSq
ARG,HB2,1,0.03921184197627648
ARG,HB3,1,0.1729242231153812
ARG,HD2,1,0.003265306122448986
ARG,HD3,1,0.003265306122448986
ARG,HG2,1,0.0008401596303297641
ARG,HG3,1,0.0008401596303297641
GLN,HB2,1,3.326478564049585
GLN,HB3,1,3.326478564049585
GLN,HG2,1,0.4467502483288172
GLN,HG3,1,0.4467502483288172
GLU,HB2,1,0.11691987513007353
GLU,HB3,1,0.11691987513007353
GLU,HG2,1,0.5044227789256197
GLU,HG3,1,0.5044227789256197
ILE,HD11,4,3.0329257581360944
ILE,HD12,4,3.0329257581360944
ILE,HD13,4,3.0329257581360944
LEU,HD11,13,5.915032615384617
LEU,HD12,13,5.915032615384617
LEU,HD13,13,5.915032615384617
LEU,HD21,11,1.5105598526524657
LEU,HD22,11,1.5105598526524657
LEU,HD23,11,1.5105598526524657
TRP,HE1,5,0.5883080548775359
VAL,HG11,13,7.837745318704356
VAL,HG12,13,7.837745318704356
VAL,HG13,13,7.837745318704356
VAL,HG21,10,2.7466353059465662
VAL,HG22,10,2.7466353059465662
VAL,HG23,10,2.7466353059465662
