residue,atomtype,Entries used,mean_red_ChiSq
ARG,HB2,1,0.03002156651308682
ARG,HB3,1,0.1941231251838054
ARG,HD2,1,0.05444444444444332
ARG,HD3,1,0.05444444444444332
ARG,HG2,1,0.03024574669187151
ARG,HG3,1,0.03024574669187151
GLN,HB2,1,2.1488894628099167
GLN,HB3,1,2.1488894628099167
GLN,HG2,1,0.1391715213831246
GLN,HG3,1,0.1391715213831246
GLU,HB2,1,0.32233090530697245
GLU,HB3,1,0.32233090530697245
GLU,HG2,1,0.4963842975206584
GLU,HG3,1,0.4963842975206584
ILE,HD11,4,1.8320370284763312
ILE,HD12,4,1.8320370284763312
ILE,HD13,4,1.8320370284763312
LEU,HD11,13,5.055144615384616
LEU,HD12,13,5.055144615384616
LEU,HD13,13,5.055144615384616
LEU,HD21,11,1.7828695543805302
LEU,HD22,11,1.7828695543805302
LEU,HD23,11,1.7828695543805302
TRP,HE1,5,1.6924972645400183
VAL,HG11,13,6.239118969073549
VAL,HG12,13,6.239118969073549
VAL,HG13,13,6.239118969073549
VAL,HG21,10,3.0526483050847446
VAL,HG22,10,3.0526483050847446
VAL,HG23,10,3.0526483050847446
