atomtype,Entries used,mean_red_ChiSq
C,159,0.5790737980675922
CA,159,3.500944211507105
CB,145,5.751756600000005
H,161,1.3710539522790568
HA,2,0.28375868055555387
N,159,1.553068154856933
