atomtype,Entries used,mean_red_ChiSq
C,158,0.5375946986345516
CA,162,1.0177685261393097
CB,150,0.5157267066666668
H,156,0.6998053001622498
HA,151,0.9093190075423103
N,156,0.7314475207332344
