atomtype,Entries used,mean_red_ChiSq
C,158,0.5254720189433895
CA,162,1.4128576207895114
CB,150,0.4730049866666668
H,156,0.9428116722830074
HA,150,0.9302903935185179
N,156,0.8792426440803067
