residue,atomtype,Entries used,mean_red_ChiSq
ILE,HD11,4,1.044124445266272
ILE,HD12,4,1.044124445266272
ILE,HD13,4,1.044124445266272
LEU,HD11,13,0.6571249230769232
LEU,HD12,13,0.6571249230769232
LEU,HD13,13,0.6571249230769232
LEU,HD21,13,2.2147872423469286
LEU,HD22,13,2.2147872423469286
LEU,HD23,13,2.2147872423469286
TRP,HE1,5,0.6237852032657181
VAL,HG11,13,0.9591717785228139
VAL,HG12,13,0.9591717785228139
VAL,HG13,13,0.9591717785228139
VAL,HG21,13,3.8451414823326635
VAL,HG22,13,3.8451414823326635
VAL,HG23,13,3.8451414823326635
