atomtype,Entries used,mean_red_ChiSq
C,157,0.6850985301417407
CA,157,1.079817236769679
CB,144,1.9067507638888896
H,157,0.7728846027978628
N,157,0.6659877970945868
