atomtype,Entries used,mean_red_ChiSq
C,157,0.6459267706367479
CA,157,1.1381767791145716
CB,144,1.7705189791666656
H,156,0.8057216305418036
N,157,0.7439029160470145
