residue,atomtype,Entries used,mean_red_ChiSq
ILE,HD11,4,1.1114436945266268
ILE,HD12,4,1.1114436945266268
ILE,HD13,4,1.1114436945266268
LEU,HD11,13,0.7904972307692308
LEU,HD12,13,0.7904972307692308
LEU,HD13,13,0.7904972307692308
LEU,HD21,13,2.60457657317135
LEU,HD22,13,2.60457657317135
LEU,HD23,13,2.60457657317135
TRP,HE1,5,0.618885279016916
VAL,HG11,13,0.7584958713223192
VAL,HG12,13,0.7584958713223192
VAL,HG13,13,0.7584958713223192
VAL,HG21,13,3.6373624400592224
VAL,HG22,13,3.6373624400592224
VAL,HG23,13,3.6373624400592224
