atomtype,entries_used,mean_red_ChiSq
C,157,0.5599879897479754
CA,157,0.879958960446646
CB,144,1.8079272499999999
H,157,0.6824981311984787
N,157,0.5996129822145209
