residue,atomtype,entries_used,mean_red_ChiSq
ILE,HD11,4,1.3921274038461537
ILE,HD12,4,1.3921274038461537
ILE,HD13,4,1.3921274038461537
LEU,HD11,13,0.6775975384615387
LEU,HD12,13,0.6775975384615387
LEU,HD13,13,0.6775975384615387
LEU,HD21,13,2.3255244817494463
LEU,HD22,13,2.3255244817494463
LEU,HD23,13,2.3255244817494463
TRP,HE1,5,0.6567871391297011
VAL,HG11,13,0.858664176246498
VAL,HG12,13,0.858664176246498
VAL,HG13,13,0.858664176246498
VAL,HG21,13,3.836690385167834
VAL,HG22,13,3.836690385167834
VAL,HG23,13,3.836690385167834
