residue,atomtype,entries_used,mean_red_ChiSq
ILE,HD11,4,1.2568128235946743
ILE,HD12,4,1.2568128235946743
ILE,HD13,4,1.2568128235946743
LEU,HD11,13,0.6294375384615385
LEU,HD12,13,0.6294375384615385
LEU,HD13,13,0.6294375384615385
LEU,HD21,13,2.1999118046225887
LEU,HD22,13,2.1999118046225887
LEU,HD23,13,2.1999118046225887
TRP,HE1,5,0.6539799680161589
VAL,HG11,13,0.8247327613429458
VAL,HG12,13,0.8247327613429458
VAL,HG13,13,0.8247327613429458
VAL,HG21,13,3.844246514043267
VAL,HG22,13,3.844246514043267
VAL,HG23,13,3.844246514043267
