atomtype,entries_used,mean_red_ChiSq
C,157,0.5542526797298909
CA,157,0.8817101045844138
CB,144,1.7814958680555557
H,157,0.6772852600648308
N,157,0.6022447535277382
