atomtype,entries_used,mean_red_ChiSq
C,158,0.4700718373964687
CA,162,1.3145065310166135
CB,150,0.5247417866666666
H,156,0.9273735283105213
HA,151,0.9064661515820457
N,156,0.8394131061338862
