atomtype,Entries used,mean_red_ChiSq
C,159,0.5776537174130355
CA,162,1.4643309175430572
CB,150,0.5356847333333341
H,156,0.9104083981639415
HA,150,0.9880570601851857
N,156,0.875601385146841
