atomtype,Entries used,mean_red_ChiSq
C,157,0.5795471520651512
CA,162,1.4364696463953663
CB,150,0.5523431800000002
H,156,1.080368771754656
HA,151,0.9514651168138336
N,156,0.9825032603279357
