atomtype,Entries used,mean_red_ChiSq
C,159,0.5887425872544425
CA,162,1.5678262459990862
CB,150,0.5340779866666668
H,155,1.023237320958147
HA,151,1.0971078228476823
N,156,0.9263885717457142
