residue,atomtype,Entries used,mean_red_ChiSq
ILE,HD11,4,1.272368481878698
ILE,HD12,4,1.272368481878698
ILE,HD13,4,1.272368481878698
LEU,HD11,13,0.6231852307692308
LEU,HD12,13,0.6231852307692308
LEU,HD13,13,0.6231852307692308
LEU,HD21,13,2.1702978785177147
LEU,HD22,13,2.1702978785177147
LEU,HD23,13,2.1702978785177147
TRP,HE1,5,0.6243097382375222
VAL,HG11,13,1.0311380906629404
VAL,HG12,13,1.0311380906629404
VAL,HG13,13,1.0311380906629404
VAL,HG21,13,4.008654122378626
VAL,HG22,13,4.008654122378626
VAL,HG23,13,4.008654122378626
