atomtype,Entries used,mean_red_ChiSq
C,157,0.6412497880543753
CA,157,0.9364244397263505
CB,144,1.8241309374999994
H,156,0.7143576222767676
N,157,0.6314287862852672
