atomtype,Entries used,mean_red_ChiSq
C,159,0.5360070263364785
CA,162,1.2112674897119338
CB,150,0.6105243000000007
H,155,0.7992050454474084
HA,151,0.9862171173657092
N,156,0.7812110328344096
