,res_nr,res_name,C1,C2,g_plus,trans,g_minus,g_plus_sim,trans_sim,g_minus_sim
0,10,val,23.451,19.365,0.0,0.42,0.58,0.024129758702412976,0.6050239497605024,0.37084629153708465
1,46,val,21.481,19.686,0.06,0.47,0.47,0.11824881751182488,0.8660213397866021,0.015729842701572985
2,86,val,19.74,20.706,0.51,0.23,0.26,0.012599874001259987,0.98740012599874,0.0
3,87,val,21.156,22.278,0.11,0.89,0.0,0.04242957570424296,0.15892841071589284,0.7986420135798642
4,95,val,22.958,20.43,0.0,0.64,0.36,0.24680753192468075,0.5365346346536535,0.21665783342166578
5,101,val,24.917,22.365,0.0,0.79,0.21,0.018769812301876982,0.8681813181868181,0.11304886951130488
6,112,val,22.142,22.142,0.0,0.98,0.02,0.22628773712262878,0.4971350286497135,0.27657723422765773
7,115,val,19.392,23.163,0.73,0.27,0.0,0.17275827241727582,0.03926960730392696,0.7879721202787973
8,121,val,19.939,19.313,0.4,0.0,0.6,0.10872891271087289,0.4360356396436036,0.45523544764552354
9,123,val,21.224,19.667,0.11,0.39,0.49,0.4316756832431676,0.26041739582604173,0.3079069209307907
10,134,leu,23.069000000000006,23.198,0.51,0.49,0.0,0.7363426365736343,0.25480745192548077,0.008849911500884992
11,138,leu,21.654,25.591,0.89,0.11,0.0,0.45213547864521353,0.5345746542534575,0.013289867101328987
12,13,leu,23.838,26.066,0.72,0.28,0.0,0.8356316436835631,0.15314846851531486,0.01121988780112199
13,17,leu,25.741,22.201,0.15,0.85,0.0,0.22864771352286478,0.7671423285767143,0.004199958000419996
14,50,leu,22.345,21.488000000000003,0.41,0.59,0.0,0.21538784612153877,0.7812721872781272,0.0033399666003339967
15,59,leu,24.887,23.764,0.39,0.61,0.0,0.24321756782432175,0.7479625203747963,0.00881991180088199
16,68,leu,23.906,23.407,0.45,0.55,0.0,0.5079649203507965,0.4864651353486465,0.0055599444005559944
17,72,leu,20.635,25.838,1.0,0.0,0.0,0.5030049699503005,0.4884251157488425,0.00855991440085599
18,90,leu,21.232,21.189,0.5,0.5,0.0,0.9898801011989881,0.00909990900090999,0.001019989800101999
19,110,leu,21.504,22.945,0.64,0.36,0.0,0.6191738082619174,0.3792762072379276,0.0015499845001549985
20,122,leu,22.737,22.811,0.51,0.49,0.0,0.8550214497855021,0.12270877291227088,0.022269777302226977
21,142,ile,13.118,,0.0,0.69,0.31,0.08596914030859691,0.8694613053869461,0.04456955430445696
22,74,ile,12.862,,0.0,0.65,0.35,0.3250267497325027,0.6124038759612404,0.06256937430625693
23,100,ile,13.464,,0.0,0.76,0.24,0.01119988800111999,0.7833921660783392,0.2054079459205408
24,126,ile,14.475,,0.0,0.94,0.06,0.03935960640393596,0.8590714092859072,0.1015689843101569
