residue,atomtype,Entries used,mean_red_ChiSq
ILE,HD11,4,1.1221627681213013
ILE,HD12,4,1.1221627681213013
ILE,HD13,4,1.1221627681213013
LEU,HD11,13,0.7901956923076925
LEU,HD12,13,0.7901956923076925
LEU,HD13,13,0.7901956923076925
LEU,HD21,13,2.604495773058503
LEU,HD22,13,2.604495773058503
LEU,HD23,13,2.604495773058503
TRP,HE1,5,0.6143503072131956
VAL,HG11,13,0.7821509436497647
VAL,HG12,13,0.7821509436497647
VAL,HG13,13,0.7821509436497647
VAL,HG21,13,3.6439352087154444
VAL,HG22,13,3.6439352087154444
VAL,HG23,13,3.6439352087154444
