atomtype,Entries used,mean_red_ChiSq
C,157,0.6450469167747904
CA,157,1.1332246756310467
CB,144,1.7696196319444433
H,157,0.7976395572748914
N,157,0.7393475757062492
