atomtype,Entries used,mean_red_ChiSq
C,159,0.6811598853996851
CA,159,3.4206867225716286
CB,145,6.143542179310346
H,161,1.3674887214509108
HA,2,0.13233506944444426
N,159,1.7903040639649306
