residue,atomtype,Entries used,mean_red_ChiSq
ARG,HB2,1,0.011861582197823767
ARG,HB3,1,0.2549750024507395
ARG,HD2,1,0.015328798185941335
ARG,HD3,1,0.015328798185941335
ARG,HG2,1,0.003360638521319181
ARG,HG3,1,0.003360638521319181
GLN,HB2,1,3.515625000000001
GLN,HB3,1,3.515625000000001
GLN,HG2,1,0.49655024295954336
GLN,HG3,1,0.49655024295954336
GLU,HB2,1,0.12137356919875152
GLU,HB3,1,0.12137356919875152
GLU,HG2,1,0.51252582644628
GLU,HG3,1,0.51252582644628
ILE,HD11,4,3.1472471338757395
ILE,HD12,4,3.1472471338757395
ILE,HD13,4,3.1472471338757395
LEU,HD11,13,5.835166769230768
LEU,HD12,13,5.835166769230768
LEU,HD13,13,5.835166769230768
LEU,HD21,11,1.6290399589550368
LEU,HD22,11,1.6290399589550368
LEU,HD23,11,1.6290399589550368
TRP,HE1,5,0.5950462082316312
VAL,HG11,13,7.661283820555373
VAL,HG12,13,7.661283820555373
VAL,HG13,13,7.661283820555373
VAL,HG21,10,2.9542660155127836
VAL,HG22,10,2.9542660155127836
VAL,HG23,10,2.9542660155127836
