atomtype,Entries used,mean_red_ChiSq
C,157,0.6397477847074783
CA,157,1.1335980813084847
CB,144,1.7520422986111104
H,157,0.7889296676116885
N,157,0.7567805705567309
