residue,atomtype,Entries used,mean_red_ChiSq
ILE,HD11,4,1.3125577847633128
ILE,HD12,4,1.3125577847633128
ILE,HD13,4,1.3125577847633128
LEU,HD11,13,0.8670818461538463
LEU,HD12,13,0.8670818461538463
LEU,HD13,13,0.8670818461538463
LEU,HD21,13,2.763598042719979
LEU,HD22,13,2.763598042719979
LEU,HD23,13,2.763598042719979
TRP,HE1,5,0.5865061863479502
VAL,HG11,13,0.8654467639095118
VAL,HG12,13,0.8654467639095118
VAL,HG13,13,0.8654467639095118
VAL,HG21,13,3.5732327138532245
VAL,HG22,13,3.5732327138532245
VAL,HG23,13,3.5732327138532245
