residue,atomtype,entries_used,mean_red_ChiSq
ILE,HD11,4,1.1753189718934909
ILE,HD12,4,1.1753189718934909
ILE,HD13,4,1.1753189718934909
LEU,HD11,13,0.6276824615384614
LEU,HD12,13,0.6276824615384614
LEU,HD13,13,0.6276824615384614
LEU,HD21,13,2.1978164796623374
LEU,HD22,13,2.1978164796623374
LEU,HD23,13,2.1978164796623374
TRP,HE1,5,0.6354596414443199
VAL,HG11,13,0.8119486418027775
VAL,HG12,13,0.8119486418027775
VAL,HG13,13,0.8119486418027775
VAL,HG21,13,3.750345280975847
VAL,HG22,13,3.750345280975847
VAL,HG23,13,3.750345280975847
