atomtype,entries_used,mean_red_ChiSq
C,157,0.5733481725986866
CA,157,0.9046531021467319
CB,144,1.8095897638888887
H,157,0.6790411756397845
N,157,0.6213056733984855
