atomtype,entries_used,mean_red_ChiSq
C,157,0.5701584769648915
CA,157,1.0635384288747332
CB,144,1.6393383541666666
H,157,0.7452592380801465
N,157,0.6421168887270299
