residue,atomtype,entries_used,mean_red_ChiSq
ILE,HD11,4,1.2219743897928996
ILE,HD12,4,1.2219743897928996
ILE,HD13,4,1.2219743897928996
LEU,HD11,13,0.3996098461538462
LEU,HD12,13,0.3996098461538462
LEU,HD13,13,0.3996098461538462
LEU,HD21,13,1.7382377632337576
LEU,HD22,13,1.7382377632337576
LEU,HD23,13,1.7382377632337576
TRP,HE1,5,0.6478229105294174
VAL,HG11,13,0.6700602000846564
VAL,HG12,13,0.6700602000846564
VAL,HG13,13,0.6700602000846564
VAL,HG21,13,3.1419284356838215
VAL,HG22,13,3.1419284356838215
VAL,HG23,13,3.1419284356838215
