atomtype,entries_used,mean_red_ChiSq
C,159,0.48758079407368604
CA,162,1.4023342173449163
CB,150,0.4999192866666667
H,156,1.052055234291578
HA,151,1.0112581631714492
N,156,0.8691049715075686
