atomtype,entries_used,mean_red_ChiSq
C,159,0.519494092248039
CA,162,1.3180650586800795
CB,150,0.4910134200000009
H,156,0.9477990181803059
HA,151,1.0257389394775573
N,156,0.8475565644072143
