residue,atomtype,Entries used,mean_red_ChiSq
ARG,HB2,1,0.11332222331144028
ARG,HB3,1,0.07685521027350214
ARG,HD2,1,0.005102040816326313
ARG,HD3,1,0.005102040816326313
ARG,HG2,1,0.0075614366729676915
ARG,HG3,1,0.0075614366729676915
GLN,HB2,1,4.091425619834706
GLN,HB3,1,4.091425619834706
GLN,HG2,1,1.1392520604579983
GLN,HG3,1,1.1392520604579983
GLU,HB2,1,0.08058272632674311
GLU,HB3,1,0.08058272632674311
GLU,HG2,1,0.5372223657024792
GLU,HG3,1,0.5372223657024792
ILE,HD11,4,2.8023876664201177
ILE,HD12,4,2.8023876664201177
ILE,HD13,4,2.8023876664201177
LEU,HD11,12,6.718049333333333
LEU,HD12,12,6.718049333333333
LEU,HD13,12,6.718049333333333
LEU,HD21,11,1.2384217111023714
LEU,HD22,11,1.2384217111023714
LEU,HD23,11,1.2384217111023714
TRP,HE1,5,0.5795673764834617
VAL,HG11,13,8.020787841732902
VAL,HG12,13,8.020787841732902
VAL,HG13,13,8.020787841732902
VAL,HG21,10,2.905702384372306
VAL,HG22,10,2.905702384372306
VAL,HG23,10,2.905702384372306
