atomtype,Entries used,mean_red_ChiSq
C,159,0.6859298506774619
CA,159,3.295206506716358
CB,145,6.055675427586207
H,161,1.336139931270554
HA,2,0.1369184027777761
N,159,1.768468393577435
