residue,atomtype,entries_used,mean_red_ChiSq
ILE,HD11,4,1.0235183986686387
ILE,HD12,4,1.0235183986686387
ILE,HD13,4,1.0235183986686387
LEU,HD11,13,0.6364172307692308
LEU,HD12,13,0.6364172307692308
LEU,HD13,13,0.6364172307692308
LEU,HD21,13,2.375972511527711
LEU,HD22,13,2.375972511527711
LEU,HD23,13,2.375972511527711
TRP,HE1,5,0.6157138288022892
VAL,HG11,13,0.7855607140697543
VAL,HG12,13,0.7855607140697543
VAL,HG13,13,0.7855607140697543
VAL,HG21,13,3.8773893443528595
VAL,HG22,13,3.8773893443528595
VAL,HG23,13,3.8773893443528595
