atomtype,entries_used,mean_red_ChiSq
C,157,0.5980498790988434
CA,157,0.9196332389714557
CB,144,1.7626241319444431
H,157,0.679239182481148
N,157,0.6878309273561155
