residue,atomtype,Entries used,mean_red_ChiSq
ILE,HD11,4,0.43934333394970426
ILE,HD12,4,0.43934333394970426
ILE,HD13,4,0.43934333394970426
LEU,HD11,13,0.4630732307692309
LEU,HD12,13,0.4630732307692309
LEU,HD13,13,0.4630732307692309
LEU,HD21,13,1.7892075700119285
LEU,HD22,13,1.7892075700119285
LEU,HD23,13,1.7892075700119285
TRP,HE1,5,0.5914451645484367
VAL,HG11,13,0.7015157521315264
VAL,HG12,13,0.7015157521315264
VAL,HG13,13,0.7015157521315264
VAL,HG21,13,3.471452168916978
VAL,HG22,13,3.471452168916978
VAL,HG23,13,3.471452168916978
