atomtype,Entries used,mean_red_ChiSq
C,157,0.5241488018007393
CA,157,0.9922863018007385
CB,144,1.5241138333333333
H,156,0.6564930107750551
N,157,0.6027827821483209
