atomtype,Entries used,mean_red_ChiSq
C,159,0.5918993280000397
CA,162,1.57050297210791
CB,150,0.5378205066666666
H,156,0.9694318134542581
HA,151,1.0641051554451804
N,156,0.912493174213954
