residue,atomtype,Entries used,mean_red_ChiSq
ARG,HB2,1,0.10354377021860586
ARG,HB3,1,0.08531026369963714
ARG,HD2,1,0.004444444444444313
ARG,HD3,1,0.004444444444444313
ARG,HG2,1,0.005250997689561104
ARG,HG3,1,0.005250997689561104
GLN,HB2,1,3.8647985537190044
GLN,HB3,1,3.8647985537190044
GLN,HG2,1,1.0313297001261796
GLN,HG3,1,1.0313297001261796
GLU,HB2,1,0.06996878251820994
GLU,HB3,1,0.06996878251820994
GLU,HG2,1,0.5455836776859493
GLU,HG3,1,0.5455836776859493
ILE,HD11,4,2.645536704881656
ILE,HD12,4,2.645536704881656
ILE,HD13,4,2.645536704881656
LEU,HD11,12,6.769690666666666
LEU,HD12,12,6.769690666666666
LEU,HD13,12,6.769690666666666
LEU,HD21,11,1.208965152243473
LEU,HD22,11,1.208965152243473
LEU,HD23,11,1.208965152243473
TRP,HE1,5,0.5675252924837982
VAL,HG11,13,8.075448309224186
VAL,HG12,13,8.075448309224186
VAL,HG13,13,8.075448309224186
VAL,HG21,10,2.9593651249640898
VAL,HG22,10,2.9593651249640898
VAL,HG23,10,2.9593651249640898
