atomtype,Entries used,mean_red_ChiSq
C,159,0.6808462571094427
CA,159,3.279122206693066
CB,145,6.0452739793103465
H,161,1.3329261746319143
HA,2,0.1254340277777765
N,159,1.7666268736300594
