atomtype,Entries used,mean_red_ChiSq
C,159,0.5864956821667066
CA,162,1.5374265965554037
CB,150,0.5143278200000003
H,156,1.0100318952725662
HA,150,1.104771296296296
N,156,0.8978641812732716
