atomtype,entries_used,mean_red_ChiSq
C,158,0.49445902802195735
CA,162,1.2907666514250868
CB,150,0.5076814466666669
H,156,1.0041142821483535
HA,150,1.0254005787037035
N,156,0.8956322405348374
