atomtype,Entries used,mean_red_ChiSq
C,159,0.6596305941358023
CA,159,3.7021421694230905
CB,145,5.880816834482762
H,161,1.371818911682998
HA,2,0.5093923611111124
N,159,1.5349474405906645
