residue,atomtype,Entries used,mean_red_ChiSq
ARG,HB2,1,0.003529065777864922
ARG,HB3,1,0.30742084109400974
ARG,HD2,1,0.039999999999999654
ARG,HD3,1,0.039999999999999654
ARG,HG2,1,0.0018903591682420161
ARG,HG3,1,0.0018903591682420161
GLN,HB2,1,5.2691115702479365
GLN,HB3,1,5.2691115702479365
GLN,HG2,1,1.0313297001261796
GLN,HG3,1,1.0313297001261796
GLU,HB2,1,0.039999999999999786
GLU,HB3,1,0.039999999999999786
GLU,HG2,1,0.775600464876031
GLU,HG3,1,0.775600464876031
ILE,HD11,4,2.2823652459319517
ILE,HD12,4,2.2823652459319517
ILE,HD13,4,2.2823652459319517
LEU,HD11,13,6.956534153846154
LEU,HD12,13,6.956534153846154
LEU,HD13,13,6.956534153846154
LEU,HD21,11,0.8504221837021068
LEU,HD22,11,0.8504221837021068
LEU,HD23,11,0.8504221837021068
TRP,HE1,5,0.47640030300479674
VAL,HG11,13,9.810702311925127
VAL,HG12,13,9.810702311925127
VAL,HG13,13,9.810702311925127
VAL,HG21,10,4.060406492387244
VAL,HG22,10,4.060406492387244
VAL,HG23,10,4.060406492387244
