residue,atomtype,Entries used,mean_red_ChiSq
ARG,HB2,1,0.04962748750122572
ARG,HB3,1,0.6999558866777771
ARG,HD2,1,0.015328798185941335
ARG,HD3,1,0.015328798185941335
ARG,HG2,1,0.03024574669187151
ARG,HG3,1,0.03024574669187151
GLN,HB2,1,7.910156250000002
GLN,HB3,1,7.910156250000002
GLN,HG2,1,2.5799350318129353
GLN,HG3,1,2.5799350318129353
GLU,HB2,1,0.03500520291363196
GLU,HB3,1,0.03500520291363196
GLU,HG2,1,0.6881456611570238
GLU,HG3,1,0.6881456611570238
ILE,HD11,4,3.5775182599852062
ILE,HD12,4,3.5775182599852062
ILE,HD13,4,3.5775182599852062
LEU,HD11,13,7.080802461538462
LEU,HD12,13,7.080802461538462
LEU,HD13,13,7.080802461538462
LEU,HD21,11,0.7790450572056085
LEU,HD22,11,0.7790450572056085
LEU,HD23,11,0.7790450572056085
TRP,HE1,5,0.34756804982745465
VAL,HG11,13,8.762908416589958
VAL,HG12,13,8.762908416589958
VAL,HG13,13,8.762908416589958
VAL,HG21,10,3.526091640333237
VAL,HG22,10,3.526091640333237
VAL,HG23,10,3.526091640333237
