atomtype,Entries used,mean_red_ChiSq
C,159,0.6736286572375587
CA,159,3.8363847115459255
CB,145,5.791812572413795
H,161,1.3428702773700076
HA,2,0.7269878472222184
N,159,1.5164233400621536
