atomtype,entries_used,mean_red_ChiSq
C,157,0.5983233258138715
CA,157,1.0025712746716986
CB,144,1.7383691597222204
H,157,0.7227580410137342
N,157,0.7218583289854692
