residue,atomtype,entries_used,mean_red_ChiSq
ILE,HD11,4,1.0767092732988162
ILE,HD12,4,1.0767092732988162
ILE,HD13,4,1.0767092732988162
LEU,HD11,13,0.5926658461538463
LEU,HD12,13,0.5926658461538463
LEU,HD13,13,0.5926658461538463
LEU,HD21,13,2.2909488809184375
LEU,HD22,13,2.2909488809184375
LEU,HD23,13,2.2909488809184375
TRP,HE1,5,0.6399239121286071
VAL,HG11,13,0.7945772892493133
VAL,HG12,13,0.7945772892493133
VAL,HG13,13,0.7945772892493133
VAL,HG21,13,3.889927187147813
VAL,HG22,13,3.889927187147813
VAL,HG23,13,3.889927187147813
