atomtype,entries_used,mean_red_ChiSq
C,157,0.5744734748515777
CA,157,1.154344538806322
CB,144,1.6443622361111117
H,157,0.7432620834811727
N,157,0.6901578480526291
