residue,atomtype,entries_used,mean_red_ChiSq
ILE,HD11,4,1.2561367418639051
ILE,HD12,4,1.2561367418639051
ILE,HD13,4,1.2561367418639051
LEU,HD11,13,0.4132873846153847
LEU,HD12,13,0.4132873846153847
LEU,HD13,13,0.4132873846153847
LEU,HD21,13,1.8224547622080072
LEU,HD22,13,1.8224547622080072
LEU,HD23,13,1.8224547622080072
TRP,HE1,5,0.6371483881828126
VAL,HG11,13,0.7046685300026205
VAL,HG12,13,0.7046685300026205
VAL,HG13,13,0.7046685300026205
VAL,HG21,13,2.9008532583475124
VAL,HG22,13,2.9008532583475124
VAL,HG23,13,2.9008532583475124
