atomtype,entries_used,mean_red_ChiSq
C,158,0.47284285447433094
CA,162,1.3166359015393998
CB,150,0.5324636866666672
H,156,0.9098362940466779
HA,150,0.8996773148148145
N,156,0.8456716479768422
