atomtype,entries_used,mean_red_ChiSq
C,159,0.4895202582692758
CA,162,1.4104296829751564
CB,150,0.4942177066666669
H,156,1.0418484350515176
HA,151,1.0156297139440758
N,156,0.8715276822744338
