atomtype,Entries used,mean_red_ChiSq
C,159,0.5913674999029432
CA,162,1.5406537799115974
CB,150,0.5083466000000001
H,156,0.9975081471620134
HA,150,1.1102917824074068
N,156,0.8787477037152363
