atomtype,Entries used,mean_red_ChiSq
C,157,0.5893131733113167
CA,157,1.2713220885428966
CB,144,1.6193250833333326
H,156,0.6841097752076658
N,157,0.6054171687449869
