residue,atomtype,Entries used,mean_red_ChiSq
ILE,HD11,4,0.7709065273668635
ILE,HD12,4,0.7709065273668635
ILE,HD13,4,0.7709065273668635
LEU,HD11,13,1.0847027692307694
LEU,HD12,13,1.0847027692307694
LEU,HD13,13,1.0847027692307694
LEU,HD21,13,3.1562605707774756
LEU,HD22,13,3.1562605707774756
LEU,HD23,13,3.1562605707774756
TRP,HE1,5,0.7199649861122779
VAL,HG11,13,0.522618703682552
VAL,HG12,13,0.522618703682552
VAL,HG13,13,0.522618703682552
VAL,HG21,13,3.180656531058714
VAL,HG22,13,3.180656531058714
VAL,HG23,13,3.180656531058714
