atomtype,Entries used,mean_red_ChiSq
C,159,0.6573384846455492
CA,159,3.723125654165697
CB,145,5.841142055172414
H,161,1.3534056011475066
HA,2,0.6418923611111096
N,159,1.5405877092767537
