residue,atomtype,Entries used,mean_red_ChiSq
ARG,HB2,1,0.025095578864817225
ARG,HB3,1,0.5964121164591701
ARG,HD2,1,0.0027437641723356615
ARG,HD3,1,0.0027437641723356615
ARG,HG2,1,0.013442554085276226
ARG,HG3,1,0.013442554085276226
GLN,HB2,1,6.3355178202479285
GLN,HB3,1,6.3355178202479285
GLN,HG2,1,1.9426293323310708
GLN,HG3,1,1.9426293323310708
GLU,HB2,1,0.04262226847034405
GLU,HB3,1,0.04262226847034405
GLU,HG2,1,0.7263688016528916
GLU,HG3,1,0.7263688016528916
ILE,HD11,4,2.945618759245561
ILE,HD12,4,2.945618759245561
ILE,HD13,4,2.945618759245561
LEU,HD11,13,6.925570461538462
LEU,HD12,13,6.925570461538462
LEU,HD13,13,6.925570461538462
LEU,HD21,11,0.8222652741159391
LEU,HD22,11,0.8222652741159391
LEU,HD23,11,0.8222652741159391
TRP,HE1,5,0.4021634542546919
VAL,HG11,13,9.668823948346176
VAL,HG12,13,9.668823948346176
VAL,HG13,13,9.668823948346176
VAL,HG21,10,3.8588947141625964
VAL,HG22,10,3.8588947141625964
VAL,HG23,10,3.8588947141625964
