atomtype,Entries used,mean_red_ChiSq
C,157,0.6880716572796265
CA,157,1.1028946135094737
CB,144,1.9134982708333328
H,157,0.7974901220491021
N,157,0.6822371380515151
