residue,atomtype,Entries used,mean_red_ChiSq
ILE,HD11,4,1.056438378328402
ILE,HD12,4,1.056438378328402
ILE,HD13,4,1.056438378328402
LEU,HD11,13,0.6364233846153847
LEU,HD12,13,0.6364233846153847
LEU,HD13,13,0.6364233846153847
LEU,HD21,13,2.1757101165849764
LEU,HD22,13,2.1757101165849764
LEU,HD23,13,2.1757101165849764
TRP,HE1,5,0.6199989899840065
VAL,HG11,13,1.0199664733903535
VAL,HG12,13,1.0199664733903535
VAL,HG13,13,1.0199664733903535
VAL,HG21,13,3.9281442666784514
VAL,HG22,13,3.9281442666784514
VAL,HG23,13,3.9281442666784514
