residue,atomtype,Entries used,mean_red_ChiSq
ILE,HD11,4,1.3460556120562122
ILE,HD12,4,1.3460556120562122
ILE,HD13,4,1.3460556120562122
LEU,HD11,13,0.6676984615384616
LEU,HD12,13,0.6676984615384616
LEU,HD13,13,0.6676984615384616
LEU,HD21,13,2.2570046165623796
LEU,HD22,13,2.2570046165623796
LEU,HD23,13,2.2570046165623796
TRP,HE1,5,0.6327130712902946
VAL,HG11,13,1.091202120440482
VAL,HG12,13,1.091202120440482
VAL,HG13,13,1.091202120440482
VAL,HG21,13,4.105544107572978
VAL,HG22,13,4.105544107572978
VAL,HG23,13,4.105544107572978
