atomtype,Entries used,mean_red_ChiSq
C,157,0.6210909977785637
CA,157,0.9228879924510491
CB,144,1.8251690555555555
H,156,0.6888401561481602
N,157,0.6045425157833125
