atomtype,Entries used,mean_red_ChiSq
C,158,0.529953859367675
CA,162,1.4942769394909308
CB,150,0.5476600266666669
H,155,0.9256161831155465
HA,151,0.9500024144591612
N,156,1.0090566912644832
