atomtype,entries_used,mean_red_ChiSq
C,159,0.5147306783329442
CA,162,1.3922454503886588
CB,150,0.491992686666667
H,156,0.9939987657916276
HA,151,1.0430087610375276
N,156,0.8916734696280153
