atomtype,entries_used,mean_red_ChiSq
C,157,0.5557846442016595
CA,157,0.8855237634662259
CB,144,1.7829128402777772
H,157,0.6755778127615892
N,157,0.6081512846580261
