residue,atomtype,entries_used,mean_red_ChiSq
ILE,HD11,4,1.2287583210059168
ILE,HD12,4,1.2287583210059168
ILE,HD13,4,1.2287583210059168
LEU,HD11,13,0.6497833846153848
LEU,HD12,13,0.6497833846153848
LEU,HD13,13,0.6497833846153848
LEU,HD21,13,2.241948405704214
LEU,HD22,13,2.241948405704214
LEU,HD23,13,2.241948405704214
TRP,HE1,5,0.6523376820132974
VAL,HG11,13,0.8193140818479276
VAL,HG12,13,0.8193140818479276
VAL,HG13,13,0.8193140818479276
VAL,HG21,13,3.8277006496806836
VAL,HG22,13,3.8277006496806836
VAL,HG23,13,3.8277006496806836
