residue,atomtype,Entries used,mean_red_ChiSq
ILE,HD11,4,0.5602232803254438
ILE,HD12,4,0.5602232803254438
ILE,HD13,4,0.5602232803254438
LEU,HD11,13,0.6530990769230769
LEU,HD12,13,0.6530990769230769
LEU,HD13,13,0.6530990769230769
LEU,HD21,13,2.3307408822550633
LEU,HD22,13,2.3307408822550633
LEU,HD23,13,2.3307408822550633
TRP,HE1,5,0.6333015739415853
VAL,HG11,13,0.6799703702708333
VAL,HG12,13,0.6799703702708333
VAL,HG13,13,0.6799703702708333
VAL,HG21,13,3.4177885996508506
VAL,HG22,13,3.4177885996508506
VAL,HG23,13,3.4177885996508506
