atomtype,Entries used,mean_red_ChiSq
C,157,0.5775250955905487
CA,157,1.1706335141935986
CB,144,1.5403320347222227
H,157,0.6314303135108318
N,157,0.6039175847911057
