atomtype,Entries used,mean_red_ChiSq
C,158,0.5215949269417085
CA,162,1.4255298049077885
CB,150,0.4723300866666673
H,156,0.9591165702874735
HA,151,0.9509649788447383
N,156,0.8877795677146341
