atomtype,Entries used,mean_red_ChiSq
C,157,0.5589259394412988
CA,157,1.1010656680034594
CB,144,1.5529137916666669
H,157,0.6425929319687353
N,157,0.6133803487530013
