residue,atomtype,Entries used,mean_red_ChiSq
ILE,HD11,4,0.4528880824704141
ILE,HD12,4,0.4528880824704141
ILE,HD13,4,0.4528880824704141
LEU,HD11,13,0.5233501538461538
LEU,HD12,13,0.5233501538461538
LEU,HD13,13,0.5233501538461538
LEU,HD21,13,1.9841782423099519
LEU,HD22,13,1.9841782423099519
LEU,HD23,13,1.9841782423099519
TRP,HE1,5,0.5883296018853639
VAL,HG11,13,0.7139656133891439
VAL,HG12,13,0.7139656133891439
VAL,HG13,13,0.7139656133891439
VAL,HG21,13,3.4647260955074795
VAL,HG22,13,3.4647260955074795
VAL,HG23,13,3.4647260955074795
