atomtype,Entries used,mean_red_ChiSq
C,159,0.5770811950413456
CA,162,1.487602484377381
CB,150,0.5434448466666669
H,156,0.9148646184354678
HA,151,0.9815496228844739
N,156,0.8829670389735329
