residue,atomtype,entries_used,mean_red_ChiSq
ILE,HD11,4,1.2003686667899405
ILE,HD12,4,1.2003686667899405
ILE,HD13,4,1.2003686667899405
LEU,HD11,13,0.6647483076923079
LEU,HD12,13,0.6647483076923079
LEU,HD13,13,0.6647483076923079
LEU,HD21,13,2.2765541353908607
LEU,HD22,13,2.2765541353908607
LEU,HD23,13,2.2765541353908607
TRP,HE1,5,0.6491776786465755
VAL,HG11,13,0.8121770796240182
VAL,HG12,13,0.8121770796240182
VAL,HG13,13,0.8121770796240182
VAL,HG21,13,3.796847722802907
VAL,HG22,13,3.796847722802907
VAL,HG23,13,3.796847722802907
