atomtype,entries_used,mean_red_ChiSq
C,157,0.5572195252909504
CA,157,0.8896159471573479
CB,144,1.7815750972222208
H,157,0.6751569621038052
N,157,0.613944471719309
