residue,atomtype,Entries used,mean_red_ChiSq
ARG,HB2,1,0.079624546613077
ARG,HB3,1,0.802886971865502
ARG,HD2,1,0.024693877551020954
ARG,HD3,1,0.024693877551020954
ARG,HG2,1,0.03024574669187151
ARG,HG3,1,0.03024574669187151
GLN,HB2,1,8.628906249999995
GLN,HB3,1,8.628906249999995
GLN,HG2,1,4.167521275738948
GLN,HG3,1,4.167521275738948
GLU,HG2,1,0.7856404958677697
GLU,HG3,1,0.7856404958677697
ILE,HD11,4,3.543465698964496
ILE,HD12,4,3.543465698964496
ILE,HD13,4,3.543465698964496
LEU,HD11,13,6.83207876923077
LEU,HD12,13,6.83207876923077
LEU,HD13,13,6.83207876923077
LEU,HD21,11,0.7412629742384592
LEU,HD22,11,0.7412629742384592
LEU,HD23,11,0.7412629742384592
TRP,HE1,5,0.25866374884268917
VAL,HG11,13,7.5580836754301695
VAL,HG12,13,7.5580836754301695
VAL,HG13,13,7.5580836754301695
VAL,HG21,10,3.6310937948865267
VAL,HG22,10,3.6310937948865267
VAL,HG23,10,3.6310937948865267
