atomtype,Entries used,mean_red_ChiSq
C,159,0.6842819463855906
CA,159,3.972988360897584
CB,145,5.729620682758626
H,161,1.472627675191224
HA,2,0.8839670138888859
N,159,1.5173833927423739
