atomtype,entries_used,mean_red_ChiSq
C,158,0.47314231227535397
CA,162,1.3187717344916925
CB,150,0.5304021266666665
H,155,0.9363510877719432
HA,150,0.9211548611111118
N,156,0.8383379090846629
