residue,atomtype,Entries used,mean_red_ChiSq
ARG,HB2,1,0.08244289775512158
ARG,HB3,1,0.8117831585138688
ARG,HD2,1,0.024693877551020954
ARG,HD3,1,0.024693877551020954
ARG,HG2,1,0.03024574669187151
ARG,HG3,1,0.03024574669187151
GLN,HB2,1,8.298327737603302
GLN,HB3,1,8.298327737603302
GLN,HG2,1,4.6459233804934446
GLN,HG3,1,4.6459233804934446
GLU,HB2,1,0.0026638917793961707
GLU,HB3,1,0.0026638917793961707
GLU,HG2,1,0.7856404958677697
GLU,HG3,1,0.7856404958677697
ILE,HD11,4,3.8224678716715967
ILE,HD12,4,3.8224678716715967
ILE,HD13,4,3.8224678716715967
LEU,HD11,13,6.7886658461538465
LEU,HD12,13,6.7886658461538465
LEU,HD13,13,6.7886658461538465
LEU,HD21,11,0.7804337235518134
LEU,HD22,11,0.7804337235518134
LEU,HD23,11,0.7804337235518134
TRP,HE1,5,0.2765598855315198
VAL,HG11,13,7.090494971008555
VAL,HG12,13,7.090494971008555
VAL,HG13,13,7.090494971008555
VAL,HG21,10,3.614877190462509
VAL,HG22,10,3.614877190462509
VAL,HG23,10,3.614877190462509
