atomtype,Entries used,mean_red_ChiSq
C,159,0.6830873569619152
CA,159,3.978288803478532
CB,145,5.732349075862071
H,161,1.5537716543103717
HA,2,0.8897309027777782
N,159,1.5590089374627474
