atomtype,Entries used,mean_red_ChiSq
C,158,0.5327125393127837
CA,162,1.4884173754000902
CB,150,0.54133892
H,156,0.9123698534204212
HA,150,0.954388541666667
N,156,0.9977565832435963
