residue,atomtype,entries_used,mean_red_ChiSq
ILE,HD11,4,1.2526869914940826
ILE,HD12,4,1.2526869914940826
ILE,HD13,4,1.2526869914940826
LEU,HD11,13,0.4076123076923077
LEU,HD12,13,0.4076123076923077
LEU,HD13,13,0.4076123076923077
LEU,HD21,13,1.8079312842972517
LEU,HD22,13,1.8079312842972517
LEU,HD23,13,1.8079312842972517
TRP,HE1,5,0.6408807339449535
VAL,HG11,13,0.6766563421729812
VAL,HG12,13,0.6766563421729812
VAL,HG13,13,0.6766563421729812
VAL,HG21,13,2.8901675027070017
VAL,HG22,13,2.8901675027070017
VAL,HG23,13,2.8901675027070017
