atomtype,entries_used,mean_red_ChiSq
C,157,0.5727285142427472
CA,157,1.136960690414406
CB,144,1.6396891458333323
H,156,0.7474689021092481
N,157,0.6861113969898816
