atomtype,Entries used,mean_red_ChiSq
C,157,0.5541988670431323
CA,157,1.0748977038609744
CB,144,1.5475664999999998
H,157,0.647168378155863
N,157,0.603923638975339
