residue,atomtype,Entries used,mean_red_ChiSq
ILE,HD11,4,0.42477579511834324
ILE,HD12,4,0.42477579511834324
ILE,HD13,4,0.42477579511834324
LEU,HD11,13,0.5049673846153846
LEU,HD12,13,0.5049673846153846
LEU,HD13,13,0.5049673846153846
LEU,HD21,13,1.9407844732311967
LEU,HD22,13,1.9407844732311967
LEU,HD23,13,1.9407844732311967
TRP,HE1,5,0.5831037791431696
VAL,HG11,13,0.7043561076882766
VAL,HG12,13,0.7043561076882766
VAL,HG13,13,0.7043561076882766
VAL,HG21,13,3.4694978785936836
VAL,HG22,13,3.4694978785936836
VAL,HG23,13,3.4694978785936836
