atomtype,Entries used,mean_red_ChiSq
C,159,0.4741549409406784
CA,162,0.8591744398719707
CB,150,0.49339675333333416
H,156,0.697045076340642
HA,150,0.8990831018518516
N,156,0.7334276485899864
