residue,atomtype,entries_used,mean_red_ChiSq
ILE,HD11,4,1.43121879622781
ILE,HD12,4,1.43121879622781
ILE,HD13,4,1.43121879622781
LEU,HD11,13,0.6736000000000002
LEU,HD12,13,0.6736000000000002
LEU,HD13,13,0.6736000000000002
LEU,HD21,13,2.310944854607729
LEU,HD22,13,2.310944854607729
LEU,HD23,13,2.310944854607729
TRP,HE1,5,0.6597505260499952
VAL,HG11,13,0.833100976235748
VAL,HG12,13,0.833100976235748
VAL,HG13,13,0.833100976235748
VAL,HG21,13,3.8161793140786244
VAL,HG22,13,3.8161793140786244
VAL,HG23,13,3.8161793140786244
