atomtype,entries_used,mean_red_ChiSq
C,157,0.5599568060961699
CA,157,0.8808642840292518
CB,144,1.81975770138889
H,157,0.6832569507359805
N,157,0.5966017692016526
