residue,atomtype,entries_used,mean_red_ChiSq
ILE,HD11,4,1.2629611224112425
ILE,HD12,4,1.2629611224112425
ILE,HD13,4,1.2629611224112425
LEU,HD11,13,0.3967889230769232
LEU,HD12,13,0.3967889230769232
LEU,HD13,13,0.3967889230769232
LEU,HD21,13,1.7438225574742163
LEU,HD22,13,1.7438225574742163
LEU,HD23,13,1.7438225574742163
TRP,HE1,5,0.658813231209493
VAL,HG11,13,0.6633364015668148
VAL,HG12,13,0.6633364015668148
VAL,HG13,13,0.6633364015668148
VAL,HG21,13,3.0410663381433265
VAL,HG22,13,3.0410663381433265
VAL,HG23,13,3.0410663381433265
