atomtype,entries_used,mean_red_ChiSq
C,157,0.5695443015500912
CA,157,1.0821102068097812
CB,144,1.6424532986111113
H,157,0.7486538772894965
N,157,0.6461344069483701
