residue,atomtype,Entries used,mean_red_ChiSq
ILE,CD,4,0.21154772127213933
LEU,CD1,12,1.3576478056694672
LEU,CD2,11,0.895776568339349
VAL,CG1,13,1.5081521159552567
VAL,CG2,12,0.8426388967481512
