atomtype,Entries used,mean_red_ChiSq
C,159,0.6833088354831542
CA,159,3.2865958459507763
CB,145,6.051258634482758
H,161,1.3337704785867128
HA,2,0.13487847222221985
N,159,1.7688961351298997
