residue,atomtype,Entries used,mean_red_ChiSq
ARG,HB2,1,0.11332222331144028
ARG,HB3,1,0.07685521027350214
ARG,HD2,1,0.006553287981859337
ARG,HD3,1,0.006553287981859337
ARG,HG2,1,0.0084249340708069
ARG,HG3,1,0.0084249340708069
GLN,HB2,1,3.977305010330577
GLN,HB3,1,3.977305010330577
GLN,HG2,1,1.0846197213348014
GLN,HG3,1,1.0846197213348014
GLU,HB2,1,0.07696149843912643
GLU,HB3,1,0.07696149843912643
GLU,HG2,1,0.5372223657024792
GLU,HG3,1,0.5372223657024792
ILE,HD11,4,2.724973419008875
ILE,HD12,4,2.724973419008875
ILE,HD13,4,2.724973419008875
LEU,HD11,13,6.221714461538462
LEU,HD12,13,6.221714461538462
LEU,HD13,13,6.221714461538462
LEU,HD21,11,1.227493651464169
LEU,HD22,11,1.227493651464169
LEU,HD23,11,1.227493651464169
TRP,HE1,5,0.573844625873242
VAL,HG11,13,8.053432614202112
VAL,HG12,13,8.053432614202112
VAL,HG13,13,8.053432614202112
VAL,HG21,10,2.919529230106291
VAL,HG22,10,2.919529230106291
VAL,HG23,10,2.919529230106291
