residue,atomtype,Entries used,mean_red_ChiSq
ILE,HD11,4,1.2253894693047334
ILE,HD12,4,1.2253894693047334
ILE,HD13,4,1.2253894693047334
LEU,HD11,13,0.5970301538461539
LEU,HD12,13,0.5970301538461539
LEU,HD13,13,0.5970301538461539
LEU,HD21,13,2.200124076105489
LEU,HD22,13,2.200124076105489
LEU,HD23,13,2.200124076105489
TRP,HE1,5,0.603924248800605
VAL,HG11,13,0.7790754315123257
VAL,HG12,13,0.7790754315123257
VAL,HG13,13,0.7790754315123257
VAL,HG21,13,3.5680106843745163
VAL,HG22,13,3.5680106843745163
VAL,HG23,13,3.5680106843745163
