atomtype,Entries used,mean_red_ChiSq
C,156,0.6276254445384214
CA,157,0.9134635763151678
CB,144,1.7969923541666661
H,157,0.7046517484059205
N,157,0.6412749954432473
