residue,atomtype,entries_used,mean_red_ChiSq
ILE,HD11,4,1.1607398761094672
ILE,HD12,4,1.1607398761094672
ILE,HD13,4,1.1607398761094672
LEU,HD11,13,0.4260086153846153
LEU,HD12,13,0.4260086153846153
LEU,HD13,13,0.4260086153846153
LEU,HD21,13,1.892381097155973
LEU,HD22,13,1.892381097155973
LEU,HD23,13,1.892381097155973
TRP,HE1,5,0.6248490867772063
VAL,HG11,13,0.7605031007074854
VAL,HG12,13,0.7605031007074854
VAL,HG13,13,0.7605031007074854
VAL,HG21,13,3.7983614346010195
VAL,HG22,13,3.7983614346010195
VAL,HG23,13,3.7983614346010195
