atomtype,entries_used,mean_red_ChiSq
C,157,0.5713457410601959
CA,157,0.9962860973500045
CB,144,1.630494152777777
H,157,0.8199337910318201
N,157,0.7194398483016246
