atomtype,entries_used,mean_red_ChiSq
C,158,0.491567072247617
CA,162,1.350468823350098
CB,150,0.5382497666666672
H,156,1.0152543301299386
HA,150,1.0598655092592595
N,156,0.8710708855838729
