atomtype,Entries used,mean_red_ChiSq
C,157,0.6844189556794052
CA,157,1.061269017850121
CB,144,1.909339062499999
H,157,0.8029620073511927
N,157,0.6750801731792714
