residue,atomtype,Entries used,mean_red_ChiSq
ILE,HD11,4,1.0113026997041414
ILE,HD12,4,1.0113026997041414
ILE,HD13,4,1.0113026997041414
LEU,HD11,13,0.6071963076923079
LEU,HD12,13,0.6071963076923079
LEU,HD13,13,0.6071963076923079
LEU,HD21,13,2.160343030716369
LEU,HD22,13,2.160343030716369
LEU,HD23,13,2.160343030716369
TRP,HE1,5,0.6072714417978287
VAL,HG11,13,1.1388498827576479
VAL,HG12,13,1.1388498827576479
VAL,HG13,13,1.1388498827576479
VAL,HG21,13,4.122712858815989
VAL,HG22,13,4.122712858815989
VAL,HG23,13,4.122712858815989
