atomtype,Entries used,mean_red_ChiSq
C,158,0.5528452657397637
CA,162,1.5117021185794839
CB,150,0.5322832533333333
H,156,0.9375176117374607
HA,150,0.9509969907407406
N,156,0.9770830552324054
