residue,atomtype,Entries used,mean_red_ChiSq
ILE,HD11,4,1.3813621024408278
ILE,HD12,4,1.3813621024408278
ILE,HD13,4,1.3813621024408278
LEU,HD11,13,0.6459876923076924
LEU,HD12,13,0.6459876923076924
LEU,HD13,13,0.6459876923076924
LEU,HD21,13,2.422943397466711
LEU,HD22,13,2.422943397466711
LEU,HD23,13,2.422943397466711
TRP,HE1,5,0.5811874421344994
VAL,HG11,13,0.5452424464346904
VAL,HG12,13,0.5452424464346904
VAL,HG13,13,0.5452424464346904
VAL,HG21,13,2.9954105252690417
VAL,HG22,13,2.9954105252690417
VAL,HG23,13,2.9954105252690417
