atomtype,Entries used,mean_red_ChiSq
C,157,0.6072649676613996
CA,157,0.9513355429739716
CB,144,1.765348312499998
H,157,0.7356382689214002
N,157,0.6681207988801671
