atomtype,Entries used,mean_red_ChiSq
C,159,0.5877886845834323
CA,159,3.574771317648888
CB,145,5.820520731034485
H,161,1.3564538830793218
HA,2,0.2675086805555554
N,159,1.5186845255627415
