residue,atomtype,Entries used,mean_red_ChiSq
ARG,HB2,1,0.025095578864817225
ARG,HB3,1,0.20743064405450387
ARG,HD2,1,0.019070294784579805
ARG,HD3,1,0.019070294784579805
ARG,HG2,1,0.03369973628322721
ARG,HG3,1,0.03369973628322721
GLN,HB2,1,2.2329868285123946
GLN,HB3,1,2.2329868285123946
GLN,HG2,1,0.1510107653896756
GLN,HG3,1,0.1510107653896756
GLU,HB2,1,0.24041623309053112
GLU,HB3,1,0.24041623309053112
GLU,HG2,1,0.5044227789256197
GLU,HG3,1,0.5044227789256197
ILE,HD11,4,1.630795811760355
ILE,HD12,4,1.630795811760355
ILE,HD13,4,1.630795811760355
LEU,HD11,13,4.435529846153846
LEU,HD12,13,4.435529846153846
LEU,HD13,13,4.435529846153846
LEU,HD21,11,2.192762426378834
LEU,HD22,11,2.192762426378834
LEU,HD23,11,2.192762426378834
TRP,HE1,5,3.528941334904465
VAL,HG11,13,5.6153661387961336
VAL,HG12,13,5.6153661387961336
VAL,HG13,13,5.6153661387961336
VAL,HG21,10,3.4110636311404767
VAL,HG22,10,3.4110636311404767
VAL,HG23,10,3.4110636311404767
