atomtype,entries_used,mean_red_ChiSq
C,157,0.5518241115485171
CA,157,0.8815511441377677
CB,144,1.800463902777776
H,157,0.6817984587985237
N,157,0.5938287093188244
