residue,atomtype,entries_used,mean_red_ChiSq
ILE,HD11,4,1.3992175943047334
ILE,HD12,4,1.3992175943047334
ILE,HD13,4,1.3992175943047334
LEU,HD11,13,0.6110203076923078
LEU,HD12,13,0.6110203076923078
LEU,HD13,13,0.6110203076923078
LEU,HD21,13,2.152100049712612
LEU,HD22,13,2.152100049712612
LEU,HD23,13,2.152100049712612
TRP,HE1,5,0.661196868950423
VAL,HG11,13,0.8105209054200233
VAL,HG12,13,0.8105209054200233
VAL,HG13,13,0.8105209054200233
VAL,HG21,13,3.8422977482155876
VAL,HG22,13,3.8422977482155876
VAL,HG23,13,3.8422977482155876
