residue,atomtype,Entries used,mean_red_ChiSq
ILE,HD11,4,0.7181201460798815
ILE,HD12,4,0.7181201460798815
ILE,HD13,4,0.7181201460798815
LEU,HD11,13,1.0891987692307696
LEU,HD12,13,1.0891987692307696
LEU,HD13,13,1.0891987692307696
LEU,HD21,13,3.1566947001973444
LEU,HD22,13,3.1566947001973444
LEU,HD23,13,3.1566947001973444
TRP,HE1,5,0.7182129450382952
VAL,HG11,13,0.7531376606623353
VAL,HG12,13,0.7531376606623353
VAL,HG13,13,0.7531376606623353
VAL,HG21,13,3.163805438313481
VAL,HG22,13,3.163805438313481
VAL,HG23,13,3.163805438313481
