atomtype,Entries used,mean_red_ChiSq
C,157,0.5718927542856013
CA,157,1.3472906817645651
CB,144,1.5659843750000007
H,157,0.7408341227656194
N,157,0.6617915622672009
