atomtype,Entries used,mean_red_ChiSq
C,159,0.5101348003532878
CA,162,0.950261149215059
CB,150,0.5240733333333342
H,156,0.6918383811069051
HA,151,0.9171596762325235
N,156,0.7302254575631203
