atomtype,Entries used,mean_red_ChiSq
C,158,0.5740734056346692
CA,162,1.4488158207590307
CB,150,0.5501979066666668
H,156,1.0831132559526289
HA,151,0.9458616169977924
N,156,0.985544059115488
