atomtype,entries_used,mean_red_ChiSq
C,158,0.49321538582688723
CA,162,1.2950595945739989
CB,150,0.5074946466666672
H,156,1.006874367294865
HA,151,1.0141591933406915
N,156,0.8943039091740391
