residue,atomtype,entries_used,mean_red_ChiSq
ILE,HD11,4,1.2072681675295853
ILE,HD12,4,1.2072681675295853
ILE,HD13,4,1.2072681675295853
LEU,HD11,13,0.6206609230769231
LEU,HD12,13,0.6206609230769231
LEU,HD13,13,0.6206609230769231
LEU,HD21,13,2.198017795197735
LEU,HD22,13,2.198017795197735
LEU,HD23,13,2.198017795197735
TRP,HE1,5,0.6515269758437802
VAL,HG11,13,0.8277713203034192
VAL,HG12,13,0.8277713203034192
VAL,HG13,13,0.8277713203034192
VAL,HG21,13,3.8029854374295624
VAL,HG22,13,3.8029854374295624
VAL,HG23,13,3.8029854374295624
