atomtype,entries_used,mean_red_ChiSq
C,157,0.5620533261333249
CA,157,0.8977301722104274
CB,144,1.7911649861111105
H,157,0.6777703217094453
N,157,0.6154140306435778
