atomtype,entries_used,mean_red_ChiSq
C,157,0.5698769087392841
CA,157,1.0509667610285438
CB,144,1.6369844930555546
H,156,0.7356507675666679
N,157,0.6629038156997465
