residue,atomtype,entries_used,mean_red_ChiSq
ILE,HD11,4,1.2018363997781065
ILE,HD12,4,1.2018363997781065
ILE,HD13,4,1.2018363997781065
LEU,HD11,13,0.41107569230769236
LEU,HD12,13,0.41107569230769236
LEU,HD13,13,0.41107569230769236
LEU,HD21,13,1.7406973734485354
LEU,HD22,13,1.7406973734485354
LEU,HD23,13,1.7406973734485354
TRP,HE1,5,0.6417655079538733
VAL,HG11,13,0.6593437787646889
VAL,HG12,13,0.6593437787646889
VAL,HG13,13,0.6593437787646889
VAL,HG21,13,3.2487003624069115
VAL,HG22,13,3.2487003624069115
VAL,HG23,13,3.2487003624069115
