residue,atomtype,entries_used,mean_red_ChiSq
ILE,HD11,4,1.194705759985207
ILE,HD12,4,1.194705759985207
ILE,HD13,4,1.194705759985207
LEU,HD11,13,0.4065809230769232
LEU,HD12,13,0.4065809230769232
LEU,HD13,13,0.4065809230769232
LEU,HD21,13,1.7306808984424753
LEU,HD22,13,1.7306808984424753
LEU,HD23,13,1.7306808984424753
TRP,HE1,5,0.6363161350054711
VAL,HG11,13,0.6681184786041107
VAL,HG12,13,0.6681184786041107
VAL,HG13,13,0.6681184786041107
VAL,HG21,13,3.2852808101120363
VAL,HG22,13,3.2852808101120363
VAL,HG23,13,3.2852808101120363
