atomtype,entries_used,mean_red_ChiSq
C,157,0.5696166579431089
CA,157,1.0513418730832738
CB,144,1.6370112361111118
H,157,0.7296829754765013
N,157,0.6641279497884676
