atomtype,Entries used,mean_red_ChiSq
C,159,0.592605540633008
CA,161,1.553166145234261
CB,150,0.5103023733333337
H,155,1.0073154102479114
HA,151,1.0998273086828547
N,156,0.8845039063870231
