atomtype,Entries used,mean_red_ChiSq
C,158,0.5507180168532181
CA,162,1.5135568510897714
CB,150,0.5411013400000004
H,156,0.9380142072638015
HA,150,0.9490608796296296
N,156,0.9793408827824419
