atomtype,Entries used,mean_red_ChiSq
C,159,0.5910603016538538
CA,162,1.5318424554183798
CB,150,0.5058686266666663
H,156,0.992971079308289
HA,151,1.1029988732523914
N,156,0.8664681206239646
