atomtype,entries_used,mean_red_ChiSq
C,159,0.4849816622505613
CA,162,1.3815421734491684
CB,150,0.4969950133333337
H,156,1.0504156439378176
HA,151,1.0044539873068432
N,156,0.877503066918651
