atomtype,entries_used,mean_red_ChiSq
C,158,0.4611401683856849
CA,162,1.4406351318396593
CB,150,0.5896941733333336
H,155,1.0482463057624871
HA,151,0.9626287711552604
N,156,0.896724857633948
