residue,atomtype,Entries used,mean_red_ChiSq
ILE,CD,4,0.24814597839820707
LEU,CD1,13,3.435418411869252
LEU,CD2,11,1.7438988402786797
VAL,CG1,13,2.3327597788296672
VAL,CG2,10,2.510338231225794
