atomtype,Entries used,mean_red_ChiSq
C,157,0.6840032750206412
CA,157,1.0481862388928207
CB,144,1.8765628472222207
H,157,0.7862816533640149
N,157,0.6572000030557392
