residue,atomtype,Entries used,mean_red_ChiSq
ILE,HD11,4,1.0508737056213013
ILE,HD12,4,1.0508737056213013
ILE,HD13,4,1.0508737056213013
LEU,HD11,13,0.5170621538461538
LEU,HD12,13,0.5170621538461538
LEU,HD13,13,0.5170621538461538
LEU,HD21,13,2.017266573267214
LEU,HD22,13,2.017266573267214
LEU,HD23,13,2.017266573267214
TRP,HE1,5,0.6093702550290363
VAL,HG11,13,1.1164142652700606
VAL,HG12,13,1.1164142652700606
VAL,HG13,13,1.1164142652700606
VAL,HG21,13,4.128661359467879
VAL,HG22,13,4.128661359467879
VAL,HG23,13,4.128661359467879
