atomtype,entries_used,mean_red_ChiSq
C,158,0.4697641721362713
CA,162,1.3186131229995433
CB,150,0.528998653333334
H,156,0.9093422986784264
HA,150,0.895475462962963
N,156,0.8418683048553179
