atomtype,Entries used,mean_red_ChiSq
C,158,0.5223751330774341
CA,162,1.4702277472946181
CB,150,0.48932048000000067
H,156,1.0192372869603805
HA,151,1.0256227005150849
N,156,0.9085088528595018
