residue,atomtype,Entries used,mean_red_ChiSq
ARG,HB2,1,0.002450740123517307
ARG,HB3,1,0.318498186452308
ARG,HD2,1,0.016530612244898126
ARG,HD3,1,0.016530612244898126
ARG,HG2,1,0.03024574669187151
ARG,HG3,1,0.03024574669187151
GLN,HB2,1,1.3566955061983477
GLN,HB3,1,1.3566955061983477
GLN,HG2,1,0.08722381808907602
GLN,HG3,1,0.08722381808907602
GLU,HB2,1,0.00337148803329857
GLU,HB3,1,0.00337148803329857
GLU,HG2,1,0.6601562499999979
GLU,HG3,1,0.6601562499999979
ILE,HD11,4,5.66253120377219
ILE,HD12,4,5.66253120377219
ILE,HD13,4,5.66253120377219
LEU,HD11,13,5.967828923076922
LEU,HD12,13,5.967828923076922
LEU,HD13,13,5.967828923076922
LEU,HD21,11,2.272390626340314
LEU,HD22,11,2.272390626340314
LEU,HD23,11,2.272390626340314
TRP,HE1,5,0.5770706169514332
VAL,HG11,13,9.273371204740757
VAL,HG12,13,9.273371204740757
VAL,HG13,13,9.273371204740757
VAL,HG21,10,5.33951809824763
VAL,HG22,10,5.33951809824763
VAL,HG23,10,5.33951809824763
