atomtype,Entries used,mean_red_ChiSq
C,159,0.6672397653156288
CA,159,3.7285841524963113
CB,145,6.18231528965517
H,161,1.2914534967701192
HA,2,1.2387586805555515
N,159,1.8320329289086932
