atomtype,entries_used,mean_red_ChiSq
C,157,0.49266761212845006
CA,162,1.3360850175278154
CB,150,0.5382761466666665
H,156,0.9354842534426094
HA,151,0.9221914091243559
N,156,0.8344912458873509
