residue,atomtype,Entries used,mean_red_ChiSq
ARG,HB2,1,9.802960494069229e-05
ARG,HB3,1,0.3647681599843146
ARG,HD2,1,0.0613151927437643
ARG,HD3,1,0.0613151927437643
ARG,HG2,1,0.0607015332913252
ARG,HG3,1,0.0607015332913252
GLN,HB2,1,1.4646500516528873
GLN,HB3,1,1.4646500516528873
GLN,HG2,1,0.07828398077800824
GLN,HG3,1,0.07828398077800824
GLU,HB2,1,0.0014984391259104015
GLU,HB3,1,0.0014984391259104015
GLU,HG2,1,0.8895919421487594
GLU,HG3,1,0.8895919421487594
ILE,HD11,4,5.516959828032543
ILE,HD12,4,5.516959828032543
ILE,HD13,4,5.516959828032543
LEU,HD11,13,5.952782769230769
LEU,HD12,13,5.952782769230769
LEU,HD13,13,5.952782769230769
LEU,HD21,11,2.400204577419767
LEU,HD22,11,2.400204577419767
LEU,HD23,11,2.400204577419767
TRP,HE1,5,0.5658170187694639
VAL,HG11,13,9.322967407297915
VAL,HG12,13,9.322967407297915
VAL,HG13,13,9.322967407297915
VAL,HG21,10,5.324770180982474
VAL,HG22,10,5.324770180982474
VAL,HG23,10,5.324770180982474
