atomtype,Entries used,mean_red_ChiSq
C,159,0.6650729415375809
CA,159,3.792802104200637
CB,145,6.1357516137931025
H,161,1.315545619757532
HA,2,1.3691840277777736
N,159,1.8708592889136855
