,res_nr,res_name,C1,C2,g_plus,trans,g_minus,g_plus_sim,trans_sim,g_minus_sim
0,10,val,23.451,19.365,0.0,0.42,0.58,0.016279837201627984,0.8337316626833732,0.14998850011499884
1,46,val,21.481,19.686,0.06,0.47,0.47,0.06501934980650194,0.9250107498925011,0.00996990030099699
2,86,val,19.74,20.706,0.51,0.23,0.26,0.00047999520004799953,0.991550084499155,0.007969920300796992
3,87,val,21.156,22.278,0.11,0.89,0.0,0.36674633253667466,0.19280807191928082,0.44044559554404455
4,95,val,22.958,20.43,0.0,0.64,0.36,0.048579514204857954,0.32559674403255967,0.6258237417625824
5,101,val,24.917,22.365,0.0,0.79,0.21,0.1011689883101169,0.8093619063809362,0.08946910530894692
6,112,val,22.142,22.142,0.0,0.98,0.02,0.005329946700532995,0.8766112338876612,0.11805881941180588
7,115,val,19.392,23.163,0.73,0.27,0.0,0.22537774622253778,0.14494855051449484,0.6296737032629673
8,121,val,19.939,19.313,0.4,0.0,0.6,0.0927590724092759,0.2023679763202368,0.7048729512704873
9,123,val,21.224,19.667,0.11,0.39,0.49,0.0,0.987120128798712,0.012879871201287987
10,134,leu,23.069000000000006,23.198,0.51,0.49,0.0,0.05210947890521095,0.9431105688943111,0.004779952200477995
11,138,leu,21.654,25.591,0.89,0.11,0.0,0.8453715462845371,0.13551864481355186,0.019109808901910982
12,13,leu,23.838,26.066,0.72,0.28,0.0,0.16726832731672683,0.8312516874831252,0.0014799852001479985
13,17,leu,25.741,22.201,0.15,0.85,0.0,0.017689823101768982,0.9815201847981521,0.0007899921000789992
14,50,leu,22.345,21.488000000000003,0.41,0.59,0.0,0.4155658443415566,0.44675553244467553,0.13767862321376786
15,59,leu,24.887,23.764,0.39,0.61,0.0,0.5001249987500125,0.4864151358486415,0.013459865401345987
16,68,leu,23.906,23.407,0.45,0.55,0.0,0.18171818281817181,0.6910830891691083,0.12719872801271986
17,72,leu,20.635,25.838,1.0,0.0,0.0,0.6810931890681093,0.27608723912760874,0.042819571804281954
18,90,leu,21.232,21.189,0.5,0.5,0.0,0.9095509044909551,0.09044909550904491,0.0
19,110,leu,21.504,22.945,0.64,0.36,0.0,0.5698643013569864,0.4068059319406806,0.02332976670233298
20,122,leu,22.737,22.811,0.51,0.49,0.0,0.8986210137898621,0.03445965540344596,0.06691933080669193
21,142,ile,13.118,,0.0,0.69,0.31,0.004309956900430996,0.6411035889641103,0.35457645423545764
22,74,ile,12.862,,0.0,0.65,0.35,0.05314946850531495,0.5024049759502405,0.44444555554444454
23,100,ile,13.464,,0.0,0.76,0.24,0.06130938690613094,0.7803621963780362,0.15832841671583284
24,126,ile,14.475,,0.0,0.94,0.06,0.008599914000859991,0.6574134258657414,0.33398666013339867
