,res_nr,res_name,C1,C2,g_plus,trans,g_minus,g_plus_sim,trans_sim,g_minus_sim
0,10,val,23.451,19.365,0.0,0.42,0.58,0.3193268067319327,0.38030619693803064,0.3003669963300367
1,46,val,21.481,19.686,0.06,0.47,0.47,0.3275467245327547,0.3311166888331117,0.34133658663413363
2,86,val,19.74,20.706,0.51,0.23,0.26,0.20804791952080479,0.7435925640743593,0.048359516404835955
3,87,val,21.156,22.278,0.11,0.89,0.0,0.34258657413425864,0.3697563024369756,0.2876671233287667
4,95,val,22.958,20.43,0.0,0.64,0.36,0.23889761102388976,0.7597124028759712,0.0013899861001389986
5,101,val,24.917,22.365,0.0,0.79,0.21,0.34774652253477467,0.32018679813201867,0.33206667933320666
6,112,val,22.142,22.142,0.0,0.98,0.02,0.7308826911730882,0.18146818531814682,0.08764912350876491
7,115,val,19.392,23.163,0.73,0.27,0.0,0.2828071719282807,0.5833441665583344,0.13384866151338487
8,121,val,19.939,19.313,0.4,0.0,0.6,0.26013739862601376,0.5116248837511624,0.22823771762282377
9,123,val,21.224,19.667,0.11,0.39,0.49,0.3358066419335807,0.33029669703302966,0.33389666103338966
10,134,leu,23.069000000000006,23.198,0.51,0.49,0.0,0.0,0.99950000499995,0.0004999950000499995
11,138,leu,21.654,25.591,0.89,0.11,0.0,0.0,0.998780012199878,0.0012199878001219987
12,13,leu,23.838,26.066,0.72,0.28,0.0,0.0,0.8409515904840952,0.15904840951590485
13,17,leu,25.741,22.201,0.15,0.85,0.0,0.0,0.978370216297837,0.021629783702162977
14,50,leu,22.345,21.488000000000003,0.41,0.59,0.0,0.0,0.7309226907730922,0.26907730922690776
15,59,leu,24.887,23.764,0.39,0.61,0.0,0.044479555204447956,0.7165928340716593,0.23892761072389276
16,68,leu,23.906,23.407,0.45,0.55,0.0,0.0,0.9416705832941671,0.05832941670583294
17,72,leu,20.635,25.838,1.0,0.0,0.0,0.01918980810191898,0.952420475795242,0.028389716102838972
18,90,leu,21.232,21.189,0.5,0.5,0.0,5.999940000599994e-05,0.4952050479495205,0.5047349526504735
19,110,leu,21.504,22.945,0.64,0.36,0.0,0.0,0.6157938420615794,0.3842061579384206
20,122,leu,22.737,22.811,0.51,0.49,0.0,0.0,0.22906770932290677,0.7709322906770932
21,142,ile,13.118,,0.0,0.69,0.31,0.24991750082499176,0.5596044039559604,0.19047809521904782
22,74,ile,12.862,,0.0,0.65,0.35,0.2916770832291677,0.5590444095559044,0.14927850721492786
23,100,ile,13.464,,0.0,0.76,0.24,0.026409735902640973,0.8822811771882281,0.09130908690913091
24,126,ile,14.475,,0.0,0.94,0.06,0.07209927900720993,0.8215117848821512,0.10638893611063889
