atomtype,Entries used,mean_red_ChiSq
C,159,0.5870034582702459
CA,162,1.4681060280445053
CB,150,0.5331597200000004
H,156,0.932111432375088
HA,151,1.0002974383738041
N,156,0.87862492966389
