residue,atomtype,Entries used,mean_red_ChiSq
ARG,HB2,1,0.004803450642093921
ARG,HB3,1,0.2965395549455929
ARG,HD2,1,0.047981859410429546
ARG,HD3,1,0.047981859410429546
ARG,HG2,1,0.0023337767509160117
ARG,HG3,1,0.0023337767509160117
GLN,HB2,1,5.453286415289256
GLN,HB3,1,5.453286415289256
GLN,HG2,1,1.1172380466589726
GLN,HG3,1,1.1172380466589726
GLU,HB2,1,0.023975026014568197
GLU,HB3,1,0.023975026014568197
GLU,HG2,1,0.8059142561983461
GLU,HG3,1,0.8059142561983461
ILE,HD11,4,2.323467548076923
ILE,HD12,4,2.323467548076923
ILE,HD13,4,2.323467548076923
LEU,HD11,13,6.940134153846154
LEU,HD12,13,6.940134153846154
LEU,HD13,13,6.940134153846154
LEU,HD21,11,0.8404894967945761
LEU,HD22,11,0.8404894967945761
LEU,HD23,11,0.8404894967945761
TRP,HE1,5,0.4738139887214869
VAL,HG11,13,9.862193204646697
VAL,HG12,13,9.862193204646697
VAL,HG13,13,9.862193204646697
VAL,HG21,10,4.062081657569664
VAL,HG22,10,4.062081657569664
VAL,HG23,10,4.062081657569664
