atomtype,Entries used,mean_red_ChiSq
C,159,0.6584379640548569
CA,159,3.7106182855811776
CB,145,5.886914089655177
H,161,1.3739605427140404
HA,2,0.5284722222222213
N,159,1.5364583513811636
