atomtype,entries_used,mean_red_ChiSq
C,158,0.4741801361785054
CA,162,1.374404930650815
CB,149,0.5651281812080542
H,156,0.9732427784942654
HA,150,0.9391368055555561
N,156,0.9118269801386685
