residue,atomtype,Entries used,mean_red_ChiSq
ILE,HD11,3,1.673053809171597
ILE,HD12,3,1.673053809171597
ILE,HD13,3,1.673053809171597
LEU,HD11,13,0.6092541538461538
LEU,HD12,13,0.6092541538461538
LEU,HD13,13,0.6092541538461538
LEU,HD21,13,2.278426232920705
LEU,HD22,13,2.278426232920705
LEU,HD23,13,2.278426232920705
TRP,HE1,5,0.5995192323878431
VAL,HG11,13,0.6034688955031343
VAL,HG12,13,0.6034688955031343
VAL,HG13,13,0.6034688955031343
VAL,HG21,13,3.2040555322299062
VAL,HG22,13,3.2040555322299062
VAL,HG23,13,3.2040555322299062
