atomtype,Entries used,mean_red_ChiSq
C,156,0.6151025251513557
CA,157,0.9125193992293782
CB,144,1.7682833055555556
H,157,0.71329756487411
N,157,0.6585102899049465
