atomtype,Entries used,mean_red_ChiSq
C,159,0.5800791683651694
CA,162,1.5185747370827605
CB,150,0.557539066666667
H,156,0.9222787092121868
HA,151,1.0020131990434147
N,156,0.8865886061989954
