atomtype,Entries used,mean_red_ChiSq
C,158,0.5397918131739348
CA,162,1.4700745313214454
CB,150,0.5120754533333334
H,156,0.9294775415678607
HA,151,0.9116251609639435
N,156,0.9588846338846341
