residue,atomtype,entries_used,mean_red_ChiSq
ILE,HD11,4,1.1086469119822484
ILE,HD12,4,1.1086469119822484
ILE,HD13,4,1.1086469119822484
LEU,HD11,13,0.6107126153846154
LEU,HD12,13,0.6107126153846154
LEU,HD13,13,0.6107126153846154
LEU,HD21,13,2.3806000298549574
LEU,HD22,13,2.3806000298549574
LEU,HD23,13,2.3806000298549574
TRP,HE1,5,0.6334261425805904
VAL,HG11,12,0.8777258566978192
VAL,HG12,12,0.8777258566978192
VAL,HG13,12,0.8777258566978192
VAL,HG21,12,4.233828880589868
VAL,HG22,12,4.233828880589868
VAL,HG23,12,4.233828880589868
