atomtype,entries_used,mean_red_ChiSq
C,157,0.5823577322678304
CA,157,0.9960311708736334
CB,144,1.6892561527777765
H,157,0.748659905681501
N,157,0.7083579421837338
