atomtype,entries_used,mean_red_ChiSq
C,157,0.5489323500285059
CA,157,0.8784481481481472
CB,144,1.7799044722222217
H,157,0.6786211861808588
N,157,0.5937555350964242
