residue,atomtype,entries_used,mean_red_ChiSq
ILE,HD11,4,1.349516919378698
ILE,HD12,4,1.349516919378698
ILE,HD13,4,1.349516919378698
LEU,HD11,13,0.6283556923076924
LEU,HD12,13,0.6283556923076924
LEU,HD13,13,0.6283556923076924
LEU,HD21,13,2.2033122568293213
LEU,HD22,13,2.2033122568293213
LEU,HD23,13,2.2033122568293213
TRP,HE1,5,0.6610534466795721
VAL,HG11,13,0.8267786235949396
VAL,HG12,13,0.8267786235949396
VAL,HG13,13,0.8267786235949396
VAL,HG21,13,3.845859666762424
VAL,HG22,13,3.845859666762424
VAL,HG23,13,3.845859666762424
