atomtype,Entries used,mean_red_ChiSq
C,158,0.5308911701291216
CA,162,1.4779368312757202
CB,149,0.5455984966442955
H,156,0.9108177323847954
HA,151,0.9435661561810148
N,156,1.0173242330060515
