atomtype,entries_used,mean_red_ChiSq
C,159,0.4840626091893778
CA,162,1.3605186023472025
CB,150,0.49296440000000036
H,156,1.0809558181137413
HA,151,0.9937696605960257
N,156,0.8953136570019683
