residue,atomtype,Entries used,mean_red_ChiSq
ARG,HB2,1,0.01296441525340668
ARG,HB3,1,0.24999999999999886
ARG,HD2,1,0.005102040816326313
ARG,HD3,1,0.005102040816326313
ARG,HG2,1,0.045181917897733986
ARG,HG3,1,0.045181917897733986
GLN,HB2,1,2.082773760330578
GLN,HB3,1,2.082773760330578
GLN,HG2,1,0.12781551182582226
GLN,HG3,1,0.12781551182582226
GLU,HB2,1,0.23413111342351828
GLU,HB3,1,0.23413111342351828
GLU,HG2,1,0.5206934400826427
GLU,HG3,1,0.5206934400826427
ILE,HD11,4,1.7519357895710055
ILE,HD12,4,1.7519357895710055
ILE,HD13,4,1.7519357895710055
LEU,HD11,13,4.416365538461538
LEU,HD12,13,4.416365538461538
LEU,HD13,13,4.416365538461538
LEU,HD21,11,2.20412909741543
LEU,HD22,11,2.20412909741543
LEU,HD23,11,2.20412909741543
TRP,HE1,5,4.541548354515608
VAL,HG11,13,5.610347225488287
VAL,HG12,13,5.610347225488287
VAL,HG13,13,5.610347225488287
VAL,HG21,10,3.6447823901177814
VAL,HG22,10,3.6447823901177814
VAL,HG23,10,3.6447823901177814
