atomtype,Entries used,mean_red_ChiSq
C,159,0.6208952740410757
CA,159,3.4784652069260047
CB,145,5.903543055172415
H,161,1.366461743631777
HA,2,0.2510850694444443
N,159,1.4794087618934457
