atomtype,Entries used,mean_red_ChiSq
C,157,0.6934870276991436
CA,157,0.9666564755838646
CB,144,1.9535752569444444
H,157,0.7649909574119939
N,157,0.6508994092276407
