residue,atomtype,Entries used,mean_red_ChiSq
ILE,HD11,4,1.3830609744822484
ILE,HD12,4,1.3830609744822484
ILE,HD13,4,1.3830609744822484
LEU,HD11,13,0.5997107692307692
LEU,HD12,13,0.5997107692307692
LEU,HD13,13,0.5997107692307692
LEU,HD21,13,2.0725557623490647
LEU,HD22,13,2.0725557623490647
LEU,HD23,13,2.0725557623490647
TRP,HE1,5,0.6560060600959509
VAL,HG11,13,0.935802253471919
VAL,HG12,13,0.935802253471919
VAL,HG13,13,0.935802253471919
VAL,HG21,13,3.9876610390471345
VAL,HG22,13,3.9876610390471345
VAL,HG23,13,3.9876610390471345
