atomtype,entries_used,mean_red_ChiSq
C,157,0.5683677576030113
CA,157,0.9078568687583551
CB,144,1.803602256944442
H,157,0.6780390502010035
N,157,0.6147812812549355
