residue,atomtype,entries_used,mean_red_ChiSq
ILE,HD11,4,1.217247596153846
ILE,HD12,4,1.217247596153846
ILE,HD13,4,1.217247596153846
LEU,HD11,13,0.6106781538461538
LEU,HD12,13,0.6106781538461538
LEU,HD13,13,0.6106781538461538
LEU,HD21,13,2.1679094819617175
LEU,HD22,13,2.1679094819617175
LEU,HD23,13,2.1679094819617175
TRP,HE1,5,0.6451436747748496
VAL,HG11,13,0.8415598943811015
VAL,HG12,13,0.8415598943811015
VAL,HG13,13,0.8415598943811015
VAL,HG21,13,3.7989401255165385
VAL,HG22,13,3.7989401255165385
VAL,HG23,13,3.7989401255165385
