atomtype,entries_used,mean_red_ChiSq
C,158,0.5017330893987351
CA,162,1.448894223441548
CB,149,0.5451826241610748
H,156,1.0164036693430953
HA,151,1.1011274374540103
N,156,0.9167681536837373
