residue,atomtype,Entries used,mean_red_ChiSq
ILE,HD11,4,1.2634696283284022
ILE,HD12,4,1.2634696283284022
ILE,HD13,4,1.2634696283284022
LEU,HD11,13,0.8049243076923077
LEU,HD12,13,0.8049243076923077
LEU,HD13,13,0.8049243076923077
LEU,HD21,13,2.7598223493112144
LEU,HD22,13,2.7598223493112144
LEU,HD23,13,2.7598223493112144
TRP,HE1,5,0.6048157562494738
VAL,HG11,13,0.8344598453341574
VAL,HG12,13,0.8344598453341574
VAL,HG13,13,0.8344598453341574
VAL,HG21,13,3.2492735288268175
VAL,HG22,13,3.2492735288268175
VAL,HG23,13,3.2492735288268175
