atomtype,Entries used,mean_red_ChiSq
C,157,0.6274151511018714
CA,156,1.1532160652105103
CB,144,1.69336892361111
H,157,0.7800669323752208
N,157,0.7320236230162604
