atomtype,Entries used,mean_red_ChiSq
C,157,0.6786509722467954
CA,157,1.040176417394039
CB,144,1.889898923611111
H,157,0.741196136317445
N,157,0.6637358327374041
