residue,atomtype,Entries used,mean_red_ChiSq
ILE,HD11,4,1.1006726146449703
ILE,HD12,4,1.1006726146449703
ILE,HD13,4,1.1006726146449703
LEU,HD11,13,0.6879778461538463
LEU,HD12,13,0.6879778461538463
LEU,HD13,13,0.6879778461538463
LEU,HD21,13,2.291078982795054
LEU,HD22,13,2.291078982795054
LEU,HD23,13,2.291078982795054
TRP,HE1,5,0.6251042841511646
VAL,HG11,13,0.9046490456002207
VAL,HG12,13,0.9046490456002207
VAL,HG13,13,0.9046490456002207
VAL,HG21,13,3.8391695025744146
VAL,HG22,13,3.8391695025744146
VAL,HG23,13,3.8391695025744146
