residue,atomtype,entries_used,mean_red_ChiSq
ILE,HD11,4,1.0953621948964494
ILE,HD12,4,1.0953621948964494
ILE,HD13,4,1.0953621948964494
LEU,HD11,13,0.6144233846153846
LEU,HD12,13,0.6144233846153846
LEU,HD13,13,0.6144233846153846
LEU,HD21,13,2.3807986064034776
LEU,HD22,13,2.3807986064034776
LEU,HD23,13,2.3807986064034776
TRP,HE1,5,0.6295153606598761
VAL,HG11,13,0.8145219266714593
VAL,HG12,13,0.8145219266714593
VAL,HG13,13,0.8145219266714593
VAL,HG21,13,3.927811415817735
VAL,HG22,13,3.927811415817735
VAL,HG23,13,3.927811415817735
