atomtype,entries_used,mean_red_ChiSq
C,157,0.5834567501916735
CA,157,0.9916319808130845
CB,144,1.6925923958333327
H,157,0.7446105142046143
N,157,0.7170245081064833
