atomtype,entries_used,mean_red_ChiSq
C,158,0.4899494946720191
CA,162,1.3311053802773973
CB,150,0.5314566800000001
H,156,1.0190214391701686
HA,151,1.0400590967623258
N,156,0.8718524993525002
