atomtype,Entries used,mean_red_ChiSq
C,157,0.6846134910454498
CA,157,1.098919863175277
CB,144,1.9131932361111117
H,157,0.8017967019528547
N,157,0.6798421304617013
