residue,atomtype,Entries used,mean_red_ChiSq
ILE,HD11,4,1.0288692677514788
ILE,HD12,4,1.0288692677514788
ILE,HD13,4,1.0288692677514788
LEU,HD11,13,0.6386363076923077
LEU,HD12,13,0.6386363076923077
LEU,HD13,13,0.6386363076923077
LEU,HD21,13,2.180169187219339
LEU,HD22,13,2.180169187219339
LEU,HD23,13,2.180169187219339
TRP,HE1,5,0.6188044777375631
VAL,HG11,13,1.0249837070083383
VAL,HG12,13,1.0249837070083383
VAL,HG13,13,1.0249837070083383
VAL,HG21,13,3.9274385123638207
VAL,HG22,13,3.9274385123638207
VAL,HG23,13,3.9274385123638207
