residue,atomtype,Entries used,mean_red_ChiSq
ARG,HB2,1,0.21654739731398925
ARG,HB3,1,1.1646897363003628
ARG,HD2,1,0.04591836734693864
ARG,HD3,1,0.04591836734693864
ARG,HG2,1,0.05155312842773494
ARG,HG3,1,0.05155312842773494
GLN,HB2,1,7.846364927685944
GLN,HB3,1,7.846364927685944
GLN,HG2,1,5.364144003865877
GLN,HG3,1,5.364144003865877
GLU,HB2,1,0.010655567117585868
GLU,HB3,1,0.010655567117585868
GLU,HG2,1,0.8161479855371879
GLU,HG3,1,0.8161479855371879
ILE,HD11,4,4.069798215606508
ILE,HD12,4,4.069798215606508
ILE,HD13,4,4.069798215606508
LEU,HD11,13,6.4705587692307684
LEU,HD12,13,6.4705587692307684
LEU,HD13,13,6.4705587692307684
LEU,HD21,11,0.9126402625841817
LEU,HD22,11,0.9126402625841817
LEU,HD23,11,0.9126402625841817
TRP,HE1,5,0.20496187189630466
VAL,HG11,13,7.616677976578406
VAL,HG12,13,7.616677976578406
VAL,HG13,13,7.616677976578406
VAL,HG21,10,4.32377729100833
VAL,HG22,10,4.32377729100833
VAL,HG23,10,4.32377729100833
