atomtype,Entries used,mean_red_ChiSq
C,159,0.678531675838575
CA,159,4.131412671791293
CB,145,5.698833282758622
H,161,1.4605610217374503
HA,2,0.9573611111111082
N,159,1.634209925770818
