atomtype,Entries used,mean_red_ChiSq
C,159,0.5874784350978334
CA,162,1.5547408169486363
CB,150,0.5250880200000005
H,156,1.0170238937194047
HA,151,1.09832172093451
N,156,0.9223071144824389
