residue,atomtype,Entries used,mean_red_ChiSq
ILE,HD11,4,1.3183189256656798
ILE,HD12,4,1.3183189256656798
ILE,HD13,4,1.3183189256656798
LEU,HD11,13,0.8889526153846153
LEU,HD12,13,0.8889526153846153
LEU,HD13,13,0.8889526153846153
LEU,HD21,13,2.815184121545282
LEU,HD22,13,2.815184121545282
LEU,HD23,13,2.815184121545282
TRP,HE1,5,0.5845312684117479
VAL,HG11,13,0.8850185101822798
VAL,HG12,13,0.8850185101822798
VAL,HG13,13,0.8850185101822798
VAL,HG21,13,3.590676308753011
VAL,HG22,13,3.590676308753011
VAL,HG23,13,3.590676308753011
