atomtype,Entries used,mean_red_ChiSq
C,157,0.6406227761067883
CA,157,1.1435039317449078
CB,144,1.7520182083333335
H,156,0.796976154816879
N,157,0.7584892625963023
