atomtype,Entries used,mean_red_ChiSq
C,159,0.5316872185340489
CA,162,1.0383108062795305
CB,150,0.5208535666666673
H,155,0.7111438092081163
HA,150,0.920584259259259
N,156,0.7310082750342481
