atomtype,Entries used,mean_red_ChiSq
C,159,0.665083350924956
CA,159,3.7879256541656954
CB,145,5.844828199999997
H,161,1.3424552133266596
HA,2,0.5460069444444435
N,159,1.5532391369147063
