residue,atomtype,Entries used,mean_red_ChiSq
ARG,HB2,1,0.00039211841976276914
ARG,HB3,1,0.35290657778649087
ARG,HD2,1,0.013061224489795461
ARG,HD3,1,0.013061224489795461
ARG,HG2,1,0.0005834441877290287
ARG,HG3,1,0.0005834441877290287
GLN,HB2,1,4.348172778925619
GLN,HB3,1,4.348172778925619
GLN,HG2,1,0.7045558270020664
GLN,HG3,1,0.7045558270020664
GLU,HB2,1,0.08807492195629568
GLU,HB3,1,0.08807492195629568
GLU,HG2,1,0.6601562499999979
GLU,HG3,1,0.6601562499999979
ILE,HD11,4,2.165692030325444
ILE,HD12,4,2.165692030325444
ILE,HD13,4,2.165692030325444
LEU,HD11,13,7.025650461538461
LEU,HD12,13,7.025650461538461
LEU,HD13,13,7.025650461538461
LEU,HD21,11,0.8741250026300501
LEU,HD22,11,0.8741250026300501
LEU,HD23,11,0.8741250026300501
TRP,HE1,5,0.5818136520494895
VAL,HG11,13,10.176783998602499
VAL,HG12,13,10.176783998602499
VAL,HG13,13,10.176783998602499
VAL,HG21,10,4.125210068945704
VAL,HG22,10,4.125210068945704
VAL,HG23,10,4.125210068945704
