residue,atomtype,Entries used,mean_red_ChiSq
ILE,CD,4,0.13718065664955534
LEU,CD1,12,1.3266316621726084
LEU,CD2,11,0.8618338851208329
VAL,CG1,13,1.5260903592575115
VAL,CG2,12,0.6087771720906056
