atomtype,Entries used,mean_red_ChiSq
C,159,0.4572960615391343
CA,162,0.8049932251181223
CB,150,0.4858407466666668
H,156,0.6967220326995888
HA,151,0.8943809786607794
N,156,0.7317441300882863
