residue,atomtype,entries_used,mean_red_ChiSq
ILE,HD11,4,1.1599135539940828
ILE,HD12,4,1.1599135539940828
ILE,HD13,4,1.1599135539940828
LEU,HD11,13,0.4196726153846154
LEU,HD12,13,0.4196726153846154
LEU,HD13,13,0.4196726153846154
LEU,HD21,13,1.9559858503937981
LEU,HD22,13,1.9559858503937981
LEU,HD23,13,1.9559858503937981
TRP,HE1,5,0.6263775776449767
VAL,HG11,13,0.759438177334937
VAL,HG12,13,0.759438177334937
VAL,HG13,13,0.759438177334937
VAL,HG21,13,3.727399288444964
VAL,HG22,13,3.727399288444964
VAL,HG23,13,3.727399288444964
