atomtype,entries_used,mean_red_ChiSq
C,157,0.5739116715076285
CA,157,1.0089940394747197
CB,144,1.6593237152777771
H,157,0.7917583269317546
N,157,0.7062646578520515
