residue,atomtype,entries_used,mean_red_ChiSq
ILE,HD11,4,1.2239390717455618
ILE,HD12,4,1.2239390717455618
ILE,HD13,4,1.2239390717455618
LEU,HD11,13,0.6096492307692307
LEU,HD12,13,0.6096492307692307
LEU,HD13,13,0.6096492307692307
LEU,HD21,13,2.1724452442286126
LEU,HD22,13,2.1724452442286126
LEU,HD23,13,2.1724452442286126
TRP,HE1,5,0.6483164716774682
VAL,HG11,13,0.8424551690775816
VAL,HG12,13,0.8424551690775816
VAL,HG13,13,0.8424551690775816
VAL,HG21,13,3.8061123019468317
VAL,HG22,13,3.8061123019468317
VAL,HG23,13,3.8061123019468317
