atomtype,entries_used,mean_red_ChiSq
C,157,0.5664097517103092
CA,157,0.9077856098136351
CB,144,1.7997654722222218
H,157,0.6775978752501778
N,157,0.6142934145109678
