atomtype,Entries used,mean_red_ChiSq
C,159,0.46061203679439333
CA,162,0.8170469745465624
CB,149,0.49041509395973143
H,156,0.7038262886383488
HA,151,0.8918714357983822
N,156,0.7321493513701312
