atomtype,Entries used,mean_red_ChiSq
C,158,0.579701363250117
CA,162,1.4412725118122234
CB,150,0.5537922533333338
H,156,1.0856738223017293
HA,151,0.9767318570640181
N,156,0.990102909356157
