residue,atomtype,Entries used,mean_red_ChiSq
ILE,CD,4,0.10208153325825349
ILE,CG2,4,0.24902478827440605
LEU,CD1,13,1.3095896271228715
LEU,CD2,13,1.1643537950893217
THR,CG2,6,1.4843285931043428
VAL,CG1,13,1.1306585151222583
VAL,CG2,13,1.7279218803805718
