atomtype,Entries used,mean_red_ChiSq
C,159,0.5661400705606026
CA,162,1.4444179850632521
CB,150,0.5122261666666674
H,156,1.0116772753116732
HA,151,0.9853684924576893
N,156,0.9322985155777355
