residue,atomtype,entries_used,mean_red_ChiSq
ILE,CD,4,0.14637653246020177
LEU,CD1,12,1.3433306465958854
LEU,CD2,11,0.84318562129697
VAL,CG1,13,1.471418559595873
VAL,CG2,12,0.6945753666607984
