atomtype,entries_used,mean_red_ChiSq
C,157,0.5607900196341519
CA,157,0.886268947078712
CB,144,1.8133002222222214
H,157,0.6837080466976465
N,157,0.6116286949234261
