residue,atomtype,entries_used,mean_red_ChiSq
ILE,HD11,4,1.38115985576923
ILE,HD12,4,1.38115985576923
ILE,HD13,4,1.38115985576923
LEU,HD11,13,0.6961046153846154
LEU,HD12,13,0.6961046153846154
LEU,HD13,13,0.6961046153846154
LEU,HD21,13,2.362688425178411
LEU,HD22,13,2.362688425178411
LEU,HD23,13,2.362688425178411
TRP,HE1,5,0.6580678394074567
VAL,HG11,13,0.8724258752863874
VAL,HG12,13,0.8724258752863874
VAL,HG13,13,0.8724258752863874
VAL,HG21,13,3.8538038914547097
VAL,HG22,13,3.8538038914547097
VAL,HG23,13,3.8538038914547097
