residue,atomtype,Entries used,mean_red_ChiSq
ARG,HB2,1,0.04531418488383477
ARG,HB3,1,0.683486913047739
ARG,HD2,1,0.021791383219954847
ARG,HD3,1,0.021791383219954847
ARG,HG2,1,0.03194940372004039
ARG,HG3,1,0.03194940372004039
GLN,HB2,1,8.662319214876025
GLN,HB3,1,8.662319214876025
GLN,HG2,1,2.923568417944107
GLN,HG3,1,2.923568417944107
GLU,HB2,1,0.012029136316337641
GLU,HB3,1,0.012029136316337641
GLU,HG2,1,0.7071280991735506
GLU,HG3,1,0.7071280991735506
ILE,HD11,4,3.6078841531065082
ILE,HD12,4,3.6078841531065082
ILE,HD13,4,3.6078841531065082
LEU,HD11,13,7.017183999999999
LEU,HD12,13,7.017183999999999
LEU,HD13,13,7.017183999999999
LEU,HD21,11,0.7800744182734248
LEU,HD22,11,0.7800744182734248
LEU,HD23,11,0.7800744182734248
TRP,HE1,5,0.31434525713323713
VAL,HG11,13,8.438889523438391
VAL,HG12,13,8.438889523438391
VAL,HG13,13,8.438889523438391
VAL,HG21,10,3.482867710428038
VAL,HG22,10,3.482867710428038
VAL,HG23,10,3.482867710428038
