atomtype,Entries used,mean_red_ChiSq
C,159,0.6773881931099068
CA,159,3.87304993400109
CB,145,5.777678027586208
H,161,1.346935627450125
HA,2,0.7728906249999973
N,159,1.50101129260894
