atomtype,Entries used,mean_red_ChiSq
C,158,0.5758754938515798
CA,162,1.4445044200579171
CB,150,0.5549603000000001
H,156,1.0822319757041228
HA,151,0.9513055325607075
N,156,0.9858395885019252
