atomtype,Entries used,mean_red_ChiSq
C,159,0.5094446233937023
CA,162,0.945280856576742
CB,150,0.5212658866666675
H,156,0.6898299843297139
HA,151,0.9038762417218541
N,156,0.7288272910350834
