residue,atomtype,Entries used,mean_red_ChiSq
ILE,HD11,4,0.9975094767011832
ILE,HD12,4,0.9975094767011832
ILE,HD13,4,0.9975094767011832
LEU,HD11,13,0.6343655384615384
LEU,HD12,13,0.6343655384615384
LEU,HD13,13,0.6343655384615384
LEU,HD21,13,2.192661706361434
LEU,HD22,13,2.192661706361434
LEU,HD23,13,2.192661706361434
TRP,HE1,5,0.6118185337934512
VAL,HG11,13,1.1279251798947845
VAL,HG12,13,1.1279251798947845
VAL,HG13,13,1.1279251798947845
VAL,HG21,13,4.09423960842375
VAL,HG22,13,4.09423960842375
VAL,HG23,13,4.09423960842375
