atomtype,Entries used,mean_red_ChiSq
C,157,0.6843393869918187
CA,157,1.070739993709207
CB,144,1.9182978402777766
H,157,0.8079355685462615
N,157,0.6789397788909742
