residue,atomtype,entries_used,mean_red_ChiSq
ILE,HD11,4,1.4531192215236686
ILE,HD12,4,1.4531192215236686
ILE,HD13,4,1.4531192215236686
LEU,HD11,13,0.7292073846153845
LEU,HD12,13,0.7292073846153845
LEU,HD13,13,0.7292073846153845
LEU,HD21,13,2.4399826348232057
LEU,HD22,13,2.4399826348232057
LEU,HD23,13,2.4399826348232057
TRP,HE1,5,0.629460819796314
VAL,HG11,13,0.8851982369975211
VAL,HG12,13,0.8851982369975211
VAL,HG13,13,0.8851982369975211
VAL,HG21,13,3.839105970874859
VAL,HG22,13,3.839105970874859
VAL,HG23,13,3.839105970874859
