atomtype,entries_used,mean_red_ChiSq
C,157,0.5623994056921818
CA,157,0.968836187780136
CB,144,1.8163877430555548
H,157,0.7218476849252303
N,157,0.662638781609746
