atomtype,entries_used,mean_red_ChiSq
C,158,0.4656303078361862
CA,162,1.305579157140678
CB,150,0.5214785800000002
H,156,0.9257025973845879
HA,151,0.8990185798381162
N,156,0.8318319174812675
