residue,atomtype,Entries used,mean_red_ChiSq
ARG,HB2,1,0.002965395549455882
ARG,HB3,1,0.3129350063719243
ARG,HD2,1,0.03104308390022663
ARG,HD3,1,0.03104308390022663
ARG,HG2,1,0.0011435506079488095
ARG,HG3,1,0.0011435506079488095
GLN,HB2,1,4.986086002066109
GLN,HB3,1,4.986086002066109
GLN,HG2,1,0.8601841660178822
GLN,HG3,1,0.8601841660178822
GLU,HB2,1,0.06996878251820994
GLU,HB3,1,0.06996878251820994
GLU,HG2,1,0.7458677685950424
GLU,HG3,1,0.7458677685950424
ILE,HD11,4,2.2219686113165675
ILE,HD12,4,2.2219686113165675
ILE,HD13,4,2.2219686113165675
LEU,HD11,13,7.029135999999999
LEU,HD12,13,7.029135999999999
LEU,HD13,13,7.029135999999999
LEU,HD21,11,0.8506325876939562
LEU,HD22,11,0.8506325876939562
LEU,HD23,11,0.8506325876939562
TRP,HE1,5,0.5373190808854472
VAL,HG11,13,9.84988275764763
VAL,HG12,13,9.84988275764763
VAL,HG13,13,9.84988275764763
VAL,HG21,10,4.107524777362825
VAL,HG22,10,4.107524777362825
VAL,HG23,10,4.107524777362825
