atomtype,Entries used,mean_red_ChiSq
C,159,0.6578120966059087
CA,159,3.7112878251417047
CB,145,5.858273399999998
H,161,1.3608019443110086
HA,2,0.4684809027777774
N,159,1.536327183575407
