atomtype,Entries used,mean_red_ChiSq
C,157,0.6115002862801757
CA,157,0.9307062042934656
CB,144,1.7695137361111106
H,157,0.7160977012880085
N,157,0.6627429453295952
