residue,atomtype,Entries used,mean_red_ChiSq
ILE,HD11,4,1.2774535410502954
ILE,HD12,4,1.2774535410502954
ILE,HD13,4,1.2774535410502954
LEU,HD11,13,0.6435790769230768
LEU,HD12,13,0.6435790769230768
LEU,HD13,13,0.6435790769230768
LEU,HD21,13,2.375259005446476
LEU,HD22,13,2.375259005446476
LEU,HD23,13,2.375259005446476
TRP,HE1,5,0.5865587071795291
VAL,HG11,13,0.5774672964383857
VAL,HG12,13,0.5774672964383857
VAL,HG13,13,0.5774672964383857
VAL,HG21,13,3.0921264888515676
VAL,HG22,13,3.0921264888515676
VAL,HG23,13,3.0921264888515676
