atomtype,entries_used,mean_red_ChiSq
C,158,0.4917829903842386
CA,162,1.2915645176040242
CB,150,0.5087228733333337
H,156,1.010759211493392
HA,151,1.0067051830389997
N,156,0.8931201194188205
