atomtype,entries_used,mean_red_ChiSq
C,158,0.49030201862595707
CA,161,1.3509140633387022
CB,150,0.494406460000001
H,155,1.0752597219072206
HA,151,0.9798101775202356
N,156,0.876240594422413
