residue,atomtype,Entries used,mean_red_ChiSq
ILE,HD11,4,1.3225661057692302
ILE,HD12,4,1.3225661057692302
ILE,HD13,4,1.3225661057692302
LEU,HD11,13,0.6635470769230771
LEU,HD12,13,0.6635470769230771
LEU,HD13,13,0.6635470769230771
LEU,HD21,13,2.2349598806897317
LEU,HD22,13,2.2349598806897317
LEU,HD23,13,2.2349598806897317
TRP,HE1,5,0.6247689588418457
VAL,HG11,13,1.1351646432002795
VAL,HG12,13,1.1351646432002795
VAL,HG13,13,1.1351646432002795
VAL,HG21,13,4.178703621859323
VAL,HG22,13,4.178703621859323
VAL,HG23,13,4.178703621859323
