atomtype,Entries used,mean_red_ChiSq
C,157,0.6225667045097115
CA,157,0.9210885507588263
CB,144,1.830942583333331
H,157,0.6907583372661412
N,157,0.6140229720004726
