residue,atomtype,entries_used,mean_red_ChiSq
ILE,CD,4,0.15374914956205232
LEU,CD1,12,1.299929972621026
LEU,CD2,11,0.810802340506046
VAL,CG1,13,1.468151624145929
VAL,CG2,12,0.6893255102233288
