atomtype,entries_used,mean_red_ChiSq
C,159,0.5203161366128958
CA,162,1.3122373875933533
CB,150,0.4906242400000003
H,156,0.9433225860132302
HA,151,1.023607087012509
N,156,0.8448842042997879
