atomtype,Entries used,mean_red_ChiSq
C,159,0.5101899682865515
CA,162,0.9527334705075446
CB,150,0.5251759733333345
H,156,0.6941549832896515
HA,151,0.9313289873068427
N,156,0.7335380744796327
