atomtype,Entries used,mean_red_ChiSq
C,156,0.6275480645576127
CA,157,0.923976708343163
CB,144,1.8113608680555546
H,157,0.6727266589273593
N,157,0.5942935553614672
