atomtype,entries_used,mean_red_ChiSq
C,158,0.48652183812900524
CA,162,1.3396452903520797
CB,150,0.5391374000000003
H,156,0.9374360707797703
HA,151,0.91585678807947
N,156,0.8250834555055341
