atomtype,Entries used,mean_red_ChiSq
C,159,0.5910908322171746
CA,162,1.5408470431336672
CB,150,0.5084985600000006
H,155,1.0073008600987456
HA,150,1.1088990740740743
N,156,0.8835023610348287
