,res_nr,res_name,C1,C2,g_plus,trans,g_minus,g_plus_sim,trans_sim,g_minus_sim
0,10,val,23.451,19.365,0.0,0.42,0.58,0.02220977790222098,0.5363446365536345,0.44144558554414454
1,46,val,21.481,19.686,0.06,0.47,0.47,0.04058959410405896,0.8644313556864431,0.0949690503094969
2,86,val,19.74,20.706,0.51,0.23,0.26,0.003359966400335997,0.996630033699663,0.0
3,87,val,21.156,22.278,0.11,0.89,0.0,0.35047649523504765,0.24045759542404577,0.4090659093409066
4,95,val,22.958,20.43,0.0,0.64,0.36,0.11261887381126189,0.8256817431825682,0.061699383006169936
5,101,val,24.917,22.365,0.0,0.79,0.21,0.22939770602293977,0.5501144988550114,0.22048779512204877
6,112,val,22.142,22.142,0.0,0.98,0.02,0.06997930020699793,0.14195858041419585,0.7880621193788062
7,115,val,19.392,23.163,0.73,0.27,0.0,0.2002179978200218,0.42857571424285756,0.3712062879371206
8,121,val,19.939,19.313,0.4,0.0,0.6,0.0941090589094109,0.35664643353566466,0.5492445075549245
9,123,val,21.224,19.667,0.11,0.39,0.49,0.07800921990780092,0.6549534504654954,0.26703732962670373
10,134,leu,23.069000000000006,23.198,0.51,0.49,0.0,0.6692333076669233,0.26121738782612175,0.06954930450695493
11,138,leu,21.654,25.591,0.89,0.11,0.0,0.21161788382116178,0.7858021419785802,0.0025799742002579973
12,13,leu,23.838,26.066,0.72,0.28,0.0,0.16546834531654683,0.8314616853831461,0.003069969300306997
13,17,leu,25.741,22.201,0.15,0.85,0.0,0.26897731022689775,0.6983530164698353,0.03266967330326697
14,50,leu,22.345,21.488000000000003,0.41,0.59,0.0,0.6846531534684653,0.30639693603063967,0.00894991050089499
15,59,leu,24.887,23.764,0.39,0.61,0.0,0.14168858311416885,0.8549114508854911,0.0033899661003389966
16,68,leu,23.906,23.407,0.45,0.55,0.0,0.2045779542204578,0.7895021049789502,0.005919940800591994
17,72,leu,20.635,25.838,1.0,0.0,0.0,0.7035329646703533,0.2926670733292667,0.003799962000379996
18,90,leu,21.232,21.189,0.5,0.5,0.0,0.979780202197978,0.02021979780202198,0.0
19,110,leu,21.504,22.945,0.64,0.36,0.0,0.6667733322666773,0.33154668453315467,0.0016799832001679984
20,122,leu,22.737,22.811,0.51,0.49,0.0,0.7198628013719863,0.1960380396196038,0.08409915900840992
21,142,ile,13.118,,0.0,0.69,0.31,0.025349746502534975,0.958750412495875,0.015899841001589983
22,74,ile,12.862,,0.0,0.65,0.35,0.14422855771442286,0.5480645193548065,0.3077069229307707
23,100,ile,13.464,,0.0,0.76,0.24,0.004419955800441995,0.7557524424755753,0.23982760172398276
24,126,ile,14.475,,0.0,0.94,0.06,0.13942860571394286,0.5666243337566624,0.29394706052939473
