atomtype,Entries used,mean_red_ChiSq
C,157,0.6444699362811569
CA,157,1.1460145160022017
CB,144,1.7695927430555551
H,157,0.8003529192918881
N,157,0.7434253516816174
