residue,atomtype,Entries used,mean_red_ChiSq
ILE,HD11,4,1.1676278198964487
ILE,HD12,4,1.1676278198964487
ILE,HD13,4,1.1676278198964487
LEU,HD11,13,0.8325366153846154
LEU,HD12,13,0.8325366153846154
LEU,HD13,13,0.8325366153846154
LEU,HD21,13,2.694849472128754
LEU,HD22,13,2.694849472128754
LEU,HD23,13,2.694849472128754
TRP,HE1,5,0.6089931823920556
VAL,HG11,13,0.8228246336596412
VAL,HG12,13,0.8228246336596412
VAL,HG13,13,0.8228246336596412
VAL,HG21,13,3.60406078050074
VAL,HG22,13,3.60406078050074
VAL,HG23,13,3.60406078050074
