atomtype,entries_used,mean_red_ChiSq
C,157,0.5961965927744367
CA,157,1.1070517181725252
CB,144,1.6370359861111108
H,157,0.8676861653570697
N,157,0.7342716889180623
