residue,atomtype,entries_used,mean_red_ChiSq
ILE,HD11,4,1.0358092178254437
ILE,HD12,4,1.0358092178254437
ILE,HD13,4,1.0358092178254437
LEU,HD11,13,0.7292344615384617
LEU,HD12,13,0.7292344615384617
LEU,HD13,13,0.7292344615384617
LEU,HD21,13,2.4216807245168086
LEU,HD22,13,2.4216807245168086
LEU,HD23,13,2.4216807245168086
TRP,HE1,5,0.6163905395168742
VAL,HG11,13,0.6091311300281517
VAL,HG12,13,0.6091311300281517
VAL,HG13,13,0.6091311300281517
VAL,HG21,13,3.7372536074956355
VAL,HG22,13,3.7372536074956355
VAL,HG23,13,3.7372536074956355
