atomtype,entries_used,mean_red_ChiSq
C,158,0.47345631092260515
CA,162,1.3119197835695768
CB,150,0.5317230266666667
H,156,0.9087741814702335
HA,149,0.9121652451528712
N,156,0.8500729969885809
