residue,atomtype,Entries used,mean_red_ChiSq
ARG,HB2,1,0.003529065777864922
ARG,HB3,1,0.30742084109400974
ARG,HD2,1,0.03274376417233528
ARG,HD3,1,0.03274376417233528
ARG,HG2,1,0.0011435506079488095
ARG,HG3,1,0.0011435506079488095
GLN,HB2,1,5.088100464876026
GLN,HB3,1,5.088100464876026
GLN,HG2,1,0.9089103063169496
GLN,HG3,1,0.9089103063169496
GLU,HB2,1,0.06010405827263348
GLU,HB3,1,0.06010405827263348
GLU,HG2,1,0.7458677685950424
GLU,HG3,1,0.7458677685950424
ILE,HD11,4,2.2361027644230766
ILE,HD12,4,2.2361027644230766
ILE,HD13,4,2.2361027644230766
LEU,HD11,13,6.995971692307691
LEU,HD12,13,6.995971692307691
LEU,HD13,13,6.995971692307691
LEU,HD21,11,0.85526471249913
LEU,HD22,11,0.85526471249913
LEU,HD23,11,0.85526471249913
TRP,HE1,5,0.520909014392727
VAL,HG11,13,9.835205627632915
VAL,HG12,13,9.835205627632915
VAL,HG13,13,9.835205627632915
VAL,HG21,10,4.09114119505889
VAL,HG22,10,4.09114119505889
VAL,HG23,10,4.09114119505889
