atomtype,Entries used,mean_red_ChiSq
C,159,0.6575406154156004
CA,159,3.7067673344203764
CB,145,5.865870972413795
H,161,1.3646922459345159
HA,2,0.4752517361111123
N,159,1.5363192784780615
