residue,atomtype,entries_used,mean_red_ChiSq
ILE,HD11,4,1.3478469397189345
ILE,HD12,4,1.3478469397189345
ILE,HD13,4,1.3478469397189345
LEU,HD11,13,0.41389169230769224
LEU,HD12,13,0.41389169230769224
LEU,HD13,13,0.41389169230769224
LEU,HD21,13,1.858325903831432
LEU,HD22,13,1.858325903831432
LEU,HD23,13,1.858325903831432
TRP,HE1,5,0.6337985018096131
VAL,HG11,13,0.6087800748469804
VAL,HG12,13,0.6087800748469804
VAL,HG13,13,0.6087800748469804
VAL,HG21,13,2.5710477758380654
VAL,HG22,13,2.5710477758380654
VAL,HG23,13,2.5710477758380654
