atomtype,entries_used,mean_red_ChiSq
C,157,0.5803431583952583
CA,157,1.198941141778721
CB,144,1.6696771041666658
H,157,0.7545562586765777
N,157,0.7101823071001664
