residue,atomtype,entries_used,mean_red_ChiSq
ILE,HD11,4,1.0601654955621296
ILE,HD12,4,1.0601654955621296
ILE,HD13,4,1.0601654955621296
LEU,HD11,13,0.6089747692307694
LEU,HD12,13,0.6089747692307694
LEU,HD13,13,0.6089747692307694
LEU,HD21,13,2.330383444467726
LEU,HD22,13,2.330383444467726
LEU,HD23,13,2.330383444467726
TRP,HE1,5,0.632125241982995
VAL,HG11,13,0.8082634022454097
VAL,HG12,13,0.8082634022454097
VAL,HG13,13,0.8082634022454097
VAL,HG21,13,3.9107683468499306
VAL,HG22,13,3.9107683468499306
VAL,HG23,13,3.9107683468499306
