atomtype,entries_used,mean_red_ChiSq
C,157,0.6000787270484392
CA,157,1.004478351812535
CB,144,1.7470147777777771
H,157,0.7166014681718124
N,157,0.721933885729899
