atomtype,Entries used,mean_red_ChiSq
C,157,0.6798587121323828
CA,157,1.0887626562868606
CB,144,1.9208429027777787
H,157,0.8075328719603985
N,157,0.681173530562231
