residue,atomtype,Entries used,mean_red_ChiSq
ILE,HD11,4,1.0220333302514788
ILE,HD12,4,1.0220333302514788
ILE,HD13,4,1.0220333302514788
LEU,HD11,13,0.6469686153846155
LEU,HD12,13,0.6469686153846155
LEU,HD13,13,0.6469686153846155
LEU,HD21,13,2.1860169241999086
LEU,HD22,13,2.1860169241999086
LEU,HD23,13,2.1860169241999086
TRP,HE1,5,0.6153084757175302
VAL,HG11,13,1.065561654696077
VAL,HG12,13,1.065561654696077
VAL,HG13,13,1.065561654696077
VAL,HG21,13,3.9697616732592302
VAL,HG22,13,3.9697616732592302
VAL,HG23,13,3.9697616732592302
