residue,atomtype,Entries used,mean_red_ChiSq
ILE,HD11,4,1.309344951923077
ILE,HD12,4,1.309344951923077
ILE,HD13,4,1.309344951923077
LEU,HD11,13,0.8588996923076924
LEU,HD12,13,0.8588996923076924
LEU,HD13,13,0.8588996923076924
LEU,HD21,13,2.8379944042498124
LEU,HD22,13,2.8379944042498124
LEU,HD23,13,2.8379944042498124
TRP,HE1,5,0.5939742445922049
VAL,HG11,13,0.8708486465059091
VAL,HG12,13,0.8708486465059091
VAL,HG13,13,0.8708486465059091
VAL,HG21,13,3.34099396725079
VAL,HG22,13,3.34099396725079
VAL,HG23,13,3.34099396725079
