atomtype,Entries used,mean_red_ChiSq
C,157,0.633469417782299
CA,157,1.1363071715027124
CB,144,1.71164911111111
H,157,0.7731328347566082
N,157,0.7379250381698887
