residue,atomtype,entries_used,mean_red_ChiSq
ILE,HD11,4,1.1919205343934909
ILE,HD12,4,1.1919205343934909
ILE,HD13,4,1.1919205343934909
LEU,HD11,13,0.41029907692307704
LEU,HD12,13,0.41029907692307704
LEU,HD13,13,0.41029907692307704
LEU,HD21,13,1.7457110889253178
LEU,HD22,13,1.7457110889253178
LEU,HD23,13,1.7457110889253178
TRP,HE1,5,0.6407729989058146
VAL,HG11,13,0.6574322917016602
VAL,HG12,13,0.6574322917016602
VAL,HG13,13,0.6574322917016602
VAL,HG21,13,3.2150617086160027
VAL,HG22,13,3.2150617086160027
VAL,HG23,13,3.2150617086160027
