atomtype,entries_used,mean_red_ChiSq
C,157,0.5701412817242658
CA,157,1.0466215931430367
CB,144,1.6387089722222223
H,157,0.7344980416337973
N,157,0.6632544594402475
