atomtype,Entries used,mean_red_ChiSq
C,158,0.5781074923816213
CA,162,1.4461301935680544
CB,150,0.553606100000001
H,156,1.0824055969269595
HA,150,0.9822145833333336
N,156,0.9969103022999126
