atomtype,Entries used,mean_red_ChiSq
C,157,0.6798699698238575
CA,155,0.9931761688570275
CB,144,1.9026782569444423
H,157,0.7678556492922662
N,157,0.681098909638078
