atomtype,Entries used,mean_red_ChiSq
C,157,0.5467511746087933
CA,157,1.056899960682551
CB,144,1.5492671736111108
H,157,0.6529040658920461
N,157,0.6015819623984071
