residue,atomtype,Entries used,mean_red_ChiSq
ILE,HD11,4,0.4228515624999999
ILE,HD12,4,0.4228515624999999
ILE,HD13,4,0.4228515624999999
LEU,HD11,13,0.49531692307692315
LEU,HD12,13,0.49531692307692315
LEU,HD13,13,0.49531692307692315
LEU,HD21,13,1.9133083263831547
LEU,HD22,13,1.9133083263831547
LEU,HD23,13,1.9133083263831547
TRP,HE1,5,0.5850403164716766
VAL,HG11,13,0.6929728494930697
VAL,HG12,13,0.6929728494930697
VAL,HG13,13,0.6929728494930697
VAL,HG21,13,3.4416944732945876
VAL,HG22,13,3.4416944732945876
VAL,HG23,13,3.4416944732945876
