atomtype,Entries used,mean_red_ChiSq
C,159,0.4817493533562396
CA,162,0.8919521871665907
CB,150,0.50084786
H,156,0.6964111924671693
HA,151,0.8929649558498903
N,156,0.7289106083911278
