atomtype,Entries used,mean_red_ChiSq
C,157,0.6776869513987179
CA,157,1.0652458677361014
CB,144,1.886071118055555
H,157,0.7526028529795756
N,157,0.6646676853261356
