residue,atomtype,Entries used,mean_red_ChiSq
ILE,HD11,4,1.1488362148668636
ILE,HD12,4,1.1488362148668636
ILE,HD13,4,1.1488362148668636
LEU,HD11,13,0.6625169230769232
LEU,HD12,13,0.6625169230769232
LEU,HD13,13,0.6625169230769232
LEU,HD21,13,2.2382918582245614
LEU,HD22,13,2.2382918582245614
LEU,HD23,13,2.2382918582245614
TRP,HE1,5,0.6228809022809513
VAL,HG11,13,0.8687221591405362
VAL,HG12,13,0.8687221591405362
VAL,HG13,13,0.8687221591405362
VAL,HG21,13,3.7757386250635303
VAL,HG22,13,3.7757386250635303
VAL,HG23,13,3.7757386250635303
