atomtype,entries_used,mean_red_ChiSq
C,157,0.5981015016808219
CA,157,0.9124646536132731
CB,144,1.763972312499999
H,157,0.6765077352881398
N,157,0.6860033658495067
