residue,atomtype,entries_used,mean_red_ChiSq
ILE,HD11,4,1.0182310928254437
ILE,HD12,4,1.0182310928254437
ILE,HD13,4,1.0182310928254437
LEU,HD11,13,0.6443310769230769
LEU,HD12,13,0.6443310769230769
LEU,HD13,13,0.6443310769230769
LEU,HD21,13,2.390598701446322
LEU,HD22,13,2.390598701446322
LEU,HD23,13,2.390598701446322
TRP,HE1,5,0.6186368150829066
VAL,HG11,13,0.7923533798719405
VAL,HG12,13,0.7923533798719405
VAL,HG13,13,0.7923533798719405
VAL,HG21,13,3.890214460919717
VAL,HG22,13,3.890214460919717
VAL,HG23,13,3.890214460919717
