atomtype,Entries used,mean_red_ChiSq
C,158,0.5726427804881621
CA,162,1.4689424325560134
CB,150,0.5446857933333338
H,156,1.0845549916101571
HA,150,0.9482568287037035
N,156,1.0081315353717957
