atomtype,Entries used,mean_red_ChiSq
C,158,0.5240352557528503
CA,162,1.4603932327389095
CB,150,0.48957297333333355
H,156,1.0193967633232104
HA,151,1.0128498666298744
N,156,0.9035661332414582
