atomtype,entries_used,mean_red_ChiSq
C,158,0.4910600685898168
CA,162,1.291354412437128
CB,150,0.5079997000000002
H,156,1.0141155995617868
HA,151,1.0043509703826348
N,156,0.8884637860936555
