atomtype,entries_used,mean_red_ChiSq
C,158,0.4830149089457328
CA,162,1.3334547020271295
CB,150,0.5386684
H,156,0.9348505082442339
HA,150,0.9192113425925925
N,156,0.8229845395105139
