atomtype,Entries used,mean_red_ChiSq
C,159,0.5790698854482093
CA,162,1.540109937509527
CB,150,0.5504272399999999
H,156,0.9257349433512224
HA,151,1.0124038815305378
N,156,0.8654325460494292
