atomtype,Entries used,mean_red_ChiSq
C,159,0.6691490143838832
CA,159,3.785105225560989
CB,145,5.861365896551723
H,161,1.3609811581885798
HA,2,0.711805555555553
N,159,1.545611599595917
