residue,atomtype,Entries used,mean_red_ChiSq
ARG,HB2,1,0.0432310557788453
ARG,HB3,1,0.6753259484364273
ARG,HD2,1,0.004444444444444594
ARG,HD3,1,0.004444444444444594
ARG,HG2,1,0.019627062475203808
ARG,HG3,1,0.019627062475203808
GLN,HB2,1,6.801426911157026
GLN,HB3,1,6.801426911157026
GLN,HG2,1,2.0450481892131367
GLN,HG3,1,2.0450481892131367
GLU,HB2,1,0.04811654526534868
GLU,HB3,1,0.04811654526534868
GLU,HG2,1,0.6787512913223099
GLU,HG3,1,0.6787512913223099
ILE,HD11,4,3.315880408653846
ILE,HD12,4,3.315880408653846
ILE,HD13,4,3.315880408653846
LEU,HD11,13,7.0688073846153845
LEU,HD12,13,7.0688073846153845
LEU,HD13,13,7.0688073846153845
LEU,HD21,11,0.7721470432574423
LEU,HD22,11,0.7721470432574423
LEU,HD23,11,0.7721470432574423
TRP,HE1,5,0.37977341974581186
VAL,HG11,13,9.24693120662201
VAL,HG12,13,9.24693120662201
VAL,HG13,13,9.24693120662201
VAL,HG21,10,3.6621516805515646
VAL,HG22,10,3.6621516805515646
VAL,HG23,10,3.6621516805515646
