residue,atomtype,Entries used,mean_red_ChiSq
ARG,HB2,1,0.017865895500441317
ARG,HB3,1,0.23059013822174182
ARG,HD2,1,0.014172335600906931
ARG,HD3,1,0.014172335600906931
ARG,HG2,1,0.03923078718289794
ARG,HG3,1,0.03923078718289794
GLN,HB2,1,2.1488894628099167
GLN,HB3,1,2.1488894628099167
GLN,HG2,1,0.12781551182582226
GLN,HG3,1,0.12781551182582226
GLU,HB2,1,0.2467845993756515
GLU,HB3,1,0.2467845993756515
GLU,HG2,1,0.5044227789256197
GLU,HG3,1,0.5044227789256197
ILE,HD11,4,1.6588445358727806
ILE,HD12,4,1.6588445358727806
ILE,HD13,4,1.6588445358727806
LEU,HD11,13,4.323282461538461
LEU,HD12,13,4.323282461538461
LEU,HD13,13,4.323282461538461
LEU,HD21,11,2.2778578931439055
LEU,HD22,11,2.2778578931439055
LEU,HD23,11,2.2778578931439055
TRP,HE1,5,3.938209914990317
VAL,HG11,13,5.571057599924751
VAL,HG12,13,5.571057599924751
VAL,HG13,13,5.571057599924751
VAL,HG21,10,3.536596883079574
VAL,HG22,10,3.536596883079574
VAL,HG23,10,3.536596883079574
