atomtype,Entries used,mean_red_ChiSq
C,159,0.6013243700986102
CA,159,3.5914972668685463
CB,145,5.8460758758620734
H,161,1.361061208173631
HA,2,0.2895312499999981
N,159,1.5391387663404323
