atomtype,Entries used,mean_red_ChiSq
C,159,0.5909915760394827
CA,159,3.58413497165929
CB,145,5.8436297310344845
H,161,1.3527270742284736
HA,2,0.2670920138888886
N,158,1.5371388481465738
