residue,atomtype,Entries used,mean_red_ChiSq
ARG,HB2,1,0.026688559945103295
ARG,HB3,1,0.2029457896284677
ARG,HD2,1,0.019070294784579805
ARG,HD3,1,0.019070294784579805
ARG,HG2,1,0.03194940372004039
ARG,HG3,1,0.03194940372004039
GLN,HB2,1,2.2160382231404956
GLN,HB3,1,2.2160382231404956
GLN,HG2,1,0.14701065800424284
GLN,HG3,1,0.14701065800424284
GLU,HB2,1,0.2467845993756515
GLU,HB3,1,0.2467845993756515
GLU,HG2,1,0.5044227789256197
GLU,HG3,1,0.5044227789256197
ILE,HD11,4,1.6505350869082838
ILE,HD12,4,1.6505350869082838
ILE,HD13,4,1.6505350869082838
LEU,HD11,13,4.389362461538462
LEU,HD12,13,4.389362461538462
LEU,HD13,13,4.389362461538462
LEU,HD21,11,2.222270776989572
LEU,HD22,11,2.222270776989572
LEU,HD23,11,2.222270776989572
TRP,HE1,5,3.6303031731335738
VAL,HG11,13,5.61976692623474
VAL,HG12,13,5.61976692623474
VAL,HG13,13,5.61976692623474
VAL,HG21,10,3.464981327204825
VAL,HG22,10,3.464981327204825
VAL,HG23,10,3.464981327204825
