atomtype,entries_used,mean_red_ChiSq
C,157,0.5771988344833678
CA,157,1.0155955728552313
CB,144,1.6615802013888894
H,157,0.7709291646715557
N,157,0.7075612905582308
