residue,atomtype,entries_used,mean_red_ChiSq
ILE,HD11,4,1.151176497781065
ILE,HD12,4,1.151176497781065
ILE,HD13,4,1.151176497781065
LEU,HD11,13,0.4339532307692307
LEU,HD12,13,0.4339532307692307
LEU,HD13,13,0.4339532307692307
LEU,HD21,13,2.0166968639969762
LEU,HD22,13,2.0166968639969762
LEU,HD23,13,2.0166968639969762
TRP,HE1,5,0.6169999158320001
VAL,HG11,13,0.8059403911661752
VAL,HG12,13,0.8059403911661752
VAL,HG13,13,0.8059403911661752
VAL,HG21,13,3.8266150862926205
VAL,HG22,13,3.8266150862926205
VAL,HG23,13,3.8266150862926205
