atomtype,Entries used,mean_red_ChiSq
C,159,0.47071672211060567
CA,162,0.8498536960829146
CB,150,0.4926209400000004
H,156,0.6989706147467102
HA,150,0.8991936342592597
N,156,0.7325692897770815
