atomtype,entries_used,mean_red_ChiSq
C,157,0.5774120425660526
CA,157,1.0203692852087751
CB,144,1.6711459236111106
H,157,0.7660809251342606
N,157,0.6999323308836088
