residue,atomtype,entries_used,mean_red_ChiSq
ILE,HD11,4,1.1581164478550292
ILE,HD12,4,1.1581164478550292
ILE,HD13,4,1.1581164478550292
LEU,HD11,13,0.46636430769230774
LEU,HD12,13,0.46636430769230774
LEU,HD13,13,0.46636430769230774
LEU,HD21,13,2.091386297122557
LEU,HD22,13,2.091386297122557
LEU,HD23,13,2.091386297122557
TRP,HE1,5,0.6214163790926684
VAL,HG11,13,0.8054767967642456
VAL,HG12,13,0.8054767967642456
VAL,HG13,13,0.8054767967642456
VAL,HG21,13,3.852798433253044
VAL,HG22,13,3.852798433253044
VAL,HG23,13,3.852798433253044
