residue,atomtype,Entries used,mean_red_ChiSq
ARG,HB2,1,0.00039211841976276914
ARG,HB3,1,0.35290657778649087
ARG,HD2,1,0.013061224489795461
ARG,HD3,1,0.013061224489795461
ARG,HG2,1,0.0008401596303297641
ARG,HG3,1,0.0008401596303297641
GLN,HB2,1,4.348172778925619
GLN,HB3,1,4.348172778925619
GLN,HG2,1,0.7220596526081249
GLN,HG3,1,0.7220596526081249
GLU,HB2,1,0.08807492195629568
GLU,HB3,1,0.08807492195629568
GLU,HG2,1,0.6509555785123957
GLU,HG3,1,0.6509555785123957
ILE,HD11,4,2.210972170857988
ILE,HD12,4,2.210972170857988
ILE,HD13,4,2.210972170857988
LEU,HD11,13,7.040513230769231
LEU,HD12,13,7.040513230769231
LEU,HD13,13,7.040513230769231
LEU,HD21,11,0.8682110319668404
LEU,HD22,11,0.8682110319668404
LEU,HD23,11,0.8682110319668404
TRP,HE1,5,0.5856685464186494
VAL,HG11,13,10.136864489340688
VAL,HG12,13,10.136864489340688
VAL,HG13,13,10.136864489340688
VAL,HG21,10,4.119037273771903
VAL,HG22,10,4.119037273771903
VAL,HG23,10,4.119037273771903
