atomtype,Entries used,mean_red_ChiSq
C,159,0.6652331981811479
CA,159,3.783802787483502
CB,145,5.847422213793104
H,161,1.3445174998068457
HA,2,0.5668402777777767
N,159,1.5537658401025223
