atomtype,entries_used,mean_red_ChiSq
C,158,0.47455731608454443
CA,162,1.3185103414113688
CB,150,0.5359964733333339
H,156,0.9113840468167129
HA,150,0.916662037037037
N,156,0.859969281560191
