residue,atomtype,Entries used,mean_red_ChiSq
ILE,CD,4,0.11020293700918704
LEU,CD1,12,1.330260889395362
LEU,CD2,11,0.8429556358478419
VAL,CG1,13,1.4873483305624442
VAL,CG2,12,0.6476587780628069
