residue,atomtype,entries_used,mean_red_ChiSq
ILE,HD11,4,1.0562476886094672
ILE,HD12,4,1.0562476886094672
ILE,HD13,4,1.0562476886094672
LEU,HD11,13,0.6549747692307695
LEU,HD12,13,0.6549747692307695
LEU,HD13,13,0.6549747692307695
LEU,HD21,13,2.4194950129896458
LEU,HD22,13,2.4194950129896458
LEU,HD23,13,2.4194950129896458
TRP,HE1,5,0.6164316135005443
VAL,HG11,13,0.8044185921511454
VAL,HG12,13,0.8044185921511454
VAL,HG13,13,0.8044185921511454
VAL,HG21,13,3.892834452964443
VAL,HG22,13,3.892834452964443
VAL,HG23,13,3.892834452964443
