atomtype,entries_used,mean_red_ChiSq
C,157,0.5971804720059776
CA,157,0.9635162774239204
CB,144,1.7551025138888887
H,157,0.7031867113571456
N,157,0.7128354399435545
