atomtype,Entries used,mean_red_ChiSq
C,158,0.5718356078586502
CA,162,1.46318886602652
CB,150,0.5453449733333338
H,155,1.0894191105916022
HA,151,0.941956631714496
N,156,1.000200183414469
