residue,atomtype,Entries used,mean_red_ChiSq
ILE,HD11,4,1.2822323409763312
ILE,HD12,4,1.2822323409763312
ILE,HD13,4,1.2822323409763312
LEU,HD11,13,0.6839766153846154
LEU,HD12,13,0.6839766153846154
LEU,HD13,13,0.6839766153846154
LEU,HD21,13,2.2754106083700703
LEU,HD22,13,2.2754106083700703
LEU,HD23,13,2.2754106083700703
TRP,HE1,5,0.6260422523356585
VAL,HG11,13,1.1282174459307837
VAL,HG12,13,1.1282174459307837
VAL,HG13,13,1.1282174459307837
VAL,HG21,13,4.161713035599849
VAL,HG22,13,4.161713035599849
VAL,HG23,13,4.161713035599849
