atomtype,Entries used,mean_red_ChiSq
C,157,0.6312286395671167
CA,157,0.9376701030117165
CB,144,1.8296057291666665
H,157,0.6982242079554101
N,157,0.6135096984522073
