atomtype,Entries used,mean_red_ChiSq
C,159,0.5869653208469205
CA,162,1.5697267337296128
CB,150,0.5315086333333334
H,155,1.0117725710497394
HA,151,1.0831884657836637
N,156,0.9279264722771213
