atomtype,Entries used,mean_red_ChiSq
C,158,0.5483056770344963
CA,162,1.4899392775491538
CB,150,0.5249417733333337
H,156,0.9338677178239099
HA,151,0.9295858627667402
N,156,0.9685700867194379
