atomtype,Entries used,mean_red_ChiSq
C,159,0.48960550181011825
CA,162,0.9129052278616074
CB,150,0.5096868266666671
H,156,0.6996656196696761
HA,150,0.899677430555555
N,156,0.72785841022854
