atomtype,Entries used,mean_red_ChiSq
C,157,0.6855054473097024
CA,157,1.053731587638593
CB,144,1.8869207916666666
H,157,0.7931236371528075
N,157,0.6661960087503973
