residue,atomtype,Entries used,mean_red_ChiSq
ILE,HD11,4,1.0600268121301772
ILE,HD12,4,1.0600268121301772
ILE,HD13,4,1.0600268121301772
LEU,HD11,13,0.5342387692307693
LEU,HD12,13,0.5342387692307693
LEU,HD13,13,0.5342387692307693
LEU,HD21,13,2.0477980599755954
LEU,HD22,13,2.0477980599755954
LEU,HD23,13,2.0477980599755954
TRP,HE1,5,0.6128016160255857
VAL,HG11,13,1.1175698918951606
VAL,HG12,13,1.1175698918951606
VAL,HG13,13,1.1175698918951606
VAL,HG21,13,4.126255441628178
VAL,HG22,13,4.126255441628178
VAL,HG23,13,4.126255441628178
