atomtype,entries_used,mean_red_ChiSq
C,159,0.49062998631492966
CA,162,1.4157705913732639
CB,150,0.4896267466666668
H,156,1.0327668108887686
HA,151,1.0173666298749076
N,156,0.866810638856094
