residue,atomtype,entries_used,mean_red_ChiSq
ILE,HD11,4,1.2040668916420116
ILE,HD12,4,1.2040668916420116
ILE,HD13,4,1.2040668916420116
LEU,HD11,13,0.41058215384615376
LEU,HD12,13,0.41058215384615376
LEU,HD13,13,0.41058215384615376
LEU,HD21,13,1.7470586704683808
LEU,HD22,13,1.7470586704683808
LEU,HD23,13,1.7470586704683808
TRP,HE1,5,0.6445834525713312
VAL,HG11,13,0.6585375276308981
VAL,HG12,13,0.6585375276308981
VAL,HG13,13,0.6585375276308981
VAL,HG21,13,3.208111893134156
VAL,HG22,13,3.208111893134156
VAL,HG23,13,3.208111893134156
