atomtype,entries_used,mean_red_ChiSq
C,157,0.5699833115858683
CA,157,1.0464674766061173
CB,144,1.6387321180555539
H,157,0.7376252613738531
N,157,0.6586785931231293
