atomtype,Entries used,mean_red_ChiSq
C,158,0.699354809467301
CA,159,3.4056579625747365
CB,145,6.112689565517241
H,161,1.3487820510667172
HA,2,0.10946180555555583
N,159,1.792473859374129
