residue,atomtype,Entries used,mean_red_ChiSq
ARG,HB2,1,0.033550632290952134
ARG,HB3,1,0.18549651994902353
ARG,HD2,1,0.005804988662131853
ARG,HD3,1,0.005804988662131853
ARG,HG2,1,0.0005834441877290287
ARG,HG3,1,0.0005834441877290287
GLN,HB2,1,3.368059142561977
GLN,HB3,1,3.368059142561977
GLN,HG2,1,0.4677709468710577
GLN,HG3,1,0.4677709468710577
GLU,HB2,1,0.11254942767950168
GLU,HB3,1,0.11254942767950168
GLU,HG2,1,0.51252582644628
GLU,HG3,1,0.51252582644628
ILE,HD11,4,2.993331638313608
ILE,HD12,4,2.993331638313608
ILE,HD13,4,2.993331638313608
LEU,HD11,13,5.842292923076924
LEU,HD12,13,5.842292923076924
LEU,HD13,13,5.842292923076924
LEU,HD21,11,1.5873168473713255
LEU,HD22,11,1.5873168473713255
LEU,HD23,11,1.5873168473713255
TRP,HE1,5,0.5893389445332893
VAL,HG11,13,7.7618015009708605
VAL,HG12,13,7.7618015009708605
VAL,HG13,13,7.7618015009708605
VAL,HG21,10,2.8074852772191896
VAL,HG22,10,2.8074852772191896
VAL,HG23,10,2.8074852772191896
