atomtype,Entries used,mean_red_ChiSq
C,158,0.572569429183272
CA,162,1.4522454122847113
CB,150,0.5464931666666666
H,156,1.081954348157701
HA,150,0.9468150462962961
N,156,0.9921084206798497
