atomtype,Entries used,mean_red_ChiSq
C,158,0.5712009750058596
CA,162,1.4715268556622474
CB,150,0.543721186666667
H,155,1.092152584657792
HA,150,0.947679861111111
N,156,1.0096051447350145
