atomtype,Entries used,mean_red_ChiSq
C,159,0.5825031604258867
CA,159,3.5579592825529947
CB,145,5.757591137931036
H,161,1.374069952198434
HA,2,0.3368402777777767
N,159,1.5182395959925978
