residue,atomtype,Entries used,mean_red_ChiSq
ARG,HB2,1,0.026688559945103295
ARG,HB3,1,0.2029457896284677
ARG,HD2,1,0.04591836734693864
ARG,HD3,1,0.04591836734693864
ARG,HG2,1,0.02858876519872096
ARG,HG3,1,0.02858876519872096
GLN,HB2,1,2.2329868285123946
GLN,HB3,1,2.2329868285123946
GLN,HG2,1,0.1510107653896756
GLN,HG3,1,0.1510107653896756
GLU,HB2,1,0.3078459937565042
GLU,HB3,1,0.3078459937565042
GLU,HG2,1,0.48050103305785025
GLU,HG3,1,0.48050103305785025
ILE,HD11,4,1.576657267011834
ILE,HD12,4,1.576657267011834
ILE,HD13,4,1.576657267011834
LEU,HD11,13,4.636557538461538
LEU,HD12,13,4.636557538461538
LEU,HD13,13,4.636557538461538
LEU,HD21,11,2.1177177964551785
LEU,HD22,11,2.1177177964551785
LEU,HD23,11,2.1177177964551785
TRP,HE1,5,3.1309532867603727
VAL,HG11,13,5.543406545415454
VAL,HG12,13,5.543406545415454
VAL,HG13,13,5.543406545415454
VAL,HG21,10,3.2389220051709273
VAL,HG22,10,3.2389220051709273
VAL,HG23,10,3.2389220051709273
