residue,atomtype,Entries used,mean_red_ChiSq
ILE,HD11,4,1.3415137296597628
ILE,HD12,4,1.3415137296597628
ILE,HD13,4,1.3415137296597628
LEU,HD11,13,0.8452246153846157
LEU,HD12,13,0.8452246153846157
LEU,HD13,13,0.8452246153846157
LEU,HD21,13,2.736587523640881
LEU,HD22,13,2.736587523640881
LEU,HD23,13,2.736587523640881
TRP,HE1,5,0.5888063294335482
VAL,HG11,13,0.8576026122536735
VAL,HG12,13,0.8576026122536735
VAL,HG13,13,0.8576026122536735
VAL,HG21,13,3.423938744392636
VAL,HG22,13,3.423938744392636
VAL,HG23,13,3.423938744392636
