atomtype,Entries used,mean_red_ChiSq
C,157,0.6382026366035624
CA,157,1.1220817331131543
CB,144,1.7408055972222207
H,157,0.7681224142504299
N,157,0.73720986139714
