atomtype,entries_used,mean_red_ChiSq
C,157,0.5961314886077682
CA,157,0.957260147833609
CB,144,1.7551157152777774
H,157,0.6992040111197995
N,157,0.7105005886476639
