residue,atomtype,entries_used,mean_red_ChiSq
ILE,HD11,4,1.0627369175295855
ILE,HD12,4,1.0627369175295855
ILE,HD13,4,1.0627369175295855
LEU,HD11,13,0.6622560000000001
LEU,HD12,13,0.6622560000000001
LEU,HD13,13,0.6622560000000001
LEU,HD21,13,2.433231032173509
LEU,HD22,13,2.433231032173509
LEU,HD23,13,2.433231032173509
TRP,HE1,5,0.6139005134247943
VAL,HG11,13,0.7959462364868954
VAL,HG12,13,0.7959462364868954
VAL,HG13,13,0.7959462364868954
VAL,HG21,13,3.8814125582834276
VAL,HG22,13,3.8814125582834276
VAL,HG23,13,3.8814125582834276
