atomtype,Entries used,mean_red_ChiSq
C,157,0.6448533612732955
CA,157,1.1339958873948244
CB,144,1.7622232083333338
H,157,0.7973804397625847
N,157,0.7413568773300764
