residue,atomtype,Entries used,mean_red_ChiSq
ILE,HD11,4,1.122024084689349
ILE,HD12,4,1.122024084689349
ILE,HD13,4,1.122024084689349
LEU,HD11,13,0.8076910769230772
LEU,HD12,13,0.8076910769230772
LEU,HD13,13,0.8076910769230772
LEU,HD21,13,2.6427607892116787
LEU,HD22,13,2.6427607892116787
LEU,HD23,13,2.6427607892116787
TRP,HE1,5,0.6096422860028631
VAL,HG11,13,0.7874621229936106
VAL,HG12,13,0.7874621229936106
VAL,HG13,13,0.7874621229936106
VAL,HG21,13,3.597626124234856
VAL,HG22,13,3.597626124234856
VAL,HG23,13,3.597626124234856
