atomtype,Entries used,mean_red_ChiSq
C,157,0.502648371151806
CA,157,0.8936493433986
CB,144,1.52436579861111
H,157,0.6457542551835557
N,157,0.6053709757490058
