residue,atomtype,Entries used,mean_red_ChiSq
ILE,HD11,4,0.4764527089497041
ILE,HD12,4,0.4764527089497041
ILE,HD13,4,0.4764527089497041
LEU,HD11,13,0.4638793846153846
LEU,HD12,13,0.4638793846153846
LEU,HD13,13,0.4638793846153846
LEU,HD21,13,1.7465163510669037
LEU,HD22,13,1.7465163510669037
LEU,HD23,13,1.7465163510669037
TRP,HE1,5,0.6080276071037767
VAL,HG11,12,0.7683840655661339
VAL,HG12,12,0.7683840655661339
VAL,HG13,12,0.7683840655661339
VAL,HG21,11,4.114738123841111
VAL,HG22,11,4.114738123841111
VAL,HG23,11,4.114738123841111
