atomtype,Entries used,mean_red_ChiSq
C,158,0.5293371706028268
CA,162,1.4716173220545639
CB,150,0.5333566266666664
H,156,1.0885863113810652
HA,150,0.9924667824074074
N,156,0.9660028872041844
