residue,atomtype,Entries used,mean_red_ChiSq
ARG,HB2,1,0.016567003234976712
ARG,HB3,1,0.23536908146260216
ARG,HD2,1,0.010975056689342204
ARG,HD3,1,0.010975056689342204
ARG,HG2,1,0.04315153212443727
ARG,HG3,1,0.04315153212443727
GLN,HB2,1,2.115702479338839
GLN,HB3,1,2.115702479338839
GLN,HG2,1,0.12051330237053402
GLN,HG3,1,0.12051330237053402
GLU,HB2,1,0.2597710718002093
GLU,HB3,1,0.2597710718002093
GLU,HG2,1,0.5044227789256197
GLU,HG3,1,0.5044227789256197
ILE,HD11,4,1.6421851886094674
ILE,HD12,4,1.6421851886094674
ILE,HD13,4,1.6421851886094674
LEU,HD11,13,4.3352516923076925
LEU,HD12,13,4.3352516923076925
LEU,HD13,13,4.3352516923076925
LEU,HD21,11,2.258740262746031
LEU,HD22,11,2.258740262746031
LEU,HD23,11,2.258740262746031
TRP,HE1,5,4.0224721824762195
VAL,HG11,13,5.57222834375861
VAL,HG12,13,5.57222834375861
VAL,HG13,13,5.57222834375861
VAL,HG21,10,3.554235492674517
VAL,HG22,10,3.554235492674517
VAL,HG23,10,3.554235492674517
