atomtype,Entries used,mean_red_ChiSq
C,159,0.6039993278787179
CA,159,3.5877275021352593
CB,145,5.834068806896552
H,161,1.3657534541081464
HA,2,0.286944444444443
N,159,1.5347265033150828
