atomtype,entries_used,mean_red_ChiSq
C,157,0.5803742621834949
CA,157,1.2163464260438768
CB,144,1.6693297638888887
H,156,0.7627652161251398
N,157,0.7158622861683497
