residue,atomtype,entries_used,mean_red_ChiSq
ILE,HD11,4,1.4114564071745561
ILE,HD12,4,1.4114564071745561
ILE,HD13,4,1.4114564071745561
LEU,HD11,13,0.4380935384615385
LEU,HD12,13,0.4380935384615385
LEU,HD13,13,0.4380935384615385
LEU,HD21,13,1.8635847586336294
LEU,HD22,13,1.8635847586336294
LEU,HD23,13,1.8635847586336294
TRP,HE1,5,0.621246696406026
VAL,HG11,13,0.6604910069404786
VAL,HG12,13,0.6604910069404786
VAL,HG13,13,0.6604910069404786
VAL,HG21,13,2.3765551455152134
VAL,HG22,13,2.3765551455152134
VAL,HG23,13,2.3765551455152134
