residue,atomtype,Entries used,mean_red_ChiSq
ARG,HB2,1,0.015317125771983032
ARG,HB3,1,0.24019703950593072
ARG,HD2,1,0.004444444444444313
ARG,HD3,1,0.004444444444444313
ARG,HG2,1,0.04315153212443727
ARG,HG3,1,0.04315153212443727
GLN,HB2,1,2.1488894628099167
GLN,HB3,1,2.1488894628099167
GLN,HG2,1,0.1510107653896756
GLN,HG3,1,0.1510107653896756
GLU,HB2,1,0.24041623309053112
GLU,HB3,1,0.24041623309053112
GLU,HG2,1,0.5206934400826427
GLU,HG3,1,0.5206934400826427
ILE,HD11,4,1.7282671505177516
ILE,HD12,4,1.7282671505177516
ILE,HD13,4,1.7282671505177516
LEU,HD11,13,4.440237538461538
LEU,HD12,13,4.440237538461538
LEU,HD13,13,4.440237538461538
LEU,HD21,11,2.1735250275548306
LEU,HD22,11,2.1735250275548306
LEU,HD23,11,2.1735250275548306
TRP,HE1,5,4.608736638330101
VAL,HG11,13,5.588865671842351
VAL,HG12,13,5.588865671842351
VAL,HG13,13,5.588865671842351
VAL,HG21,10,3.662047543809249
VAL,HG22,10,3.662047543809249
VAL,HG23,10,3.662047543809249
