atomtype,Entries used,mean_red_ChiSq
C,159,0.6232518477269233
CA,159,3.4952822967621713
CB,145,5.915041372413794
H,161,1.3711193225144365
HA,2,0.242309027777777
N,159,1.4836074706057543
