atomtype,entries_used,mean_red_ChiSq
C,158,0.4893303854850377
CA,162,1.3243665904587703
CB,150,0.5306711399999997
H,156,1.0209534259682986
HA,151,1.0300108075791021
N,156,0.871061531061531
