atomtype,Entries used,mean_red_ChiSq
C,157,0.5588568144511269
CA,157,1.11002400723441
CB,144,1.5454427083333326
H,157,0.643689754833909
N,157,0.6116657923192798
