residue,atomtype,Entries used,mean_red_ChiSq
ILE,HD11,4,0.4718357063609466
ILE,HD12,4,0.4718357063609466
ILE,HD13,4,0.4718357063609466
LEU,HD11,13,0.5338363076923077
LEU,HD12,13,0.5338363076923077
LEU,HD13,13,0.5338363076923077
LEU,HD21,13,2.015041146430347
LEU,HD22,13,2.015041146430347
LEU,HD23,13,2.015041146430347
TRP,HE1,5,0.5939506775523943
VAL,HG11,13,0.700343328607806
VAL,HG12,13,0.700343328607806
VAL,HG13,13,0.700343328607806
VAL,HG21,13,3.448774114423353
VAL,HG22,13,3.448774114423353
VAL,HG23,13,3.448774114423353
