atomtype,Entries used,mean_red_ChiSq
C,158,0.504587191358024
CA,162,1.388365218716659
CB,150,0.5210560266666675
H,156,1.1573457932908984
HA,151,1.016213553164091
N,156,0.8886452484504431
