atomtype,Entries used,mean_red_ChiSq
C,158,0.531062641623691
CA,162,1.4730499009297353
CB,150,0.5406842333333334
H,156,0.9098053001622497
HA,151,0.943100510485651
N,156,1.0178696760190264
