atomtype,Entries used,mean_red_ChiSq
C,159,0.5106663858073205
CA,161,0.9613744344758841
CB,150,0.5242829600000006
H,156,0.6934240268474998
HA,151,0.9308528789551138
N,156,0.7324186083276994
