atomtype,Entries used,mean_red_ChiSq
C,157,0.6480694487447896
CA,157,1.1379812377132967
CB,144,1.7721663680555557
H,157,0.8001341403340766
N,157,0.7468921695119064
