residue,atomtype,Entries used,mean_red_ChiSq
ILE,HD11,4,1.0852325258875735
ILE,HD12,4,1.0852325258875735
ILE,HD13,4,1.0852325258875735
LEU,HD11,13,0.7705316923076926
LEU,HD12,13,0.7705316923076926
LEU,HD13,13,0.7705316923076926
LEU,HD21,13,2.561837421955993
LEU,HD22,13,2.561837421955993
LEU,HD23,13,2.561837421955993
TRP,HE1,5,0.6214850601801187
VAL,HG11,13,0.7512496892573756
VAL,HG12,13,0.7512496892573756
VAL,HG13,13,0.7512496892573756
VAL,HG21,13,3.642663193600423
VAL,HG22,13,3.642663193600423
VAL,HG23,13,3.642663193600423
