atomtype,Entries used,mean_red_ChiSq
C,157,0.6775472116556566
CA,157,1.0731944955571282
CB,144,1.8845655972222213
H,156,0.7626155163567274
N,157,0.6602827705102506
