residue,atomtype,Entries used,mean_red_ChiSq
ILE,HD11,4,1.1247052977071008
ILE,HD12,4,1.1247052977071008
ILE,HD13,4,1.1247052977071008
LEU,HD11,13,0.6683039999999999
LEU,HD12,13,0.6683039999999999
LEU,HD13,13,0.6683039999999999
LEU,HD21,13,2.268533012324072
LEU,HD22,13,2.268533012324072
LEU,HD23,13,2.268533012324072
TRP,HE1,5,0.6195592963555239
VAL,HG11,13,0.8928223492814291
VAL,HG12,13,0.8928223492814291
VAL,HG13,13,0.8928223492814291
VAL,HG21,13,3.8032312774843646
VAL,HG22,13,3.8032312774843646
VAL,HG23,13,3.8032312774843646
