atomtype,Entries used,mean_red_ChiSq
C,159,0.6639150670422789
CA,159,3.574914907989748
CB,145,6.0966010137931015
H,161,1.3781741347513676
HA,2,0.2037934027777772
N,159,1.7330446587907997
