residue,atomtype,Entries used,mean_red_ChiSq
ARG,HB2,1,0.009802960494069228
ARG,HB3,1,0.2650720517596308
ARG,HD2,1,0.005102040816326616
ARG,HD3,1,0.005102040816326616
ARG,HG2,1,0.0028238698686083173
ARG,HG3,1,0.0028238698686083173
GLN,HB2,1,3.368059142561977
GLN,HB3,1,3.368059142561977
GLN,HG2,1,0.3131359231120304
GLN,HG3,1,0.3131359231120304
GLU,HB2,1,0.056982310093652885
GLU,HB3,1,0.056982310093652885
GLU,HG2,1,0.5710550103305785
GLU,HG3,1,0.5710550103305785
ILE,HD11,4,5.05851285133136
ILE,HD12,4,5.05851285133136
ILE,HD13,4,5.05851285133136
LEU,HD11,13,6.281664
LEU,HD12,13,6.281664
LEU,HD13,13,6.281664
LEU,HD21,11,1.3713581901372323
LEU,HD22,11,1.3713581901372323
LEU,HD23,11,1.3713581901372323
TRP,HE1,5,0.5466657688746714
VAL,HG11,13,8.04394740555104
VAL,HG12,13,8.04394740555104
VAL,HG13,13,8.04394740555104
VAL,HG21,10,4.360165900603273
VAL,HG22,10,4.360165900603273
VAL,HG23,10,4.360165900603273
