atomtype,Entries used,mean_red_ChiSq
C,157,0.6790565870242584
CA,157,1.0255457812377125
CB,144,1.887718611111111
H,157,0.7343368252076348
N,157,0.6582717106424613
