residue,atomtype,Entries used,mean_red_ChiSq
ILE,HD11,4,1.1221454326923075
ILE,HD12,4,1.1221454326923075
ILE,HD13,4,1.1221454326923075
LEU,HD11,13,0.7089230769230771
LEU,HD12,13,0.7089230769230771
LEU,HD13,13,0.7089230769230771
LEU,HD21,13,2.3276061117753155
LEU,HD22,13,2.3276061117753155
LEU,HD23,13,2.3276061117753155
TRP,HE1,5,0.6233158825014733
VAL,HG11,13,0.8998988826703039
VAL,HG12,13,0.8998988826703039
VAL,HG13,13,0.8998988826703039
VAL,HG21,13,3.840622444920778
VAL,HG22,13,3.840622444920778
VAL,HG23,13,3.840622444920778
