atomtype,Entries used,mean_red_ChiSq
C,157,0.6451144905687289
CA,157,1.1327130533930958
CB,144,1.7661887638888898
H,157,0.7963402493342936
N,157,0.7388665175322461
