residue,atomtype,Entries used,mean_red_ChiSq
ILE,HD11,4,1.1248959874260351
ILE,HD12,4,1.1248959874260351
ILE,HD13,4,1.1248959874260351
LEU,HD11,13,0.7945636923076924
LEU,HD12,13,0.7945636923076924
LEU,HD13,13,0.7945636923076924
LEU,HD21,13,2.6161022299461654
LEU,HD22,13,2.6161022299461654
LEU,HD23,13,2.6161022299461654
TRP,HE1,5,0.6152902954296774
VAL,HG11,12,0.8484692986287014
VAL,HG12,12,0.8484692986287014
VAL,HG13,12,0.8484692986287014
VAL,HG21,12,3.9243781719812314
VAL,HG22,12,3.9243781719812314
VAL,HG23,12,3.9243781719812314
