atomtype,Entries used,mean_red_ChiSq
C,157,0.6826709541116202
CA,157,1.059350491468113
CB,143,1.9132759999999993
H,157,0.8020985004805486
N,157,0.6769118527725524
