residue,atomtype,Entries used,mean_red_ChiSq
ILE,HD11,4,1.0122099204881656
ILE,HD12,4,1.0122099204881656
ILE,HD13,4,1.0122099204881656
LEU,HD11,13,0.6014424615384617
LEU,HD12,13,0.6014424615384617
LEU,HD13,13,0.6014424615384617
LEU,HD21,13,2.1517001576286954
LEU,HD22,13,2.1517001576286954
LEU,HD23,13,2.1517001576286954
TRP,HE1,5,0.6063705075330349
VAL,HG11,13,1.1314256535673255
VAL,HG12,13,1.1314256535673255
VAL,HG13,13,1.1314256535673255
VAL,HG21,13,4.11068603186529
VAL,HG22,13,4.11068603186529
VAL,HG23,13,4.11068603186529
