residue,atomtype,entries_used,mean_red_ChiSq
ILE,HD11,4,1.194272374260355
ILE,HD12,4,1.194272374260355
ILE,HD13,4,1.194272374260355
LEU,HD11,13,0.4079704615384615
LEU,HD12,13,0.4079704615384615
LEU,HD13,13,0.4079704615384615
LEU,HD21,13,1.7364341403758163
LEU,HD22,13,1.7364341403758163
LEU,HD23,13,1.7364341403758163
TRP,HE1,5,0.6410504166315953
VAL,HG11,13,0.6554082654178732
VAL,HG12,13,0.6554082654178732
VAL,HG13,13,0.6554082654178732
VAL,HG21,13,3.2241039268114813
VAL,HG22,13,3.2241039268114813
VAL,HG23,13,3.2241039268114813
