atomtype,entries_used,mean_red_ChiSq
C,157,0.570039612329951
CA,157,1.0514900605488715
CB,144,1.6364772916666661
H,156,0.738087046359085
N,157,0.6630295188033617
