residue,atomtype,entries_used,mean_red_ChiSq
ILE,HD11,4,1.2187153291420112
ILE,HD12,4,1.2187153291420112
ILE,HD13,4,1.2187153291420112
LEU,HD11,13,0.6220209230769231
LEU,HD12,13,0.6220209230769231
LEU,HD13,13,0.6220209230769231
LEU,HD21,13,2.1736175306116023
LEU,HD22,13,2.1736175306116023
LEU,HD23,13,2.1736175306116023
TRP,HE1,5,0.6418516959851852
VAL,HG11,13,0.8404193849647602
VAL,HG12,13,0.8404193849647602
VAL,HG13,13,0.8404193849647602
VAL,HG21,13,3.791502773296798
VAL,HG22,13,3.791502773296798
VAL,HG23,13,3.791502773296798
