atomtype,entries_used,mean_red_ChiSq
C,156,0.5735181197323137
CA,157,0.9142539199496732
CB,144,1.8080278055555543
H,157,0.6808723944428561
N,157,0.6160237736546775
