atomtype,entries_used,mean_red_ChiSq
C,158,0.47467098130567337
CA,162,1.3195069806431945
CB,150,0.5322230133333336
H,156,0.931665730609754
HA,151,0.9161310016556293
N,156,0.833826931846412
