atomtype,Entries used,mean_red_ChiSq
C,159,0.6663163810757832
CA,159,3.772641773429616
CB,145,5.849311537931034
H,161,1.3460311600361443
HA,2,0.5843923611111106
N,159,1.5572930080256706
