residue,atomtype,Entries used,mean_red_ChiSq
ARG,HB2,1,0.0008822664444661652
ARG,HB3,1,0.3412410547985498
ARG,HD2,1,0.016530612244897585
ARG,HD3,1,0.016530612244897585
ARG,HG2,1,0.0014936171205861644
ARG,HG3,1,0.0014936171205861644
GLN,HB2,1,4.371900826446277
GLN,HB3,1,4.371900826446277
GLN,HG2,1,0.7667588391634718
GLN,HG3,1,0.7667588391634718
GLU,HB2,1,0.0919458896982316
GLU,HB3,1,0.0919458896982316
GLU,HG2,1,0.6418194731404958
GLU,HG3,1,0.6418194731404958
ILE,HD11,4,2.2855723002958577
ILE,HD12,4,2.2855723002958577
ILE,HD13,4,2.2855723002958577
LEU,HD11,13,7.083267692307692
LEU,HD12,13,7.083267692307692
LEU,HD13,13,7.083267692307692
LEU,HD21,11,0.8558910689979431
LEU,HD22,11,0.8558910689979431
LEU,HD23,11,0.8558910689979431
TRP,HE1,5,0.6001427489268569
VAL,HG11,13,10.097729395244468
VAL,HG12,13,10.097729395244468
VAL,HG13,13,10.097729395244468
VAL,HG21,10,4.131725797184716
VAL,HG22,10,4.131725797184716
VAL,HG23,10,4.131725797184716
