residue,atomtype,Entries used,mean_red_ChiSq
ILE,HD11,4,0.4413773576183433
ILE,HD12,4,0.4413773576183433
ILE,HD13,4,0.4413773576183433
LEU,HD11,13,0.4637193846153847
LEU,HD12,13,0.4637193846153847
LEU,HD13,13,0.4637193846153847
LEU,HD21,13,1.78389256597877
LEU,HD22,13,1.78389256597877
LEU,HD23,13,1.78389256597877
TRP,HE1,5,0.5926585304267297
VAL,HG11,13,0.7054092732317905
VAL,HG12,13,0.7054092732317905
VAL,HG13,13,0.7054092732317905
VAL,HG21,13,3.478111948379112
VAL,HG22,13,3.478111948379112
VAL,HG23,13,3.478111948379112
