atomtype,Entries used,mean_red_ChiSq
C,157,0.5203678024494764
CA,157,0.981942934654399
CB,144,1.5231229722222215
H,156,0.6576904355784825
N,157,0.6029886542534403
