atomtype,Entries used,mean_red_ChiSq
C,159,0.7056490732248236
CA,159,3.367938830654551
CB,145,6.086431075862073
H,161,1.345479174574808
HA,2,0.12379340277777728
N,159,1.7894847283820583
