residue,atomtype,Entries used,mean_red_ChiSq
ARG,HB2,1,0.07685521027350214
ARG,HB3,1,0.11332222331144028
ARG,HD2,1,0.00020408163265307674
ARG,HD3,1,0.00020408163265307674
ARG,HG2,1,0.0059744684823449905
ARG,HG3,1,0.0059744684823449905
GLN,HB2,1,4.207160382231404
GLN,HB3,1,4.207160382231404
GLN,HG2,1,0.8128003436333896
GLN,HG3,1,0.8128003436333896
GLU,HB2,1,0.13053069719042687
GLU,HB3,1,0.13053069719042687
GLU,HG2,1,0.51252582644628
GLU,HG3,1,0.51252582644628
ILE,HD11,4,3.1926659578402368
ILE,HD12,4,3.1926659578402368
ILE,HD13,4,3.1926659578402368
LEU,HD11,13,6.075147076923078
LEU,HD12,13,6.075147076923078
LEU,HD13,13,6.075147076923078
LEU,HD21,11,1.3570507186914815
LEU,HD22,11,1.3570507186914815
LEU,HD23,11,1.3570507186914815
TRP,HE1,5,0.5859917515360643
VAL,HG11,13,7.945509181184786
VAL,HG12,13,7.945509181184786
VAL,HG13,13,7.945509181184786
VAL,HG21,10,2.741965311692042
VAL,HG22,10,2.741965311692042
VAL,HG23,10,2.741965311692042
