atomtype,Entries used,mean_red_ChiSq
C,157,0.6553477536221191
CA,157,1.14096687898089
CB,144,1.78456929861111
H,157,0.8097676141002363
N,157,0.7323399660789026
