residue,atomtype,Entries used,mean_red_ChiSq
ILE,HD11,4,1.050446098372781
ILE,HD12,4,1.050446098372781
ILE,HD13,4,1.050446098372781
LEU,HD11,13,0.7320873846153848
LEU,HD12,13,0.7320873846153848
LEU,HD13,13,0.7320873846153848
LEU,HD21,13,2.4676573582197685
LEU,HD22,13,2.4676573582197685
LEU,HD23,13,2.4676573582197685
TRP,HE1,5,0.6276252840669967
VAL,HG11,13,0.7459049161162883
VAL,HG12,13,0.7459049161162883
VAL,HG13,13,0.7459049161162883
VAL,HG21,13,3.6805722825006066
VAL,HG22,13,3.6805722825006066
VAL,HG23,13,3.6805722825006066
