atomtype,Entries used,mean_red_ChiSq
C,157,0.6821871406139428
CA,157,1.0580567114885582
CB,144,1.890525041666666
H,157,0.7974282190752102
N,157,0.6731020401001371
