residue,atomtype,Entries used,mean_red_ChiSq
ILE,HD11,4,1.0201264330621298
ILE,HD12,4,1.0201264330621298
ILE,HD13,4,1.0201264330621298
LEU,HD11,13,0.5776800000000001
LEU,HD12,13,0.5776800000000001
LEU,HD13,13,0.5776800000000001
LEU,HD21,13,2.1151470082731096
LEU,HD22,13,2.1151470082731096
LEU,HD23,13,2.1151470082731096
TRP,HE1,5,0.6101021799511817
VAL,HG11,13,1.1248664646559663
VAL,HG12,13,1.1248664646559663
VAL,HG13,13,1.1248664646559663
VAL,HG21,13,4.119416116058603
VAL,HG22,13,4.119416116058603
VAL,HG23,13,4.119416116058603
