residue,atomtype,Entries used,mean_red_ChiSq
ARG,HB2,1,0.2029457896284677
ARG,HB3,1,1.1328546220958717
ARG,HD2,1,0.005102040816326616
ARG,HD3,1,0.005102040816326616
ARG,HG2,1,0.1686153702536814
ARG,HG3,1,0.1686153702536814
GLN,HB2,1,1.4101562500000007
GLN,HB3,1,1.4101562500000007
GLN,HG2,1,0.024161722462348382
GLN,HG3,1,0.024161722462348382
GLU,HB2,1,0.03500520291363196
GLU,HB3,1,0.03500520291363196
GLU,HG2,1,2.199154183884299
GLU,HG3,1,2.199154183884299
ILE,HD11,4,3.5875381379437865
ILE,HD12,4,3.5875381379437865
ILE,HD13,4,3.5875381379437865
LEU,HD11,13,5.527682461538462
LEU,HD12,13,5.527682461538462
LEU,HD13,13,5.527682461538462
LEU,HD21,11,1.3994972963087047
LEU,HD22,11,1.3994972963087047
LEU,HD23,11,1.3994972963087047
TRP,HE1,5,0.6631818870465459
VAL,HG11,13,10.50673723603674
VAL,HG12,13,10.50673723603674
VAL,HG13,13,10.50673723603674
VAL,HG21,10,5.498712654409652
VAL,HG22,10,5.498712654409652
VAL,HG23,10,5.498712654409652
