atomtype,Entries used,mean_red_ChiSq
C,159,0.7898920450685243
CA,159,5.0368900691047465
CB,145,6.52448626896552
H,161,2.2705846369869236
HA,2,0.41032118055555655
N,159,2.350628332071605
