residue,atomtype,entries_used,mean_red_ChiSq
ILE,HD11,4,1.0528672799556207
ILE,HD12,4,1.0528672799556207
ILE,HD13,4,1.0528672799556207
LEU,HD11,13,0.6501415384615385
LEU,HD12,13,0.6501415384615385
LEU,HD13,13,0.6501415384615385
LEU,HD21,13,2.4069600395509707
LEU,HD22,13,2.4069600395509707
LEU,HD23,13,2.4069600395509707
TRP,HE1,5,0.6144795892601619
VAL,HG11,13,0.7929059978365596
VAL,HG12,13,0.7929059978365596
VAL,HG13,13,0.7929059978365596
VAL,HG21,13,3.877197368130289
VAL,HG22,13,3.877197368130289
VAL,HG23,13,3.877197368130289
