atomtype,entries_used,mean_red_ChiSq
C,157,0.5961688125393173
CA,157,0.9306205866163403
CB,144,1.7597658125000004
H,157,0.68533275001464
N,157,0.6923555670623257
