atomtype,entries_used,mean_red_ChiSq
C,158,0.49736383370448556
CA,162,1.2906671086724582
CB,150,0.5092790933333335
H,156,0.9989542164163578
HA,151,1.0203675726637234
N,156,0.9017751920998675
