atomtype,Entries used,mean_red_ChiSq
C,157,0.6818692774681554
CA,157,1.0865473853896357
CB,144,1.929814430555555
H,157,0.810138205192684
N,157,0.6804059490476884
