residue,atomtype,Entries used,mean_red_ChiSq
ILE,HD11,4,0.9903037167159761
ILE,HD12,4,0.9903037167159761
ILE,HD13,4,0.9903037167159761
LEU,HD11,13,0.6489230769230772
LEU,HD12,13,0.6489230769230772
LEU,HD13,13,0.6489230769230772
LEU,HD21,13,2.188364235952764
LEU,HD22,13,2.188364235952764
LEU,HD23,13,2.188364235952764
TRP,HE1,4,0.7704452487164342
VAL,HG11,13,1.071657249205507
VAL,HG12,13,1.071657249205507
VAL,HG13,13,1.071657249205507
VAL,HG21,13,3.9796132300620948
VAL,HG22,13,3.9796132300620948
VAL,HG23,13,3.9796132300620948
