atomtype,Entries used,mean_red_ChiSq
C,159,0.5892135058768129
CA,162,1.5613861606462427
CB,150,0.5296505666666665
H,156,1.0146079654976354
HA,150,1.1042188657407408
N,156,0.9212989187339835
