residue,atomtype,Entries used,mean_red_ChiSq
ILE,HD11,4,0.44839820636094674
ILE,HD12,4,0.44839820636094674
ILE,HD13,4,0.44839820636094674
LEU,HD11,13,0.4830104615384617
LEU,HD12,13,0.4830104615384617
LEU,HD13,13,0.4830104615384617
LEU,HD21,13,1.8806993181292175
LEU,HD22,13,1.8806993181292175
LEU,HD23,13,1.8806993181292175
TRP,HE1,5,0.5873088123895285
VAL,HG11,13,0.6908614793364556
VAL,HG12,13,0.6908614793364556
VAL,HG13,13,0.6908614793364556
VAL,HG21,13,3.4357597838817315
VAL,HG22,13,3.4357597838817315
VAL,HG23,13,3.4357597838817315
