atomtype,Entries used,mean_red_ChiSq
C,157,0.5406186324162555
CA,157,1.0447185106550285
CB,144,1.5459061736111104
H,157,0.6532292890286704
N,157,0.5990636700364559
