residue,atomtype,entries_used,mean_red_ChiSq
ILE,HD11,4,1.2988512389053253
ILE,HD12,4,1.2988512389053253
ILE,HD13,4,1.2988512389053253
LEU,HD11,13,0.4216996923076923
LEU,HD12,13,0.4216996923076923
LEU,HD13,13,0.4216996923076923
LEU,HD21,13,1.8587559247709864
LEU,HD22,13,1.8587559247709864
LEU,HD23,13,1.8587559247709864
TRP,HE1,5,0.6352044440703623
VAL,HG11,13,0.6900501891330785
VAL,HG12,13,0.6900501891330785
VAL,HG13,13,0.6900501891330785
VAL,HG21,13,2.7660293240227167
VAL,HG22,13,2.7660293240227167
VAL,HG23,13,2.7660293240227167
