atomtype,entries_used,mean_red_ChiSq
C,157,0.57904528018597
CA,157,1.192120838248014
CB,144,1.6584892013888888
H,156,0.756604782904134
N,157,0.7119709222496882
