atomtype,Entries used,mean_red_ChiSq
C,158,0.5484985080676645
CA,162,1.5123188614540468
CB,150,0.5420795800000002
H,156,0.9355512335149979
HA,151,0.9421477189109642
N,156,0.9835774566943386
