atomtype,Entries used,mean_red_ChiSq
C,158,0.5618129297546491
CA,162,1.4683516841944826
CB,150,0.5340388199999999
H,156,1.0577859133835337
HA,151,0.9605545207873434
N,156,1.002620568464724
