atomtype,Entries used,mean_red_ChiSq
C,157,0.5606598665909817
CA,157,1.0907999764095304
CB,144,1.5497357013888886
H,157,0.643381342298987
N,157,0.6050560555151507
