residue,atomtype,Entries used,mean_red_ChiSq
ILE,HD11,4,0.4334897374260356
ILE,HD12,4,0.4334897374260356
ILE,HD13,4,0.4334897374260356
LEU,HD11,13,0.508715076923077
LEU,HD12,13,0.508715076923077
LEU,HD13,13,0.508715076923077
LEU,HD21,13,1.9503613408436355
LEU,HD22,13,1.9503613408436355
LEU,HD23,13,1.9503613408436355
TRP,HE1,5,0.5863984513088123
VAL,HG11,13,0.703262629588073
VAL,HG12,13,0.703262629588073
VAL,HG13,13,0.703262629588073
VAL,HG21,13,3.4596794687645014
VAL,HG22,13,3.4596794687645014
VAL,HG23,13,3.4596794687645014
