atomtype,entries_used,mean_red_ChiSq
C,157,0.5716651615455708
CA,156,1.0522496122190563
CB,144,1.641733347222221
H,157,0.7226506322922007
N,157,0.6680297211267521
