residue,atomtype,entries_used,mean_red_ChiSq
ILE,HD11,4,1.170083672337278
ILE,HD12,4,1.170083672337278
ILE,HD13,4,1.170083672337278
LEU,HD11,13,0.4051064615384615
LEU,HD12,13,0.4051064615384615
LEU,HD13,13,0.4051064615384615
LEU,HD21,13,1.7345784767672288
LEU,HD22,13,1.7345784767672288
LEU,HD23,13,1.7345784767672288
TRP,HE1,5,0.6361801195185594
VAL,HG11,13,0.7042687638154491
VAL,HG12,13,0.7042687638154491
VAL,HG13,13,0.7042687638154491
VAL,HG21,13,3.3838626720880383
VAL,HG22,13,3.3838626720880383
VAL,HG23,13,3.3838626720880383
