atomtype,Entries used,mean_red_ChiSq
C,159,0.6058923380600211
CA,159,3.5707887801848033
CB,145,5.829488317241378
H,161,1.3701242236024853
HA,2,0.29139756944444184
N,159,1.5317116910696906
