residue,atomtype,Entries used,mean_red_ChiSq
ARG,HB2,1,0.015317125771983032
ARG,HB3,1,0.24019703950593072
ARG,HD2,1,0.00999999999999949
ARG,HD3,1,0.00999999999999949
ARG,HG2,1,0.04315153212443727
ARG,HG3,1,0.04315153212443727
GLN,HB2,1,2.099205836776857
GLN,HB3,1,2.099205836776857
GLN,HG2,1,0.11694273671776521
GLN,HG3,1,0.11694273671776521
GLU,HB2,1,0.25323621227887805
GLU,HB3,1,0.25323621227887805
GLU,HG2,1,0.4963842975206584
GLU,HG3,1,0.4963842975206584
ILE,HD11,4,1.6496567585059165
ILE,HD12,4,1.6496567585059165
ILE,HD13,4,1.6496567585059165
LEU,HD11,13,4.334544
LEU,HD12,13,4.334544
LEU,HD13,13,4.334544
LEU,HD21,11,2.2532422445897855
LEU,HD22,11,2.2532422445897855
LEU,HD23,11,2.2532422445897855
TRP,HE1,5,4.076534298459722
VAL,HG11,13,5.569324159987101
VAL,HG12,13,5.569324159987101
VAL,HG13,13,5.569324159987101
VAL,HG21,10,3.5753985923585168
VAL,HG22,10,3.5753985923585168
VAL,HG23,10,3.5753985923585168
