,res_nr,res_name,C1,C2,g_plus,trans,g_minus,g_plus_sim,trans_sim,g_minus_sim
0,9,val,22.313,23.339,0.0,1.0,0.0,0.35697643023569764,0.2988870111298887,0.34413655863441367
1,10,val,22.685,20.743,0.0,0.72,0.28,0.3669563304366956,0.3383266167338327,0.2947170528294717
2,152,val,24.025,21.252,0.0,0.69,0.31,0.7747522524774753,0.22507774922250778,0.00016999830001699983
3,30,val,19.974,20.811,0.44,0.34,0.22,0.04750952490475095,0.7788422115778842,0.17364826351736481
4,46,val,22.259,21.865,0.0,0.94,0.06,0.3199868001319987,0.34585654143458566,0.3341566584334157
5,86,val,22.472,22.786,0.0,1.0,0.0,0.3028069719302807,0.4033259667403326,0.2938670613293867
6,87,val,19.628,21.982,0.55,0.45,0.0,0.3217867821321787,0.38021619783802163,0.2979970200297997
7,95,val,20.462,22.374,0.31,0.69,0.0,0.02874971250287497,0.971250287497125,0.0
8,101,val,23.119,22.955,0.0,0.98,0.02,0.32915670843291567,0.33859661403385966,0.3322466775332247
9,115,val,22.179,20.735,0.0,0.77,0.23,0.8203117968820312,0.17857821421785783,0.0011099889001109989
10,121,val,19.833,19.515,0.44,0.0,0.55,0.2878371216287837,0.26522734772652273,0.44693553064469355
11,123,val,22.61,21.129,0.0,0.79,0.21,0.3216067839321607,0.3181568184318157,0.36023639763602366
12,134,leu,25.503,25.781,0.53,0.47,0.0,0.0,0.0001999980000199998,0.99980000199998
13,8,leu,23.07,23.693,0.56,0.44,0.0,0.0,0.44266557334426654,0.5573344266557334
14,138,leu,24.152,21.355,0.22,0.78,0.0,0.0,0.9623203767962321,0.03767962320376796
15,17,leu,25.788,25.733,0.49,0.51,0.0,0.0,0.990230097699023,0.00976990230097699
16,154,leu,25.091,22.236,0.21,0.79,0.0,0.0,0.6042139578604214,0.39578604213957863
17,50,leu,22.833,22.728,0.49,0.51,0.0,0.0,0.6256437435625644,0.37435625643743564
18,68,leu,23.568,23.948,0.54,0.46,0.0,0.0,0.8594414055859442,0.14055859441405585
19,90,leu,23.626,23.426,0.48,0.52,0.0,6.999930000699993e-05,0.5312146878531214,0.4687153128468715
20,110,leu,22.638,23.031,0.54,0.46,0.0,0.0,0.6263737362626374,0.37362626373736263
21,122,leu,23.401,22.199,0.38,0.62,0.0,0.0,0.2745372546274537,0.7254627453725463
22,142,ile,13.208,,0.0,0.71,0.29,0.0,0.46735532644673555,0.5326446735532645
23,74,ile,13.587,,0.0,0.78,0.22,0.13489865101348986,0.6249337506624933,0.24016759832401677
24,100,ile,13.473,,0.0,0.76,0.24,0.07459925400745993,0.8309616903830962,0.0944390556094439
25,126,ile,13.964,,0.0,0.85,0.15,0.10611893881061189,0.8314316856831432,0.062449375506244936
