atomtype,entries_used,mean_red_ChiSq
C,157,0.6003548860531207
CA,157,0.9969037272941732
CB,144,1.7495995277777774
H,157,0.7155569717492327
N,157,0.7214437259875258
