residue,atomtype,entries_used,mean_red_ChiSq
ILE,HD11,4,1.0654123520710055
ILE,HD12,4,1.0654123520710055
ILE,HD13,4,1.0654123520710055
LEU,HD11,13,0.6232024615384616
LEU,HD12,13,0.6232024615384616
LEU,HD13,13,0.6232024615384616
LEU,HD21,13,2.355823154573355
LEU,HD22,13,2.355823154573355
LEU,HD23,13,2.355823154573355
TRP,HE1,5,0.6256550795387572
VAL,HG11,13,0.8122207515604322
VAL,HG12,13,0.8122207515604322
VAL,HG13,13,0.8122207515604322
VAL,HG21,13,3.915966897222283
VAL,HG22,13,3.915966897222283
VAL,HG23,13,3.915966897222283
