residue,atomtype,entries_used,mean_red_ChiSq
ILE,HD11,4,1.1810223280325443
ILE,HD12,4,1.1810223280325443
ILE,HD13,4,1.1810223280325443
LEU,HD11,13,0.6482646153846156
LEU,HD12,13,0.6482646153846156
LEU,HD13,13,0.6482646153846156
LEU,HD21,13,2.2407952922293575
LEU,HD22,13,2.2407952922293575
LEU,HD23,13,2.2407952922293575
TRP,HE1,5,0.631449877956402
VAL,HG11,13,0.815163568198768
VAL,HG12,13,0.815163568198768
VAL,HG13,13,0.815163568198768
VAL,HG21,12,4.052684812793258
VAL,HG22,12,4.052684812793258
VAL,HG23,12,4.052684812793258
