atomtype,entries_used,mean_red_ChiSq
C,157,0.575442017206298
CA,157,0.9118023983643935
CB,144,1.8133705972222214
H,156,0.6877859480523081
N,157,0.6291254401428941
