residue,atomtype,Entries used,mean_red_ChiSq
ARG,HB2,1,0.02833055582786007
ARG,HB3,1,0.1985099500049009
ARG,HD2,1,0.0011111111111111484
ARG,HD3,1,0.0011111111111111484
ARG,HG2,1,0.001143550607948882
ARG,HG3,1,0.001143550607948882
GLN,HB2,1,3.2236570247933845
GLN,HB3,1,3.2236570247933845
GLN,HG2,1,0.22231469301189385
GLN,HG3,1,0.22231469301189385
GLU,HB2,1,0.04262226847034405
GLU,HB3,1,0.04262226847034405
GLU,HG2,1,0.5710550103305785
GLU,HG3,1,0.5710550103305785
ILE,HD11,4,5.643583579881655
ILE,HD12,4,5.643583579881655
ILE,HD13,4,5.643583579881655
LEU,HD11,13,6.29259323076923
LEU,HD12,13,6.29259323076923
LEU,HD13,13,6.29259323076923
LEU,HD21,11,1.3938147700365295
LEU,HD22,11,1.3938147700365295
LEU,HD23,11,1.3938147700365295
TRP,HE1,5,0.54200622843195
VAL,HG11,13,8.09160692569724
VAL,HG12,13,8.09160692569724
VAL,HG13,13,8.09160692569724
VAL,HG21,10,4.8042283108302195
VAL,HG22,10,4.8042283108302195
VAL,HG23,10,4.8042283108302195
