atomtype,Entries used,mean_red_ChiSq
C,159,0.6675086077626374
CA,159,3.638952139141242
CB,145,6.07320091724138
H,161,1.3710543217922053
HA,2,0.23210069444444265
N,159,1.7157946991884743
