atomtype,Entries used,mean_red_ChiSq
C,159,0.585801929254991
CA,159,3.56908433108161
CB,145,5.793224648275864
H,161,1.3659105979730526
HA,2,0.26835069444444315
N,159,1.5143543131340242
