residue,atomtype,Entries used,mean_red_ChiSq
ARG,HB2,1,0.025095578864817225
ARG,HB3,1,0.20743064405450387
ARG,HD2,1,0.02321995464852548
ARG,HD3,1,0.02321995464852548
ARG,HG2,1,0.03194940372004039
ARG,HG3,1,0.03194940372004039
GLN,HB2,1,2.2670777376033073
GLN,HB3,1,2.2670777376033073
GLN,HG2,1,0.15506456549169131
GLN,HG3,1,0.15506456549169131
GLU,HB2,1,0.2467845993756515
GLU,HB3,1,0.2467845993756515
GLU,HG2,1,0.51252582644628
GLU,HG3,1,0.51252582644628
ILE,HD11,4,1.5931605954142014
ILE,HD12,4,1.5931605954142014
ILE,HD13,4,1.5931605954142014
LEU,HD11,13,4.525872
LEU,HD12,13,4.525872
LEU,HD13,13,4.525872
LEU,HD21,11,2.1304019201791995
LEU,HD22,11,2.1304019201791995
LEU,HD23,11,2.1304019201791995
TRP,HE1,5,3.441766854641861
VAL,HG11,13,5.560991218581401
VAL,HG12,13,5.560991218581401
VAL,HG13,13,5.560991218581401
VAL,HG21,10,3.351509982763573
VAL,HG22,10,3.351509982763573
VAL,HG23,10,3.351509982763573
