residue,atomtype,Entries used,mean_red_ChiSq
ILE,HD11,4,0.8656562037721892
ILE,HD12,4,0.8656562037721892
ILE,HD13,4,0.8656562037721892
LEU,HD11,13,1.2221476923076922
LEU,HD12,13,1.2221476923076922
LEU,HD13,13,1.2221476923076922
LEU,HD21,13,3.378641654238514
LEU,HD22,13,3.378641654238514
LEU,HD23,13,3.378641654238514
TRP,HE1,5,0.7479653227842782
VAL,HG11,13,0.5500430000604687
VAL,HG12,13,0.5500430000604687
VAL,HG13,13,0.5500430000604687
VAL,HG21,13,3.2272984664000166
VAL,HG22,13,3.2272984664000166
VAL,HG23,13,3.2272984664000166
