atomtype,Entries used,mean_red_ChiSq
C,157,0.6060069659461753
CA,157,1.3180622867028382
CB,144,1.6480307638888883
H,157,0.7100435077662912
N,157,0.6300419149604356
