atomtype,entries_used,mean_red_ChiSq
C,159,0.5206847660192949
CA,162,1.3997431412894357
CB,150,0.49684400666666695
H,156,0.9906683793041288
HA,151,1.0494872148638705
N,156,0.8880739967103605
