residue,atomtype,Entries used,mean_red_ChiSq
ARG,HB2,1,0.09119203999607865
ARG,HB3,1,0.09726987550240158
ARG,HD2,1,0.0003628117913831401
ARG,HD3,1,0.0003628117913831401
ARG,HG2,1,0.006744614810147185
ARG,HG3,1,0.006744614810147185
GLN,HB2,1,4.207160382231404
GLN,HB3,1,4.207160382231404
GLN,HG2,1,1.0524846304598776
GLN,HG3,1,1.0524846304598776
GLU,HB2,1,0.10405827263267448
GLU,HB3,1,0.10405827263267448
GLU,HG2,1,0.51252582644628
GLU,HG3,1,0.51252582644628
ILE,HD11,4,3.0398194803994083
ILE,HD12,4,3.0398194803994083
ILE,HD13,4,3.0398194803994083
LEU,HD11,13,6.1186535384615395
LEU,HD12,13,6.1186535384615395
LEU,HD13,13,6.1186535384615395
LEU,HD21,11,1.304198854431189
LEU,HD22,11,1.304198854431189
LEU,HD23,11,1.304198854431189
TRP,HE1,5,0.5865782341553718
VAL,HG11,13,7.951055517109321
VAL,HG12,13,7.951055517109321
VAL,HG13,13,7.951055517109321
VAL,HG21,10,2.7839162596954896
VAL,HG22,10,2.7839162596954896
VAL,HG23,10,2.7839162596954896
