atomtype,Entries used,mean_red_ChiSq
C,159,0.6996161083449807
CA,159,3.340736641043558
CB,145,6.075332303448281
H,161,1.3463108478983101
HA,2,0.13198784722222176
N,159,1.776152688010076
