residue,atomtype,Entries used,mean_red_ChiSq
ILE,HD11,4,1.6694595968934907
ILE,HD12,4,1.6694595968934907
ILE,HD13,4,1.6694595968934907
LEU,HD11,13,0.6010609230769232
LEU,HD12,13,0.6010609230769232
LEU,HD13,13,0.6010609230769232
LEU,HD21,13,2.2725908213810797
LEU,HD22,13,2.2725908213810797
LEU,HD23,13,2.2725908213810797
TRP,HE1,5,0.5900069017759448
VAL,HG11,13,0.681013457675175
VAL,HG12,13,0.681013457675175
VAL,HG13,13,0.681013457675175
VAL,HG21,13,2.719283804388659
VAL,HG22,13,2.719283804388659
VAL,HG23,13,2.719283804388659
