atomtype,Entries used,mean_red_ChiSq
C,157,0.6051212881870731
CA,157,1.1544691908468967
CB,144,1.6240472847222212
H,157,0.8740600703427225
N,157,0.6788175886943357
