atomtype,entries_used,mean_red_ChiSq
C,158,0.49350981964955526
CA,162,1.3146458923944526
CB,150,0.5117827400000007
H,156,1.0514480800432664
HA,151,0.9823348969830759
N,156,0.8811980251590646
