residue,atomtype,Entries used,mean_red_ChiSq
ARG,HB2,1,0.015317125771983032
ARG,HB3,1,0.24019703950593072
ARG,HD2,1,0.007346938775510037
ARG,HD3,1,0.007346938775510037
ARG,HG2,1,0.045181917897733986
ARG,HG3,1,0.045181917897733986
GLN,HB2,1,2.082773760330578
GLN,HB3,1,2.082773760330578
GLN,HG2,1,0.10996268356197501
GLN,HG3,1,0.10996268356197501
GLU,HB2,1,0.26638917793964667
GLU,HB3,1,0.26638917793964667
GLU,HG2,1,0.5044227789256197
GLU,HG3,1,0.5044227789256197
ILE,HD11,4,1.7035006009615379
ILE,HD12,4,1.7035006009615379
ILE,HD13,4,1.7035006009615379
LEU,HD11,13,4.325596307692307
LEU,HD12,13,4.325596307692307
LEU,HD13,13,4.325596307692307
LEU,HD21,11,2.2895693030286846
LEU,HD22,11,2.2895693030286846
LEU,HD23,11,2.2895693030286846
TRP,HE1,5,4.183154953286758
VAL,HG11,13,5.568731229465792
VAL,HG12,13,5.568731229465792
VAL,HG13,13,5.568731229465792
VAL,HG21,10,3.5967538063774773
VAL,HG22,10,3.5967538063774773
VAL,HG23,10,3.5967538063774773
