atomtype,Entries used,mean_red_ChiSq
C,159,0.6091988684340788
CA,159,3.5339384346610765
CB,145,5.845293648275866
H,161,1.3657037713855738
HA,2,0.29441840277777753
N,159,1.5108028959977
