residue,atomtype,Entries used,mean_red_ChiSq
ARG,HB2,1,0.025095578864817225
ARG,HB3,1,0.20743064405450387
ARG,HD2,1,0.027777777777777304
ARG,HD3,1,0.027777777777777304
ARG,HG2,1,0.03194940372004039
ARG,HG3,1,0.03194940372004039
GLN,HB2,1,2.284220041322314
GLN,HB3,1,2.284220041322314
GLN,HG2,1,0.15917205831029002
GLN,HG3,1,0.15917205831029002
GLU,HB2,1,0.26638917793964667
GLU,HB3,1,0.26638917793964667
GLU,HG2,1,0.4963842975206584
GLU,HG3,1,0.4963842975206584
ILE,HD11,4,1.5677988627958577
ILE,HD12,4,1.5677988627958577
ILE,HD13,4,1.5677988627958577
LEU,HD11,13,4.597547076923077
LEU,HD12,13,4.597547076923077
LEU,HD13,13,4.597547076923077
LEU,HD21,11,2.1046905523752177
LEU,HD22,11,2.1046905523752177
LEU,HD23,11,2.1046905523752177
TRP,HE1,5,3.3640124568639003
VAL,HG11,13,5.4896396729307915
VAL,HG12,13,5.4896396729307915
VAL,HG13,13,5.4896396729307915
VAL,HG21,10,3.306135090491238
VAL,HG22,10,3.306135090491238
VAL,HG23,10,3.306135090491238
