atomtype,Entries used,mean_red_ChiSq
C,159,0.5860179665055529
CA,159,3.5722953101948938
CB,145,5.764803324137936
H,161,1.3769666329625894
HA,2,0.293836805555555
N,158,1.5294718752305476
