,res_nr,res_name,C1,C2,g_plus,trans,g_minus,g_plus_sim,trans_sim,g_minus_sim
0,10,val,23.451,19.365,0.0,0.42,0.58,0.15900840991590084,0.5706342936570634,0.2703572964270357
1,46,val,21.481,19.686,0.06,0.47,0.47,0.10207897921020789,0.8000519994800052,0.0978690213097869
2,86,val,19.74,20.706,0.51,0.23,0.26,0.044559554404455956,0.9554404455955441,0.0
3,87,val,21.156,22.278,0.11,0.89,0.0,0.6081739182608173,0.2627073729262707,0.12911870881291188
4,95,val,22.958,20.43,0.0,0.64,0.36,0.007829921700782993,0.9246407535924641,0.06752932470675294
5,101,val,24.917,22.365,0.0,0.79,0.21,0.06894931050689493,0.9133308666913331,0.017719822801771982
6,112,val,22.142,22.142,0.0,0.98,0.02,0.05449945500544995,0.23416765832341677,0.7113328866711333
7,115,val,19.392,23.163,0.73,0.27,0.0,0.11483885161148388,0.05846941530584694,0.8266917330826692
8,121,val,19.939,19.313,0.4,0.0,0.6,0.06964930350696492,0.4951350486495135,0.43521564784352157
9,123,val,21.224,19.667,0.11,0.39,0.49,0.13869861301386985,0.5142948570514295,0.34700652993470066
10,134,leu,23.069000000000006,23.198,0.51,0.49,0.0,0.7393426065739342,0.21696783032169678,0.04368956310436896
11,138,leu,21.654,25.591,0.89,0.11,0.0,0.34466655333446666,0.6541634583654163,0.0011699883001169988
12,13,leu,23.838,26.066,0.72,0.28,0.0,0.04523954760452396,0.95230047699523,0.0024599754002459975
13,17,leu,25.741,22.201,0.15,0.85,0.0,0.07646923530764692,0.9233807661923381,0.00014999850001499985
14,50,leu,22.345,21.488000000000003,0.41,0.59,0.0,0.900550994490055,0.0991590084099159,0.0002899971000289997
15,59,leu,24.887,23.764,0.39,0.61,0.0,0.11566884331156689,0.8808011919880802,0.0035299647003529965
16,68,leu,23.906,23.407,0.45,0.55,0.0,0.27903720962790374,0.7138828611713883,0.007079929200707993
17,72,leu,20.635,25.838,1.0,0.0,0.0,0.3074569254307457,0.6819731802681973,0.010559894401055989
18,90,leu,21.232,21.189,0.5,0.5,0.0,0.9511504884951151,0.04884951150488495,0.0
19,110,leu,21.504,22.945,0.64,0.36,0.0,0.5496645033549664,0.44737552624473753,0.002959970400295997
20,122,leu,22.737,22.811,0.51,0.49,0.0,0.7787822121778782,0.12098879011209888,0.1002289977100229
21,142,ile,13.118,,0.0,0.69,0.31,0.0004199958000419996,0.953310466895331,0.046269537304626955
22,74,ile,12.862,,0.0,0.65,0.35,0.07302926970730293,0.7328326716732833,0.1941380586194138
23,100,ile,13.464,,0.0,0.76,0.24,0.002999970000299997,0.9677503224967751,0.029249707502924972
24,126,ile,14.475,,0.0,0.94,0.06,0.014809851901480986,0.7625123748762512,0.22267777322226778
