atomtype,entries_used,mean_red_ChiSq
C,159,0.5033660446511762
CA,162,1.3924416399939028
CB,150,0.4884467600000006
H,156,1.01280938414389
HA,151,1.0293707459529062
N,156,0.8921792096792097
