atomtype,Entries used,mean_red_ChiSq
C,156,0.6282864156724826
CA,157,0.921873099001337
CB,144,1.7991675625000003
H,156,0.7097788132185102
N,157,0.6454686770568975
