residue,atomtype,Entries used,mean_red_ChiSq
ILE,HD11,4,1.2695890347633134
ILE,HD12,4,1.2695890347633134
ILE,HD13,4,1.2695890347633134
LEU,HD11,13,0.6208775384615386
LEU,HD12,13,0.6208775384615386
LEU,HD13,13,0.6208775384615386
LEU,HD21,13,2.2405323494892473
LEU,HD22,13,2.2405323494892473
LEU,HD23,13,2.2405323494892473
TRP,HE1,5,0.6012746401818023
VAL,HG11,13,0.8296878464360341
VAL,HG12,13,0.8296878464360341
VAL,HG13,13,0.8296878464360341
VAL,HG21,13,3.66141609396062
VAL,HG22,13,3.66141609396062
VAL,HG23,13,3.66141609396062
