residue,atomtype,Entries used,mean_red_ChiSq
ARG,HB2,1,0.015317125771983032
ARG,HB3,1,0.24019703950593072
ARG,HD2,1,0.009070294784580516
ARG,HD3,1,0.009070294784580516
ARG,HG2,1,0.04315153212443727
ARG,HG3,1,0.04315153212443727
GLN,HB2,1,2.05010330578512
GLN,HB3,1,2.05010330578512
GLN,HG2,1,0.10655319605895516
GLN,HG3,1,0.10655319605895516
GLU,HB2,1,0.2597710718002093
GLU,HB3,1,0.2597710718002093
GLU,HG2,1,0.4963842975206584
GLU,HG3,1,0.4963842975206584
ILE,HD11,4,1.7323294193786982
ILE,HD12,4,1.7323294193786982
ILE,HD13,4,1.7323294193786982
LEU,HD11,13,4.345608615384616
LEU,HD12,13,4.345608615384616
LEU,HD13,13,4.345608615384616
LEU,HD21,11,2.285723765454578
LEU,HD22,11,2.285723765454578
LEU,HD23,11,2.285723765454578
TRP,HE1,5,4.2944580422523355
VAL,HG11,13,5.58307746057768
VAL,HG12,13,5.58307746057768
VAL,HG13,13,5.58307746057768
VAL,HG21,10,3.636740519965526
VAL,HG22,10,3.636740519965526
VAL,HG23,10,3.636740519965526
