atomtype,Entries used,mean_red_ChiSq
C,159,0.6125912307584064
CA,159,3.5106768537929955
CB,145,5.865711248275866
H,161,1.3632479198089287
HA,2,0.3017100694444438
N,159,1.4966166136222492
