atomtype,Entries used,mean_red_ChiSq
C,156,0.6519595241274938
CA,157,0.9523765668003457
CB,144,1.8354589999999997
H,157,0.7171764045292168
N,157,0.6112782206809831
