residue,atomtype,Entries used,mean_red_ChiSq
ILE,HD11,4,1.2506703032544375
ILE,HD12,4,1.2506703032544375
ILE,HD13,4,1.2506703032544375
LEU,HD11,13,0.6475347692307694
LEU,HD12,13,0.6475347692307694
LEU,HD13,13,0.6475347692307694
LEU,HD21,13,2.2066935361279216
LEU,HD22,13,2.2066935361279216
LEU,HD23,13,2.2066935361279216
TRP,HE1,5,0.6302957663496321
VAL,HG11,13,1.1089598016622215
VAL,HG12,13,1.1089598016622215
VAL,HG13,13,1.1089598016622215
VAL,HG21,13,4.131346264336066
VAL,HG22,13,4.131346264336066
VAL,HG23,13,4.131346264336066
