atomtype,Entries used,mean_red_ChiSq
C,159,0.6143109937931908
CA,159,3.4997112896964078
CB,145,5.8783824620689655
H,161,1.3629023914219207
HA,2,0.29292534722222113
N,159,1.4867009436967784
