residue,atomtype,Entries used,mean_red_ChiSq
ARG,HB2,1,0.01296441525340668
ARG,HB3,1,0.24999999999999886
ARG,HD2,1,0.007346938775510037
ARG,HD3,1,0.007346938775510037
ARG,HG2,1,0.045181917897733986
ARG,HG3,1,0.045181917897733986
GLN,HB2,1,2.05010330578512
GLN,HB3,1,2.05010330578512
GLN,HG2,1,0.10655319605895516
GLN,HG3,1,0.10655319605895516
GLU,HB2,1,0.2597710718002093
GLU,HB3,1,0.2597710718002093
GLU,HG2,1,0.51252582644628
GLU,HG3,1,0.51252582644628
ILE,HD11,4,1.749849759615384
ILE,HD12,4,1.749849759615384
ILE,HD13,4,1.749849759615384
LEU,HD11,13,4.352823384615385
LEU,HD12,13,4.352823384615385
LEU,HD13,13,4.352823384615385
LEU,HD21,11,2.287068732510168
LEU,HD22,11,2.287068732510168
LEU,HD23,11,2.287068732510168
TRP,HE1,5,4.332146452318826
VAL,HG11,12,6.038944449296882
VAL,HG12,12,6.038944449296882
VAL,HG13,12,6.038944449296882
VAL,HG21,10,3.649445202528009
VAL,HG22,10,3.649445202528009
VAL,HG23,10,3.649445202528009
