residue,atomtype,entries_used,mean_red_ChiSq
ILE,HD11,4,1.5792980306952655
ILE,HD12,4,1.5792980306952655
ILE,HD13,4,1.5792980306952655
LEU,HD11,13,0.48560123076923084
LEU,HD12,13,0.48560123076923084
LEU,HD13,13,0.48560123076923084
LEU,HD21,13,2.029868651884355
LEU,HD22,13,2.029868651884355
LEU,HD23,13,2.029868651884355
TRP,HE1,5,0.6186657688746716
VAL,HG11,13,0.827816671929695
VAL,HG12,13,0.827816671929695
VAL,HG13,13,0.827816671929695
VAL,HG21,13,2.2336958323205085
VAL,HG22,13,2.2336958323205085
VAL,HG23,13,2.2336958323205085
