atomtype,entries_used,mean_red_ChiSq
C,157,0.5746183688664788
CA,157,1.1867218447747092
CB,144,1.5729054930555562
H,157,0.7866278553048127
N,157,0.696104898768478
