atomtype,Entries used,mean_red_ChiSq
C,158,0.5682896772200746
CA,162,1.470652987349488
CB,149,0.5451222281879201
H,155,1.087753903592177
HA,151,0.9438464633921997
N,156,1.009156542111088
