residue,atomtype,Entries used,mean_red_ChiSq
ARG,HB2,1,0.023551612587001152
ARG,HB3,1,0.21196451328301139
ARG,HD2,1,0.04591836734693864
ARG,HD3,1,0.04591836734693864
ARG,HG2,1,0.0018903591682420161
ARG,HG3,1,0.0018903591682420161
GLN,HB2,1,2.0338649276859484
GLN,HB3,1,2.0338649276859484
GLN,HG2,1,0.11342586378157937
GLN,HG3,1,0.11342586378157937
GLU,HB2,1,0.28674297606659854
GLU,HB3,1,0.28674297606659854
GLU,HG2,1,0.6509555785123957
GLU,HG3,1,0.6509555785123957
ILE,HD11,4,2.1592143583579877
ILE,HD12,4,2.1592143583579877
ILE,HD13,4,2.1592143583579877
LEU,HD11,13,5.8503261538461535
LEU,HD12,13,5.8503261538461535
LEU,HD13,13,5.8503261538461535
LEU,HD21,11,1.221136213925831
LEU,HD22,11,1.221136213925831
LEU,HD23,11,1.221136213925831
TRP,HE1,5,0.40889487416884085
VAL,HG11,13,7.419222034843487
VAL,HG12,13,7.419222034843487
VAL,HG13,13,7.419222034843487
VAL,HG21,10,2.8687122953174375
VAL,HG22,10,2.8687122953174375
VAL,HG23,10,2.8687122953174375
