atomtype,Entries used,mean_red_ChiSq
C,159,0.5858750800722118
CA,159,3.4372512772730794
CB,145,5.858269137931035
H,161,1.6005397579352951
HA,2,0.06535590277777713
N,159,1.8096926924346675
