residue,atomtype,entries_used,mean_red_ChiSq
ILE,HD11,4,1.1834666235207096
ILE,HD12,4,1.1834666235207096
ILE,HD13,4,1.1834666235207096
LEU,HD11,13,0.6613760000000002
LEU,HD12,13,0.6613760000000002
LEU,HD13,13,0.6613760000000002
LEU,HD21,13,2.264086267130651
LEU,HD22,13,2.264086267130651
LEU,HD23,13,2.264086267130651
TRP,HE1,5,0.6501951014224366
VAL,HG11,13,0.8097045761470605
VAL,HG12,13,0.8097045761470605
VAL,HG13,13,0.8097045761470605
VAL,HG21,13,3.7875997171458238
VAL,HG22,13,3.7875997171458238
VAL,HG23,13,3.7875997171458238
