atomtype,entries_used,mean_red_ChiSq
C,157,0.558961423439098
CA,157,0.8935369662656283
CB,144,1.7834147222222216
H,156,0.6812759495777346
N,157,0.617613386145109
