atomtype,Entries used,mean_red_ChiSq
C,157,0.6423673988312899
CA,157,1.1520418101753553
CB,144,1.7547537638888873
H,157,0.7942877024247913
N,157,0.7618304226816095
