residue,atomtype,Entries used,mean_red_ChiSq
ILE,HD11,4,1.2489945451183428
ILE,HD12,4,1.2489945451183428
ILE,HD13,4,1.2489945451183428
LEU,HD11,13,0.8859003076923078
LEU,HD12,13,0.8859003076923078
LEU,HD13,13,0.8859003076923078
LEU,HD21,13,2.8004565891122537
LEU,HD22,13,2.8004565891122537
LEU,HD23,13,2.8004565891122537
TRP,HE1,5,0.5911071458631425
VAL,HG11,13,0.8609048825224911
VAL,HG12,13,0.8609048825224911
VAL,HG13,13,0.8609048825224911
VAL,HG21,13,3.5838839413961483
VAL,HG22,13,3.5838839413961483
VAL,HG23,13,3.5838839413961483
