atomtype,entries_used,mean_red_ChiSq
C,157,0.5982005140756465
CA,157,0.9709872926004548
CB,144,1.7518447152777772
H,157,0.7066464916480932
N,157,0.7142664308972518
