residue,atomtype,entries_used,mean_red_ChiSq
ILE,HD11,4,1.056293916420118
ILE,HD12,4,1.056293916420118
ILE,HD13,4,1.056293916420118
LEU,HD11,13,0.6445033846153849
LEU,HD12,13,0.6445033846153849
LEU,HD13,13,0.6445033846153849
LEU,HD21,13,2.4001468096965612
LEU,HD22,13,2.4001468096965612
LEU,HD23,13,2.4001468096965612
TRP,HE1,5,0.6205316050837449
VAL,HG11,13,0.8143371607866328
VAL,HG12,13,0.8143371607866328
VAL,HG13,13,0.8143371607866328
VAL,HG21,13,3.908116588955428
VAL,HG22,13,3.908116588955428
VAL,HG23,13,3.908116588955428
