atomtype,entries_used,mean_red_ChiSq
C,159,0.522296446734994
CA,162,1.2973547172687083
CB,150,0.4898684533333329
H,156,0.9339316470441406
HA,151,1.0203369895143488
N,156,0.8403932275036167
