atomtype,Entries used,mean_red_ChiSq
C,158,0.5302617565977097
CA,162,1.4795341716201802
CB,150,0.5434537399999999
H,156,0.9122771491173324
HA,151,0.9458156272994851
N,156,1.0164775063801041
