residue,atomtype,Entries used,mean_red_ChiSq
ARG,HB2,1,0.0015684736790510766
ARG,HB3,1,0.3297715910204876
ARG,HD2,1,0.016530612244898126
ARG,HD3,1,0.016530612244898126
ARG,HG2,1,0.005250997689560949
ARG,HG3,1,0.005250997689560949
GLN,HB2,1,3.5583677685950375
GLN,HB3,1,3.5583677685950375
GLN,HG2,1,0.4820532094821361
GLN,HG3,1,0.4820532094821361
GLU,HB2,1,0.11254942767950168
GLU,HB3,1,0.11254942767950168
GLU,HG2,1,0.5206934400826427
GLU,HG3,1,0.5206934400826427
ILE,HD11,4,3.292893629807692
ILE,HD12,4,3.292893629807692
ILE,HD13,4,3.292893629807692
LEU,HD11,13,5.969047384615385
LEU,HD12,13,5.969047384615385
LEU,HD13,13,5.969047384615385
LEU,HD21,11,1.5779101704434189
LEU,HD22,11,1.5779101704434189
LEU,HD23,11,1.5779101704434189
TRP,HE1,5,0.6105088797239281
VAL,HG11,13,7.674586964262919
VAL,HG12,13,7.674586964262919
VAL,HG13,13,7.674586964262919
VAL,HG21,10,3.136826702097098
VAL,HG22,10,3.136826702097098
VAL,HG23,10,3.136826702097098
