atomtype,Entries used,mean_red_ChiSq
C,159,0.6763291986955514
CA,159,3.4742386753629955
CB,145,6.1461958620689705
H,161,1.3731462701006751
HA,2,0.13812500000000003
N,159,1.7936325201113235
