atomtype,Entries used,mean_red_ChiSq
C,159,0.5778765244050388
CA,159,3.5112416647255245
CB,145,5.7317787724137945
H,161,1.3465098811175427
HA,2,0.31513888888888647
N,159,1.5166206445500723
