residue,atomtype,Entries used,mean_red_ChiSq
ARG,HB2,1,0.03538868738358991
ARG,HB3,1,0.18125673953533908
ARG,HD2,1,0.06859410430838932
ARG,HD3,1,0.06859410430838932
ARG,HG2,1,0.021003990758244103
ARG,HG3,1,0.021003990758244103
GLN,HB2,1,2.0664062499999942
GLN,HB3,1,2.0664062499999942
GLN,HG2,1,0.13154715562834007
GLN,HG3,1,0.13154715562834007
GLU,HB2,1,0.32233090530697245
GLU,HB3,1,0.32233090530697245
GLU,HG2,1,0.4726562499999999
GLU,HG3,1,0.4726562499999999
ILE,HD11,4,1.7966554178994076
ILE,HD12,4,1.7966554178994076
ILE,HD13,4,1.7966554178994076
LEU,HD11,13,4.853847384615385
LEU,HD12,13,4.853847384615385
LEU,HD13,13,4.853847384615385
LEU,HD21,11,2.0250024682006735
LEU,HD22,11,2.0250024682006735
LEU,HD23,11,2.0250024682006735
TRP,HE1,5,2.3891827287265355
VAL,HG11,13,5.941323394048522
VAL,HG12,13,5.941323394048522
VAL,HG13,13,5.941323394048522
VAL,HG21,10,3.0845231255386376
VAL,HG22,10,3.0845231255386376
VAL,HG23,10,3.0845231255386376
