atomtype,Entries used,mean_red_ChiSq
C,158,0.5357740070469981
CA,162,1.4945296143880504
CB,150,0.5416891199999999
H,156,0.9153114642703608
HA,151,0.9453322755702721
N,156,0.9959784948096632
