atomtype,Entries used,mean_red_ChiSq
C,157,0.6225527038118293
CA,157,0.9134069827789575
CB,144,1.7951690624999992
H,157,0.7063838604444479
N,157,0.6386474603878857
