residue,atomtype,Entries used,mean_red_ChiSq
ILE,HD11,4,1.1942377034023666
ILE,HD12,4,1.1942377034023666
ILE,HD13,4,1.1942377034023666
LEU,HD11,13,0.5836258461538463
LEU,HD12,13,0.5836258461538463
LEU,HD13,13,0.5836258461538463
LEU,HD21,13,2.171629026139521
LEU,HD22,13,2.171629026139521
LEU,HD23,13,2.171629026139521
TRP,HE1,5,0.6001555424627527
VAL,HG11,13,0.7426429584041604
VAL,HG12,13,0.7426429584041604
VAL,HG13,13,0.7426429584041604
VAL,HG21,13,3.5010427485470577
VAL,HG22,13,3.5010427485470577
VAL,HG23,13,3.5010427485470577
