atomtype,entries_used,mean_red_ChiSq
C,159,0.5236264522187293
CA,162,1.384870362749581
CB,150,0.5003860066666665
H,156,0.9847513555490836
HA,151,1.0533358627667402
N,156,0.883404798664539
