atomtype,Entries used,mean_red_ChiSq
C,159,0.6276817487528168
CA,159,3.5118426197686166
CB,145,5.931005703448276
H,161,1.3840637376590996
HA,2,0.24531249999999993
N,159,1.4892063338841093
