residue,atomtype,Entries used,mean_red_ChiSq
ARG,HB2,1,0.022056661111655437
ARG,HB3,1,0.21654739731398925
ARG,HD2,1,0.0022675736961450285
ARG,HD3,1,0.0022675736961450285
ARG,HG2,1,0.04315153212443727
ARG,HG3,1,0.04315153212443727
GLN,HB2,1,2.2670777376033073
GLN,HB3,1,2.2670777376033073
GLN,HG2,1,0.19396493865607314
GLN,HG3,1,0.19396493865607314
GLU,HB2,1,0.2467845993756515
GLU,HB3,1,0.2467845993756515
GLU,HG2,1,0.5206934400826427
GLU,HG3,1,0.5206934400826427
ILE,HD11,4,1.7062742696005917
ILE,HD12,4,1.7062742696005917
ILE,HD13,4,1.7062742696005917
LEU,HD11,13,4.483763692307692
LEU,HD12,13,4.483763692307692
LEU,HD13,13,4.483763692307692
LEU,HD21,11,2.1260692164393493
LEU,HD22,11,2.1260692164393493
LEU,HD23,11,2.1260692164393493
TRP,HE1,5,4.687925258816596
VAL,HG11,13,5.6056827267413345
VAL,HG12,13,5.6056827267413345
VAL,HG13,13,5.6056827267413345
VAL,HG21,10,3.6370224073542077
VAL,HG22,10,3.6370224073542077
VAL,HG23,10,3.6370224073542077
