residue,atomtype,Entries used,mean_red_ChiSq
ILE,HD11,4,1.1212902181952658
ILE,HD12,4,1.1212902181952658
ILE,HD13,4,1.1212902181952658
LEU,HD11,13,0.7906018461538467
LEU,HD12,13,0.7906018461538467
LEU,HD13,13,0.7906018461538467
LEU,HD21,13,2.6125127876449787
LEU,HD22,13,2.6125127876449787
LEU,HD23,13,2.6125127876449787
TRP,HE1,5,0.6123161350054687
VAL,HG11,13,0.7802125815489429
VAL,HG12,13,0.7802125815489429
VAL,HG13,13,0.7802125815489429
VAL,HG21,13,3.600764037743354
VAL,HG22,13,3.600764037743354
VAL,HG23,13,3.600764037743354
