atomtype,Entries used,mean_red_ChiSq
C,157,0.6448262260900766
CA,157,1.1312139419674447
CB,144,1.7622092430555556
H,157,0.7952600992790048
N,157,0.7388792692771518
