atomtype,entries_used,mean_red_ChiSq
C,159,0.5171049649623424
CA,162,1.3928645557079706
CB,150,0.4943544200000005
H,156,0.9901831204670583
HA,151,1.044551485467255
N,156,0.887190358943605
