atomtype,Entries used,mean_red_ChiSq
C,159,0.7080707237799891
CA,159,3.377979959624194
CB,145,6.0936548689655154
H,161,1.3442067056559028
HA,2,0.10296006944444468
N,159,1.7912709751156213
