residue,atomtype,Entries used,mean_red_ChiSq
ARG,HB2,1,0.07146358200176468
ARG,HB3,1,0.12008626605234728
ARG,HD2,1,2.2675736961466396e-05
ARG,HD3,1,2.2675736961466396e-05
ARG,HG2,1,0.006744614810147185
ARG,HG3,1,0.006744614810147185
GLN,HB2,1,3.8647985537190044
GLN,HB3,1,3.8647985537190044
GLN,HG2,1,0.6284464012456711
GLN,HG3,1,0.6284464012456711
GLU,HB2,1,0.13523413111342428
GLU,HB3,1,0.13523413111342428
GLU,HG2,1,0.48841038223140304
GLU,HG3,1,0.48841038223140304
ILE,HD11,4,3.192371255547337
ILE,HD12,4,3.192371255547337
ILE,HD13,4,3.192371255547337
LEU,HD11,13,6.021284923076923
LEU,HD12,13,6.021284923076923
LEU,HD13,13,6.021284923076923
LEU,HD21,11,1.396187479667691
LEU,HD22,11,1.396187479667691
LEU,HD23,11,1.396187479667691
TRP,HE1,5,0.5868408383132718
VAL,HG11,13,7.91867781532818
VAL,HG12,13,7.91867781532818
VAL,HG13,13,7.91867781532818
VAL,HG21,10,2.7121301350186724
VAL,HG22,10,2.7121301350186724
VAL,HG23,10,2.7121301350186724
