atomtype,Entries used,mean_red_ChiSq
C,159,0.6696691865148695
CA,159,3.5214927478841522
CB,145,6.130137579310342
H,161,1.3780401694385742
HA,2,0.16445312499999906
N,159,1.7696213450121814
