residue,atomtype,Entries used,mean_red_ChiSq
ARG,HB2,1,0.003529065777864922
ARG,HB3,1,0.30742084109400974
ARG,HD2,1,0.011995464852607848
ARG,HD3,1,0.011995464852607848
ARG,HG2,1,0.003360638521319181
ARG,HG3,1,0.003360638521319181
GLN,HB2,1,3.451995092975205
GLN,HB3,1,3.451995092975205
GLN,HG2,1,0.406158554592071
GLN,HG3,1,0.406158554592071
GLU,HB2,1,0.0919458896982316
GLU,HB3,1,0.0919458896982316
GLU,HG2,1,0.5372223657024792
GLU,HG3,1,0.5372223657024792
ILE,HD11,4,3.857889931582839
ILE,HD12,4,3.857889931582839
ILE,HD13,4,3.857889931582839
LEU,HD11,13,6.178619076923076
LEU,HD12,13,6.178619076923076
LEU,HD13,13,6.178619076923076
LEU,HD21,11,1.4889724030887308
LEU,HD22,11,1.4889724030887308
LEU,HD23,11,1.4889724030887308
TRP,HE1,5,0.6052736301658113
VAL,HG11,13,7.622052984137008
VAL,HG12,13,7.622052984137008
VAL,HG13,13,7.622052984137008
VAL,HG21,10,3.5836648951450725
VAL,HG22,10,3.5836648951450725
VAL,HG23,10,3.5836648951450725
