atomtype,Entries used,mean_red_ChiSq
C,159,0.5901589554701449
CA,162,1.548491548544428
CB,150,0.5208432600000005
H,155,1.0199224689893418
HA,151,1.097144269683591
N,156,0.9138792436519702
