atomtype,Entries used,mean_red_ChiSq
C,159,0.6621289775264003
CA,159,3.608925863809303
CB,145,6.138042765517248
H,161,1.3496322672319092
HA,2,0.3515711805555542
N,159,1.7266950458129091
