residue,atomtype,Entries used,mean_red_ChiSq
ARG,HB2,1,0.03921184197627648
ARG,HB3,1,0.1729242231153812
ARG,HD2,1,0.011995464852607848
ARG,HD3,1,0.011995464852607848
ARG,HG2,1,0.004574202431795383
ARG,HG3,1,0.004574202431795383
GLN,HB2,1,2.6963132747933902
GLN,HB3,1,2.6963132747933902
GLN,HG2,1,0.15917205831029002
GLN,HG3,1,0.15917205831029002
GLU,HB2,1,0.003371488033298903
GLU,HB3,1,0.003371488033298903
GLU,HG2,1,0.6881456611570238
GLU,HG3,1,0.6881456611570238
ILE,HD11,4,5.695497411242601
ILE,HD12,4,5.695497411242601
ILE,HD13,4,5.695497411242601
LEU,HD11,13,6.185149538461539
LEU,HD12,13,6.185149538461539
LEU,HD13,13,6.185149538461539
LEU,HD21,11,1.5230983120744377
LEU,HD22,11,1.5230983120744377
LEU,HD23,11,1.5230983120744377
TRP,HE1,5,0.5387883174816942
VAL,HG11,13,7.9987301544642815
VAL,HG12,13,7.9987301544642815
VAL,HG13,13,7.9987301544642815
VAL,HG21,10,4.9312194771617355
VAL,HG22,10,4.9312194771617355
VAL,HG23,10,4.9312194771617355
