residue,atomtype,Entries used,mean_red_ChiSq
ARG,HB2,1,0.005514165277913859
ARG,HB3,1,0.2911724340750907
ARG,HD2,1,0.05444444444444332
ARG,HD3,1,0.05444444444444332
ARG,HG2,1,0.0033606385213190565
ARG,HG3,1,0.0033606385213190565
GLN,HB2,1,5.533186983471078
GLN,HB3,1,5.533186983471078
GLN,HG2,1,1.1839244006550558
GLN,HG3,1,1.1839244006550558
GLU,HB2,1,0.022018730489074132
GLU,HB3,1,0.022018730489074132
GLU,HG2,1,0.8059142561983461
GLU,HG3,1,0.8059142561983461
ILE,HD11,4,2.327298677884615
ILE,HD12,4,2.327298677884615
ILE,HD13,4,2.327298677884615
LEU,HD11,13,6.91176246153846
LEU,HD12,13,6.91176246153846
LEU,HD13,13,6.91176246153846
LEU,HD21,11,0.8390296167895911
LEU,HD22,11,0.8390296167895911
LEU,HD23,11,0.8390296167895911
TRP,HE1,5,0.47088022893695614
VAL,HG11,13,9.871604506943838
VAL,HG12,13,9.871604506943838
VAL,HG13,13,9.871604506943838
VAL,HG21,10,4.038124820453891
VAL,HG22,10,4.038124820453891
VAL,HG23,10,4.038124820453891
