atomtype,Entries used,mean_red_ChiSq
C,159,0.6565452935738434
CA,159,3.713820832362763
CB,145,5.898999006896552
H,161,1.378410925496071
HA,2,0.5396006944444436
N,159,1.5394479844712627
