atomtype,entries_used,mean_red_ChiSq
C,158,0.4670636220014855
CA,162,1.3065106995884772
CB,150,0.5220372200000004
H,156,0.9282169849260169
HA,151,0.899875942788815
N,156,0.8332091081117059
