atomtype,Entries used,mean_red_ChiSq
C,159,0.610617265752387
CA,159,3.520529303517359
CB,145,5.854964662068965
H,161,1.3654432982071891
HA,2,0.3038975694444416
N,159,1.5029508242127707
