residue,atomtype,Entries used,mean_red_ChiSq
ARG,HB2,1,0.016567003234976712
ARG,HB3,1,0.23536908146260216
ARG,HD2,1,0.009070294784580516
ARG,HD3,1,0.009070294784580516
ARG,HG2,1,0.04315153212443727
ARG,HG3,1,0.04315153212443727
GLN,HB2,1,2.0664062499999942
GLN,HB3,1,2.0664062499999942
GLN,HG2,1,0.10996268356197501
GLN,HG3,1,0.10996268356197501
GLU,HB2,1,0.27309053069719014
GLU,HB3,1,0.27309053069719014
GLU,HG2,1,0.5044227789256197
GLU,HG3,1,0.5044227789256197
ILE,HD11,4,1.7232745469674557
ILE,HD12,4,1.7232745469674557
ILE,HD13,4,1.7232745469674557
LEU,HD11,13,4.34265723076923
LEU,HD12,13,4.34265723076923
LEU,HD13,13,4.34265723076923
LEU,HD21,11,2.2754803280360085
LEU,HD22,11,2.2754803280360085
LEU,HD23,11,2.2754803280360085
TRP,HE1,5,4.2475717532194235
VAL,HG11,13,5.58726828678353
VAL,HG12,13,5.58726828678353
VAL,HG13,13,5.58726828678353
VAL,HG21,10,3.6200606865843135
VAL,HG22,10,3.6200606865843135
VAL,HG23,10,3.6200606865843135
