atomtype,Entries used,mean_red_ChiSq
C,158,0.5321655666412721
CA,162,1.4758132296905937
CB,150,0.5391324466666674
H,156,0.9076546227343957
HA,151,0.9422434924576895
N,156,1.021272961045688
