residue,atomtype,Entries used,mean_red_ChiSq
ILE,HD11,4,1.2610079974112425
ILE,HD12,4,1.2610079974112425
ILE,HD13,4,1.2610079974112425
LEU,HD11,13,0.7226092307692308
LEU,HD12,13,0.7226092307692308
LEU,HD13,13,0.7226092307692308
LEU,HD21,13,2.617571696405217
LEU,HD22,13,2.617571696405217
LEU,HD23,13,2.617571696405217
TRP,HE1,5,0.6118791347529644
VAL,HG11,13,0.8155851703541459
VAL,HG12,13,0.8155851703541459
VAL,HG13,13,0.8155851703541459
VAL,HG21,13,3.162960190484608
VAL,HG22,13,3.162960190484608
VAL,HG23,13,3.162960190484608
