atomtype,Entries used,mean_red_ChiSq
C,157,0.6223689377408208
CA,157,1.1522722261539662
CB,144,1.6768876319444432
H,157,0.8055181833526814
N,157,0.7180227919983068
