residue,atomtype,Entries used,mean_red_ChiSq
ILE,HD11,4,1.0568428716715972
ILE,HD12,4,1.0568428716715972
ILE,HD13,4,1.0568428716715972
LEU,HD11,13,0.6532283076923077
LEU,HD12,13,0.6532283076923077
LEU,HD13,13,0.6532283076923077
LEU,HD21,13,2.21014739857874
LEU,HD22,13,2.21014739857874
LEU,HD23,13,2.21014739857874
TRP,HE1,5,0.6244996212440024
VAL,HG11,13,0.9456687517216824
VAL,HG12,13,0.9456687517216824
VAL,HG13,13,0.9456687517216824
VAL,HG21,13,3.850725366274058
VAL,HG22,13,3.850725366274058
VAL,HG23,13,3.850725366274058
