atomtype,Entries used,mean_red_ChiSq
C,157,0.6838159058740274
CA,157,1.0736640874420054
CB,144,1.9022984999999986
H,157,0.7639305804824775
N,157,0.6591084593020233
