atomtype,Entries used,mean_red_ChiSq
C,157,0.6250316013997017
CA,157,1.1121950145474564
CB,144,1.6937907638888894
H,157,0.8165854843210135
N,157,0.6974915218144597
