residue,atomtype,Entries used,mean_red_ChiSq
ILE,HD11,4,1.7102151904585792
ILE,HD12,4,1.7102151904585792
ILE,HD13,4,1.7102151904585792
LEU,HD11,13,0.5982215384615386
LEU,HD12,13,0.5982215384615386
LEU,HD13,13,0.5982215384615386
LEU,HD21,13,2.309842412390082
LEU,HD22,13,2.309842412390082
LEU,HD23,13,2.309842412390082
TRP,HE1,5,0.5241363521589084
VAL,HG11,13,0.6193436443895002
VAL,HG12,13,0.6193436443895002
VAL,HG13,13,0.6193436443895002
VAL,HG21,13,2.188988851567851
VAL,HG22,13,2.188988851567851
VAL,HG23,13,2.188988851567851
