residue,atomtype,Entries used,mean_red_ChiSq
ILE,HD11,4,0.9946375739644973
ILE,HD12,4,0.9946375739644973
ILE,HD13,4,0.9946375739644973
LEU,HD11,13,0.659033846153846
LEU,HD12,13,0.659033846153846
LEU,HD13,13,0.659033846153846
LEU,HD21,13,2.2076617679886392
LEU,HD22,13,2.2076617679886392
LEU,HD23,13,2.2076617679886392
TRP,HE1,5,0.6161366888309046
VAL,HG11,13,1.0781744458703146
VAL,HG12,13,1.0781744458703146
VAL,HG13,13,1.0781744458703146
VAL,HG21,13,3.987538119019732
VAL,HG22,13,3.987538119019732
VAL,HG23,13,3.987538119019732
