atomtype,Entries used,mean_red_ChiSq
C,157,0.6848227704549005
CA,157,1.0851509632775036
CB,144,1.9353660277777773
H,157,0.8121689809950626
N,157,0.6795660217026747
