atomtype,Entries used,mean_red_ChiSq
C,159,0.6721745246622399
CA,159,3.809403959934777
CB,145,5.831851310344828
H,161,1.354184937972179
HA,2,0.7573090277777763
N,159,1.53405665858006
