residue,atomtype,Entries used,mean_red_ChiSq
ARG,HB2,1,0.04531418488383477
ARG,HB3,1,0.683486913047739
ARG,HD2,1,0.0038321995464854646
ARG,HD3,1,0.0038321995464854646
ARG,HG2,1,0.019627062475203808
ARG,HG3,1,0.019627062475203808
GLN,HB2,1,7.314566115702477
GLN,HB3,1,7.314566115702477
GLN,HG2,1,2.336304330317598
GLN,HG3,1,2.336304330317598
GLU,HB2,1,0.05394380853277845
GLU,HB3,1,0.05394380853277845
GLU,HG2,1,0.6509555785123957
GLU,HG3,1,0.6509555785123957
ILE,HD11,4,3.4867904031065082
ILE,HD12,4,3.4867904031065082
ILE,HD13,4,3.4867904031065082
LEU,HD11,13,7.087950769230768
LEU,HD12,13,7.087950769230768
LEU,HD13,13,7.087950769230768
LEU,HD21,11,0.7677949176106523
LEU,HD22,11,0.7677949176106523
LEU,HD23,11,0.7677949176106523
TRP,HE1,5,0.36464270684285693
VAL,HG11,13,9.040043806311603
VAL,HG12,13,9.040043806311603
VAL,HG13,13,9.040043806311603
VAL,HG21,10,3.5939564780235562
VAL,HG22,10,3.5939564780235562
VAL,HG23,10,3.5939564780235562
