atomtype,Entries used,mean_red_ChiSq
C,157,0.6448389274691352
CA,157,1.1443061571125246
CB,144,1.7695224791666653
H,157,0.7994188974587745
N,157,0.7423463031577854
