residue,atomtype,Entries used,mean_red_ChiSq
ILE,HD11,4,1.1569723095414197
ILE,HD12,4,1.1569723095414197
ILE,HD13,4,1.1569723095414197
LEU,HD11,13,0.8256529230769234
LEU,HD12,13,0.8256529230769234
LEU,HD13,13,0.8256529230769234
LEU,HD21,13,2.681043608779549
LEU,HD22,13,2.681043608779549
LEU,HD23,13,2.681043608779549
TRP,HE1,5,0.6079744129282025
VAL,HG11,13,0.8203151770057178
VAL,HG12,13,0.8203151770057178
VAL,HG13,13,0.8203151770057178
VAL,HG21,13,3.6087510772766445
VAL,HG22,13,3.6087510772766445
VAL,HG23,13,3.6087510772766445
