residue,atomtype,Entries used,mean_red_ChiSq
ARG,HB2,1,0.003529065777864922
ARG,HB3,1,0.30742084109400974
ARG,HD2,1,0.0293877551020416
ARG,HD3,1,0.0293877551020416
ARG,HG2,1,0.045181917897733986
ARG,HG3,1,0.045181917897733986
GLN,HB2,1,2.318698347107434
GLN,HB3,1,2.318698347107434
GLN,HG2,1,0.1894279041048085
GLN,HG3,1,0.1894279041048085
GLU,HB2,1,0.002663891779396467
GLU,HB3,1,0.002663891779396467
GLU,HG2,1,0.6976045971074359
GLU,HG3,1,0.6976045971074359
ILE,HD11,4,5.629975268121302
ILE,HD12,4,5.629975268121302
ILE,HD13,4,5.629975268121302
LEU,HD11,13,6.006870153846153
LEU,HD12,13,6.006870153846153
LEU,HD13,13,6.006870153846153
LEU,HD21,11,1.763298746154058
LEU,HD22,11,1.763298746154058
LEU,HD23,11,1.763298746154058
TRP,HE1,5,0.5483726959010178
VAL,HG11,13,8.295329790307518
VAL,HG12,13,8.295329790307518
VAL,HG13,13,8.295329790307518
VAL,HG21,10,4.937045748348174
VAL,HG22,10,4.937045748348174
VAL,HG23,10,4.937045748348174
