atomtype,Entries used,mean_red_ChiSq
C,159,0.666632830091624
CA,159,3.629906134016615
CB,145,6.226240579310345
H,161,1.3182565361837348
HA,2,0.553203124999999
N,159,1.781637642218383
