atomtype,Entries used,mean_red_ChiSq
C,159,0.5844000528961878
CA,162,1.567512566681909
CB,150,0.5329113466666671
H,156,1.00985966080071
HA,151,1.0844528375643854
N,156,0.9248964143119978
