atomtype,entries_used,mean_red_ChiSq
C,159,0.5060038750097045
CA,162,1.3849822130772733
CB,150,0.48982687333333397
H,156,1.0064763004257329
HA,151,1.0308537987490807
N,156,0.8920271779687365
