atomtype,entries_used,mean_red_ChiSq
C,159,0.5084893983179971
CA,162,1.4205777549154102
CB,150,0.5213022800000001
H,155,1.1350274080147946
HA,151,0.97248585816777
N,156,0.9367175993799369
