atomtype,entries_used,mean_red_ChiSq
C,158,0.4961981333753319
CA,162,1.3554662551440326
CB,150,0.5130210866666672
H,155,1.049801252638741
HA,151,0.9975364468359093
N,156,0.9251920386011301
