residue,atomtype,Entries used,mean_red_ChiSq
ILE,HD11,4,1.3529435558431941
ILE,HD12,4,1.3529435558431941
ILE,HD13,4,1.3529435558431941
LEU,HD11,13,0.6720504615384615
LEU,HD12,13,0.6720504615384615
LEU,HD13,13,0.6720504615384615
LEU,HD21,13,2.2636767885926683
LEU,HD22,13,2.2636767885926683
LEU,HD23,13,2.2636767885926683
TRP,HE1,5,0.6308438683612468
VAL,HG11,13,1.1113332034373173
VAL,HG12,13,1.1113332034373173
VAL,HG13,13,1.1113332034373173
VAL,HG21,13,4.128350606589617
VAL,HG22,13,4.128350606589617
VAL,HG23,13,4.128350606589617
