atomtype,Entries used,mean_red_ChiSq
C,157,0.6211185507096803
CA,156,0.9276542101930983
CB,144,1.8282683194444442
H,157,0.6903360742422309
N,157,0.6083729069526073
