residue,atomtype,Entries used,mean_red_ChiSq
ILE,HD11,4,0.42097355769230765
ILE,HD12,4,0.42097355769230765
ILE,HD13,4,0.42097355769230765
LEU,HD11,13,0.49683200000000005
LEU,HD12,13,0.49683200000000005
LEU,HD13,13,0.49683200000000005
LEU,HD21,13,1.9222168811978144
LEU,HD22,13,1.9222168811978144
LEU,HD23,13,1.9222168811978144
TRP,HE1,5,0.5832411413180709
VAL,HG11,13,0.6979984815603648
VAL,HG12,13,0.6979984815603648
VAL,HG13,13,0.6979984815603648
VAL,HG21,13,3.45643382759154
VAL,HG22,13,3.45643382759154
VAL,HG23,13,3.45643382759154
