atomtype,Entries used,mean_red_ChiSq
C,156,0.5546853978711627
CA,157,1.063113360069198
CB,144,1.5495970208333334
H,157,0.6499413006858583
N,156,0.6066742156352546
