atomtype,entries_used,mean_red_ChiSq
C,158,0.4993913935527028
CA,162,1.4356299954275258
CB,150,0.5334151733333335
H,156,1.0569583003979974
HA,151,1.0619369711184696
N,156,0.9633085072695469
