atomtype,entries_used,mean_red_ChiSq
C,159,0.5121519042627539
CA,162,1.3878248818777625
CB,150,0.49029842666666656
H,156,0.998660641233654
HA,151,1.0417370309050773
N,156,0.8942750683659764
