atomtype,Entries used,mean_red_ChiSq
C,159,0.5112969150361026
CA,161,0.9669876926616074
CB,150,0.5232447466666673
H,156,0.6962212769203031
HA,151,0.9200536929727737
N,156,0.7313357277642996
