atomtype,entries_used,mean_red_ChiSq
C,158,0.47593524745077254
CA,162,1.3212561499771371
CB,150,0.5336555066666666
H,156,0.9334104713566581
HA,151,0.9139876517660044
N,156,0.8292849490576765
