atomtype,entries_used,mean_red_ChiSq
C,158,0.4885577244735495
CA,162,1.317356782502667
CB,149,0.5306135100671144
H,156,1.0216173330005132
HA,150,1.0230949074074078
N,156,0.8686310851245921
