atomtype,Entries used,mean_red_ChiSq
C,157,0.7505002592494305
CA,157,1.8421627034677974
CB,144,2.240131187499999
H,157,1.107605970519441
N,157,0.9500304583239482
