residue,atomtype,Entries used,mean_red_ChiSq
ILE,HD11,4,2.536063470784023
ILE,HD12,4,2.536063470784023
ILE,HD13,4,2.536063470784023
LEU,HD11,13,0.7877624615384616
LEU,HD12,13,0.7877624615384616
LEU,HD13,13,0.7877624615384616
LEU,HD21,13,2.9061116383660845
LEU,HD22,13,2.9061116383660845
LEU,HD23,13,2.9061116383660845
TRP,HE1,5,0.9523528322531767
VAL,HG11,13,1.6021805733789316
VAL,HG12,13,1.6021805733789316
VAL,HG13,13,1.6021805733789316
VAL,HG21,13,4.715912480940488
VAL,HG22,13,4.715912480940488
VAL,HG23,13,4.715912480940488
