atomtype,Entries used,mean_red_ChiSq
C,159,0.5887595662027326
CA,162,1.542762696235329
CB,150,0.5163136733333331
H,156,1.0110900902774889
HA,151,1.0920259611846943
N,156,0.9070241903358782
