atomtype,Entries used,mean_red_ChiSq
C,159,0.5911442622195032
CA,162,1.5372324874256966
CB,149,0.5102968456375839
H,156,0.9945226456435216
HA,151,1.1025512785136125
N,156,0.8735518197531181
