atomtype,Entries used,mean_red_ChiSq
C,159,0.5767446733781724
CA,162,1.4968505182136873
CB,149,0.5539273422818792
H,156,0.9189057494695678
HA,151,0.9881866261957329
N,156,0.879787918911295
