atomtype,Entries used,mean_red_ChiSq
C,158,0.5810264787466776
CA,162,1.4450128867550678
CB,149,0.5568707382550343
H,156,1.0870481271928003
HA,150,0.9855331018518522
N,156,0.9917995965073885
