atomtype,Entries used,mean_red_ChiSq
C,159,0.4852041295422775
CA,162,0.9060232434080182
CB,150,0.5063007600000003
H,156,0.7004556170348492
HA,150,0.8970099537037036
N,156,0.726366698477088
