residue,atomtype,Entries used,mean_red_ChiSq
ARG,HB2,1,0.023551612587001152
ARG,HB3,1,0.21196451328301139
ARG,HD2,1,0.019070294784579805
ARG,HD3,1,0.019070294784579805
ARG,HG2,1,0.035496744381432736
ARG,HG3,1,0.035496744381432736
GLN,HB2,1,2.199154183884299
GLN,HB3,1,2.199154183884299
GLN,HG2,1,0.14306424333539136
GLN,HG3,1,0.14306424333539136
GLU,HB2,1,0.24041623309053112
GLU,HB3,1,0.24041623309053112
GLU,HG2,1,0.5044227789256197
GLU,HG3,1,0.5044227789256197
ILE,HD11,4,1.6495065181213018
ILE,HD12,4,1.6495065181213018
ILE,HD13,4,1.6495065181213018
LEU,HD11,13,4.339122461538462
LEU,HD12,13,4.339122461538462
LEU,HD13,13,4.339122461538462
LEU,HD21,11,2.250675315889224
LEU,HD22,11,2.250675315889224
LEU,HD23,11,2.250675315889224
TRP,HE1,5,3.798602137867183
VAL,HG11,13,5.542319786074699
VAL,HG12,13,5.542319786074699
VAL,HG13,13,5.542319786074699
VAL,HG21,10,3.5112036771042794
VAL,HG22,10,3.5112036771042794
VAL,HG23,10,3.5112036771042794
