atomtype,Entries used,mean_red_ChiSq
C,159,0.5958019140897998
CA,159,3.5922537697026153
CB,145,5.856014358620692
H,161,1.353225916980473
HA,2,0.2806423611111102
N,159,1.535991287067003
