atomtype,entries_used,mean_red_ChiSq
C,159,0.5213475880066393
CA,162,1.3001666133211391
CB,150,0.48991854666666673
H,156,0.9369517826683859
HA,151,1.0219252437454003
N,156,0.8421732224004947
