atomtype,Entries used,mean_red_ChiSq
C,159,0.5923802768799992
CA,162,1.5805989635726254
CB,150,0.5342932066666678
H,156,0.9872902192453301
HA,150,1.0893077546296295
N,156,0.9304724652451923
