atomtype,Entries used,mean_red_ChiSq
C,159,0.47894350177614486
CA,162,0.8815092287761
CB,150,0.4976293133333337
H,156,0.6971926266450341
HA,151,0.8941059602649006
N,156,0.7314422494292628
