atomtype,Entries used,mean_red_ChiSq
C,159,0.6072389949239096
CA,158,3.5712857555868105
CB,145,5.830322579310345
H,161,1.3670720785786505
HA,2,0.2946961805555529
N,159,1.5188963260685875
