residue,atomtype,Entries used,mean_red_ChiSq
ARG,HB2,1,0.015317125771983032
ARG,HB3,1,0.24019703950593072
ARG,HD2,1,0.008185941043083629
ARG,HD3,1,0.008185941043083629
ARG,HG2,1,0.045181917897733986
ARG,HG3,1,0.045181917897733986
GLN,HB2,1,2.082773760330578
GLN,HB3,1,2.082773760330578
GLN,HG2,1,0.11342586378157937
GLN,HG3,1,0.11342586378157937
GLU,HB2,1,0.26638917793964667
GLU,HB3,1,0.26638917793964667
GLU,HG2,1,0.5044227789256197
GLU,HG3,1,0.5044227789256197
ILE,HD11,4,1.6679283006656793
ILE,HD12,4,1.6679283006656793
ILE,HD13,4,1.6679283006656793
LEU,HD11,13,4.332072615384616
LEU,HD12,13,4.332072615384616
LEU,HD13,13,4.332072615384616
LEU,HD21,11,2.2701846214103867
LEU,HD22,11,2.2701846214103867
LEU,HD23,11,2.2701846214103867
TRP,HE1,5,4.119266728389865
VAL,HG11,13,5.564893138130978
VAL,HG12,13,5.564893138130978
VAL,HG13,13,5.564893138130978
VAL,HG21,10,3.5864370870439517
VAL,HG22,10,3.5864370870439517
VAL,HG23,10,3.5864370870439517
