atomtype,entries_used,mean_red_ChiSq
C,158,0.4962870815996641
CA,162,1.2875118427069052
CB,150,0.5080155000000007
H,156,1.0007452746460317
HA,151,1.018494182303164
N,156,0.8988550554784317
