residue,atomtype,entries_used,mean_red_ChiSq
ILE,HD11,4,1.183229705991124
ILE,HD12,4,1.183229705991124
ILE,HD13,4,1.183229705991124
LEU,HD11,13,0.39964430769230774
LEU,HD12,13,0.39964430769230774
LEU,HD13,13,0.39964430769230774
LEU,HD21,13,1.7167093263872628
LEU,HD22,13,1.7167093263872628
LEU,HD23,13,1.7167093263872628
TRP,HE1,5,0.6353963471088282
VAL,HG11,13,0.683569945645236
VAL,HG12,13,0.683569945645236
VAL,HG13,13,0.683569945645236
VAL,HG21,13,3.349642565133803
VAL,HG22,13,3.349642565133803
VAL,HG23,13,3.349642565133803
