atomtype,entries_used,mean_red_ChiSq
C,157,0.5705806757195094
CA,157,1.0463490209955162
CB,144,1.6389315277777774
H,157,0.7269339942747498
N,157,0.66413835720809
