atomtype,Entries used,mean_red_ChiSq
C,159,0.5814889609538809
CA,159,3.557307966457025
CB,145,5.722300062068973
H,160,1.3631926041103295
HA,2,0.36892361111110883
N,159,1.5085658300605622
