residue,atomtype,Entries used,mean_red_ChiSq
ARG,HB2,1,0.033550632290952134
ARG,HB3,1,0.18549651994902353
ARG,HD2,1,0.06859410430838932
ARG,HD3,1,0.06859410430838932
ARG,HG2,1,0.019627062475203808
ARG,HG3,1,0.019627062475203808
GLN,HB2,1,2.165579803719006
GLN,HB3,1,2.165579803719006
GLN,HG2,1,0.14306424333539136
GLN,HG3,1,0.14306424333539136
GLU,HB2,1,0.34468262226847013
GLU,HB3,1,0.34468262226847013
GLU,HG2,1,0.4571603822314031
GLU,HG3,1,0.4571603822314031
ILE,HD11,4,1.6783295580621298
ILE,HD12,4,1.6783295580621298
ILE,HD13,4,1.6783295580621298
LEU,HD11,13,4.712845538461538
LEU,HD12,13,4.712845538461538
LEU,HD13,13,4.712845538461538
LEU,HD21,11,2.0736608190541856
LEU,HD22,11,2.0736608190541856
LEU,HD23,11,2.0736608190541856
TRP,HE1,5,2.826440871980472
VAL,HG11,13,5.68973440743901
VAL,HG12,13,5.68973440743901
VAL,HG13,13,5.68973440743901
VAL,HG21,10,3.1829844153978732
VAL,HG22,10,3.1829844153978732
VAL,HG23,10,3.1829844153978732
