atomtype,Entries used,mean_red_ChiSq
C,159,0.6216335640868875
CA,159,3.484795729482103
CB,145,5.906697944827588
H,161,1.3672606646533796
HA,2,0.24552951388888816
N,159,1.4808829511671948
