residue,atomtype,Entries used,mean_red_ChiSq
ARG,HB2,1,0.01296441525340668
ARG,HB3,1,0.24999999999999886
ARG,HD2,1,0.005102040816326313
ARG,HD3,1,0.005102040816326313
ARG,HG2,1,0.04315153212443727
ARG,HG3,1,0.04315153212443727
GLN,HB2,1,2.099205836776857
GLN,HB3,1,2.099205836776857
GLN,HG2,1,0.1391715213831246
GLN,HG3,1,0.1391715213831246
GLU,HB2,1,0.23413111342351828
GLU,HB3,1,0.23413111342351828
GLU,HG2,1,0.51252582644628
GLU,HG3,1,0.51252582644628
ILE,HD11,4,1.7456603642751471
ILE,HD12,4,1.7456603642751471
ILE,HD13,4,1.7456603642751471
LEU,HD11,13,4.429298461538462
LEU,HD12,13,4.429298461538462
LEU,HD13,13,4.429298461538462
LEU,HD21,11,2.1911034718277147
LEU,HD22,11,2.1911034718277147
LEU,HD23,11,2.1911034718277147
TRP,HE1,5,4.589961114384307
VAL,HG11,13,5.601280259612864
VAL,HG12,13,5.601280259612864
VAL,HG13,13,5.601280259612864
VAL,HG21,10,3.654845949439815
VAL,HG22,10,3.654845949439815
VAL,HG23,10,3.654845949439815
