atomtype,Entries used,mean_red_ChiSq
C,159,0.46474724478802565
CA,162,0.8309907940862679
CB,150,0.48885119333333277
H,156,0.7015536811304798
HA,151,0.8931284492273733
N,156,0.7303051421882589
