residue,atomtype,Entries used,mean_red_ChiSq
ARG,HB2,1,0.004803450642094074
ARG,HB3,1,0.46671894912263595
ARG,HD2,1,0.09580498866213137
ARG,HD3,1,0.09580498866213137
ARG,HG2,1,0.06555578893323104
ARG,HG3,1,0.06555578893323104
GLN,HB2,1,1.7077737603305778
GLN,HB3,1,1.7077737603305778
GLN,HG2,1,0.047356976026202625
GLN,HG3,1,0.047356976026202625
GLU,HB2,1,0.009365244536940842
GLU,HB3,1,0.009365244536940842
GLU,HG2,1,1.034381456611568
GLU,HG3,1,1.034381456611568
ILE,HD11,4,5.563684587647928
ILE,HD12,4,5.563684587647928
ILE,HD13,4,5.563684587647928
LEU,HD11,13,5.8828
LEU,HD12,13,5.8828
LEU,HD13,13,5.8828
LEU,HD21,11,2.441832197961024
LEU,HD22,11,2.441832197961024
LEU,HD23,11,2.441832197961024
TRP,HE1,5,0.5682848245097198
VAL,HG11,13,9.41164663356558
VAL,HG12,13,9.41164663356558
VAL,HG13,13,9.41164663356558
VAL,HG21,10,5.619694412525137
VAL,HG22,10,5.619694412525137
VAL,HG23,10,5.619694412525137
