atomtype,Entries used,mean_red_ChiSq
C,159,0.6878186055060563
CA,159,3.9248875223231607
CB,145,6.100091696551724
H,161,1.3615240065974905
HA,2,1.356336805555553
N,159,1.8247953402474335
