residue,atomtype,entries_used,mean_red_ChiSq
ILE,HD11,4,1.2228758321005915
ILE,HD12,4,1.2228758321005915
ILE,HD13,4,1.2228758321005915
LEU,HD11,13,0.4014030769230769
LEU,HD12,13,0.4014030769230769
LEU,HD13,13,0.4014030769230769
LEU,HD21,13,1.7430405767210766
LEU,HD22,13,1.7430405767210766
LEU,HD23,13,1.7430405767210766
TRP,HE1,5,0.6467091995623259
VAL,HG11,13,0.6638050350383308
VAL,HG12,13,0.6638050350383308
VAL,HG13,13,0.6638050350383308
VAL,HG21,13,3.157131847612313
VAL,HG22,13,3.157131847612313
VAL,HG23,13,3.157131847612313
