atomtype,entries_used,mean_red_ChiSq
C,157,0.5698840196685546
CA,157,1.0583795706534553
CB,144,1.640286395833333
H,157,0.7428374435484146
N,157,0.6480754032412565
