atomtype,Entries used,mean_red_ChiSq
C,159,0.6902453788628781
CA,159,3.4038935398711105
CB,145,6.1170720620689645
H,161,1.3525792017844125
HA,2,0.11306423611111023
N,159,1.7961608641932094
