residue,atomtype,Entries used,mean_red_ChiSq
ARG,HB2,1,0.025095578864817225
ARG,HB3,1,0.20743064405450387
ARG,HD2,1,0.010000000000000337
ARG,HD3,1,0.010000000000000337
ARG,HG2,1,0.0003734042801465619
ARG,HG3,1,0.0003734042801465619
GLN,HB2,1,3.4098979855371883
GLN,HB3,1,3.4098979855371883
GLN,HG2,1,0.4677709468710577
GLN,HG3,1,0.4677709468710577
GLU,HB2,1,0.11691987513007353
GLU,HB3,1,0.11691987513007353
GLU,HG2,1,0.51252582644628
GLU,HG3,1,0.51252582644628
ILE,HD11,4,2.9814973187869818
ILE,HD12,4,2.9814973187869818
ILE,HD13,4,2.9814973187869818
LEU,HD11,13,5.809827692307692
LEU,HD12,13,5.809827692307692
LEU,HD13,13,5.809827692307692
LEU,HD21,11,1.62221315866565
LEU,HD22,11,1.62221315866565
LEU,HD23,11,1.62221315866565
TRP,HE1,5,0.5914222708526207
VAL,HG11,13,7.659966943703514
VAL,HG12,13,7.659966943703514
VAL,HG13,13,7.659966943703514
VAL,HG21,10,2.829905199655271
VAL,HG22,10,2.829905199655271
VAL,HG23,10,2.829905199655271
