atomtype,entries_used,mean_red_ChiSq
C,157,0.5947238655687278
CA,157,0.9389309900133678
CB,144,1.7561148680555534
H,157,0.689904200239068
N,157,0.701006311176714
