residue,atomtype,entries_used,mean_red_ChiSq
ILE,HD11,4,1.0524512296597628
ILE,HD12,4,1.0524512296597628
ILE,HD13,4,1.0524512296597628
LEU,HD11,13,0.6593649230769232
LEU,HD12,13,0.6593649230769232
LEU,HD13,13,0.6593649230769232
LEU,HD21,13,2.4302879907750916
LEU,HD22,13,2.4302879907750916
LEU,HD23,13,2.4302879907750916
TRP,HE1,5,0.6137166905142648
VAL,HG11,13,0.798494326007646
VAL,HG12,13,0.798494326007646
VAL,HG13,13,0.798494326007646
VAL,HG21,13,3.8809996022363156
VAL,HG22,13,3.8809996022363156
VAL,HG23,13,3.8809996022363156
