atomtype,entries_used,mean_red_ChiSq
C,158,0.4957290628906861
CA,162,1.353117085810089
CB,150,0.5444030133333334
H,156,0.9469426647806858
HA,150,0.9385226851851847
N,156,0.8545833123105842
