residue,atomtype,Entries used,mean_red_ChiSq
ILE,HD11,4,1.479047244822485
ILE,HD12,4,1.479047244822485
ILE,HD13,4,1.479047244822485
LEU,HD11,13,0.7653046153846154
LEU,HD12,13,0.7653046153846154
LEU,HD13,13,0.7653046153846154
LEU,HD21,13,2.641184502264458
LEU,HD22,13,2.641184502264458
LEU,HD23,13,2.641184502264458
TRP,HE1,5,0.5443649524450803
VAL,HG11,13,0.5101285298682451
VAL,HG12,13,0.5101285298682451
VAL,HG13,13,0.5101285298682451
VAL,HG21,13,2.657688440545378
VAL,HG22,13,2.657688440545378
VAL,HG23,13,2.657688440545378
