atomtype,Entries used,mean_red_ChiSq
C,157,0.6106260720148243
CA,157,1.0025448612094043
CB,144,1.7833625416666665
H,157,0.7600960408966116
N,157,0.6850623173941887
