atomtype,Entries used,mean_red_ChiSq
C,158,0.4991066261574075
CA,162,1.4348195016003653
CB,150,0.49400996666666697
H,156,1.1122677538794363
HA,150,1.0218182870370378
N,156,0.8294001981664317
