atomtype,Entries used,mean_red_ChiSq
C,159,0.5787706064620678
CA,162,1.4475339429964933
CB,150,0.5217302933333337
H,156,0.972133481715688
HA,151,0.9892434694628408
N,156,0.9435169856598432
