atomtype,entries_used,mean_red_ChiSq
C,159,0.6945736518751445
CA,162,2.0493253315043427
CB,150,0.7820704000000002
H,156,1.3526032782793196
HA,151,1.3199284860191318
N,156,1.1017420182030582
