atomtype,Entries used,mean_red_ChiSq
C,159,0.5562697875417341
CA,162,1.1846173144337737
CB,150,0.5977311333333336
H,154,0.7806445393438363
HA,151,0.9624906870860922
N,156,0.784209639566782
