atomtype,Entries used,mean_red_ChiSq
C,159,0.5912344678109714
CA,162,1.5404138774577052
CB,150,0.510740593333334
H,156,1.0009489190276097
HA,151,1.0991334391096395
N,156,0.8855411027164279
