atomtype,Entries used,mean_red_ChiSq
C,159,0.4771558077830182
CA,162,0.8695446121018149
CB,149,0.4991030335570467
H,155,0.701362654617143
HA,151,0.8930311810154526
N,156,0.7332925035522433
