atomtype,entries_used,mean_red_ChiSq
C,158,0.482236988933817
CA,162,1.3557820225575379
CB,150,0.5523207866666674
H,156,0.9474150615024066
HA,151,0.9472526903973509
N,156,0.8913253305136423
