atomtype,Entries used,mean_red_ChiSq
C,158,0.5474847052517995
CA,162,1.5171416780978486
CB,150,0.542395533333333
H,156,0.9344443288818636
HA,150,0.9508682870370374
N,156,0.987981344052772
