residue,atomtype,entries_used,mean_red_ChiSq
ILE,HD11,4,3.713699611686389
ILE,HD12,4,3.713699611686389
ILE,HD13,4,3.713699611686389
LEU,HD11,13,1.0539692307692312
LEU,HD12,13,1.0539692307692312
LEU,HD13,13,1.0539692307692312
LEU,HD21,13,3.1690639649300127
LEU,HD22,13,3.1690639649300127
LEU,HD23,13,3.1690639649300127
TRP,HE1,5,0.4533214375894271
VAL,HG11,13,0.5261762868104036
VAL,HG12,13,0.5261762868104036
VAL,HG13,13,0.5261762868104036
VAL,HG21,13,2.1223731023357564
VAL,HG22,13,2.1223731023357564
VAL,HG23,13,2.1223731023357564
