atomtype,entries_used,mean_red_ChiSq
C,157,0.7356790584208139
CA,157,1.8022667688920342
CB,144,2.2184902013888874
H,157,1.3866123537253738
N,157,1.1311522716858147
