atomtype,entries_used,mean_red_ChiSq
C,157,0.5878085037499039
CA,157,0.9813778249587153
CB,144,1.7022842638888882
H,157,0.7340025767069819
N,157,0.7199588549427247
