residue,atomtype,entries_used,mean_red_ChiSq
ILE,HD11,4,1.103140024038461
ILE,HD12,4,1.103140024038461
ILE,HD13,4,1.103140024038461
LEU,HD11,13,0.5931741538461539
LEU,HD12,13,0.5931741538461539
LEU,HD13,13,0.5931741538461539
LEU,HD21,13,2.3193754562125015
LEU,HD22,13,2.3193754562125015
LEU,HD23,13,2.3193754562125015
TRP,HE1,5,0.6299994949920017
VAL,HG11,12,0.8656087140070458
VAL,HG12,12,0.8656087140070458
VAL,HG13,12,0.8656087140070458
VAL,HG21,12,4.254202875131667
VAL,HG22,12,4.254202875131667
VAL,HG23,12,4.254202875131667
