residue,atomtype,Entries used,mean_red_ChiSq
ILE,HD11,4,1.2149362056213013
ILE,HD12,4,1.2149362056213013
ILE,HD13,4,1.2149362056213013
LEU,HD11,13,0.6710436923076922
LEU,HD12,13,0.6710436923076922
LEU,HD13,13,0.6710436923076922
LEU,HD21,13,2.2420223583498697
LEU,HD22,13,2.2420223583498697
LEU,HD23,13,2.2420223583498697
TRP,HE1,5,0.6265102264119149
VAL,HG11,13,1.1123830096011074
VAL,HG12,13,1.1123830096011074
VAL,HG13,13,1.1123830096011074
VAL,HG21,13,4.141041754137846
VAL,HG22,13,4.141041754137846
VAL,HG23,13,4.141041754137846
