atomtype,Entries used,mean_red_ChiSq
C,157,0.6448969698533468
CA,157,0.9499318628607363
CB,144,1.8401308402777754
H,157,0.7138394311953784
N,157,0.6093875474072344
