atomtype,Entries used,mean_red_ChiSq
C,157,0.682495690438979
CA,157,1.090518345521742
CB,144,1.9193880625000004
H,157,0.8062880262355621
N,157,0.6796666355124454
