residue,atomtype,Entries used,mean_red_ChiSq
ILE,HD11,4,1.0274304271449701
ILE,HD12,4,1.0274304271449701
ILE,HD13,4,1.0274304271449701
LEU,HD11,13,0.6428443076923076
LEU,HD12,13,0.6428443076923076
LEU,HD13,13,0.6428443076923076
LEU,HD21,13,2.1857498729794838
LEU,HD22,13,2.1857498729794838
LEU,HD23,13,2.1857498729794838
TRP,HE1,5,0.6199929298880543
VAL,HG11,13,1.0404922835047739
VAL,HG12,13,1.0404922835047739
VAL,HG13,13,1.0404922835047739
VAL,HG21,13,3.9506593485514765
VAL,HG22,13,3.9506593485514765
VAL,HG23,13,3.9506593485514765
