atomtype,Entries used,mean_red_ChiSq
C,157,0.6241111154114571
CA,157,0.9215779979554923
CB,144,1.8279805486111111
H,157,0.6895357449197876
N,157,0.6107802879008104
