residue,atomtype,Entries used,mean_red_ChiSq
ILE,HD11,4,1.3143664478550292
ILE,HD12,4,1.3143664478550292
ILE,HD13,4,1.3143664478550292
LEU,HD11,13,0.6651507692307695
LEU,HD12,13,0.6651507692307695
LEU,HD13,13,0.6651507692307695
LEU,HD21,13,2.2354707017421322
LEU,HD22,13,2.2354707017421322
LEU,HD23,13,2.2354707017421322
TRP,HE1,5,0.6258247622254002
VAL,HG11,13,1.1438116866101846
VAL,HG12,13,1.1438116866101846
VAL,HG13,13,1.1438116866101846
VAL,HG21,13,4.186813581420015
VAL,HG22,13,4.186813581420015
VAL,HG23,13,4.186813581420015
