atomtype,entries_used,mean_red_ChiSq
C,158,0.46540520552527775
CA,162,1.3975585962505725
CB,150,0.5616451266666667
H,156,0.9871151766027365
HA,151,0.9400346072479766
N,156,0.9115558984065478
