atomtype,entries_used,mean_red_ChiSq
C,159,0.5244555938931597
CA,162,1.3019859320225562
CB,150,0.49190479333333353
H,156,0.927771109816811
HA,150,1.026870138888889
N,156,0.8359596163816949
