atomtype,entries_used,mean_red_ChiSq
C,158,0.4902938508458352
CA,162,1.2947209495503726
CB,150,0.5081979866666667
H,156,1.0169828805591379
HA,150,1.0090378472222223
N,156,0.8835140568906803
