atomtype,Entries used,mean_red_ChiSq
C,158,0.5655775285933361
CA,162,1.4744948102423412
CB,149,0.5429254765100673
H,156,1.0785743853226286
HA,151,0.9540184648638707
N,156,1.0146766953585122
