atomtype,entries_used,mean_red_ChiSq
C,158,0.4648328229996891
CA,162,1.3042259106843466
CB,150,0.5218545266666675
H,156,0.9258682447892832
HA,151,0.8961405445180274
N,156,0.8344482862015337
