residue,atomtype,entries_used,mean_red_ChiSq
ILE,HD11,4,1.1229890902366864
ILE,HD12,4,1.1229890902366864
ILE,HD13,4,1.1229890902366864
LEU,HD11,13,0.5454953846153847
LEU,HD12,13,0.5454953846153847
LEU,HD13,13,0.5454953846153847
LEU,HD21,13,2.1135364839899378
LEU,HD22,13,2.1135364839899378
LEU,HD23,13,2.1135364839899378
TRP,HE1,5,0.6154761383721901
VAL,HG11,13,0.6281956099625765
VAL,HG12,13,0.6281956099625765
VAL,HG13,13,0.6281956099625765
VAL,HG21,13,3.754694440147614
VAL,HG22,13,3.754694440147614
VAL,HG23,13,3.754694440147614
