atomtype,entries_used,mean_red_ChiSq
C,157,0.585815364030433
CA,157,1.0174999370920805
CB,144,1.6203580486111109
H,157,0.8326175967040196
N,157,0.707317189478658
