residue,atomtype,Entries used,mean_red_ChiSq
ILE,CD,4,0.14122909795172622
LEU,CD1,12,1.3341565751002473
LEU,CD2,11,0.8217584539003929
VAL,CG1,13,1.4709713309456052
VAL,CG2,12,0.6494117865885355
