atomtype,Entries used,mean_red_ChiSq
C,159,0.6548912413133796
CA,159,3.726160299712711
CB,145,5.840471751724138
H,161,1.357238527456507
HA,2,0.5704253472222218
N,159,1.545904009229175
