residue,atomtype,Entries used,mean_red_ChiSq
ARG,HB2,1,0.008847171845897582
ARG,HB3,1,0.5011518478580533
ARG,HD2,1,9.070294784578503e-05
ARG,HD3,1,9.070294784578503e-05
ARG,HG2,1,0.0018903591682420161
ARG,HG3,1,0.0018903591682420161
GLN,HB2,1,5.886137654958672
GLN,HB3,1,5.886137654958672
GLN,HG2,1,1.5983247872426132
GLN,HG3,1,1.5983247872426132
GLU,HB2,1,0.07342351716961588
GLU,HB3,1,0.07342351716961588
GLU,HG2,1,0.6976045971074359
GLU,HG3,1,0.6976045971074359
ILE,HD11,4,2.681114783653846
ILE,HD12,4,2.681114783653846
ILE,HD13,4,2.681114783653846
LEU,HD11,13,6.9550129230769215
LEU,HD12,13,6.9550129230769215
LEU,HD13,13,6.9550129230769215
LEU,HD21,11,0.8138717733333981
LEU,HD22,11,0.8138717733333981
LEU,HD23,11,0.8138717733333981
TRP,HE1,5,0.4249736554162101
VAL,HG11,13,9.754572115804539
VAL,HG12,13,9.754572115804539
VAL,HG13,13,9.754572115804539
VAL,HG21,10,3.895784257397299
VAL,HG22,10,3.895784257397299
VAL,HG23,10,3.895784257397299
