residue,atomtype,entries_used,mean_red_ChiSq
ILE,HD11,4,1.3207401072485205
ILE,HD12,4,1.3207401072485205
ILE,HD13,4,1.3207401072485205
LEU,HD11,13,0.4822387692307692
LEU,HD12,13,0.4822387692307692
LEU,HD13,13,0.4822387692307692
LEU,HD21,13,1.8794188417646198
LEU,HD22,13,1.8794188417646198
LEU,HD23,13,1.8794188417646198
TRP,HE1,5,0.602371517549029
VAL,HG11,13,0.5561301961205886
VAL,HG12,13,0.5561301961205886
VAL,HG13,13,0.5561301961205886
VAL,HG21,13,3.3559860672220627
VAL,HG22,13,3.3559860672220627
VAL,HG23,13,3.3559860672220627
