atomtype,entries_used,mean_red_ChiSq
C,157,0.596718777645081
CA,157,1.1371744043406469
CB,144,1.6570953055555542
H,157,0.852094952341255
N,157,0.7378851655417134
