residue,atomtype,Entries used,mean_red_ChiSq
ARG,HB2,1,0.025095578864817225
ARG,HB3,1,0.5964121164591701
ARG,HD2,1,0.0018367346938776906
ARG,HD3,1,0.0018367346938776906
ARG,HG2,1,0.010291955471539502
ARG,HG3,1,0.010291955471539502
GLN,HB2,1,6.53731921487603
GLN,HB3,1,6.53731921487603
GLN,HG2,1,2.1349297967730676
GLN,HG3,1,2.1349297967730676
GLU,HB2,1,0.037460978147762815
GLU,HB3,1,0.037460978147762815
GLU,HG2,1,0.7071280991735506
GLU,HG3,1,0.7071280991735506
ILE,HD11,4,2.9960937499999987
ILE,HD12,4,2.9960937499999987
ILE,HD13,4,2.9960937499999987
LEU,HD11,13,6.93436676923077
LEU,HD12,13,6.93436676923077
LEU,HD13,13,6.93436676923077
LEU,HD21,11,0.8175538431907604
LEU,HD22,11,0.8175538431907604
LEU,HD23,11,0.8175538431907604
TRP,HE1,5,0.38868108745055097
VAL,HG11,13,9.552812808643013
VAL,HG12,13,9.552812808643013
VAL,HG13,13,9.552812808643013
VAL,HG21,10,3.8008061620224067
VAL,HG22,10,3.8008061620224067
VAL,HG23,10,3.8008061620224067
