atomtype,Entries used,mean_red_ChiSq
C,159,0.6594476200355245
CA,159,3.7331689183942856
CB,145,5.851235800000006
H,161,1.3460264907336186
HA,2,0.6883767361111117
N,159,1.539827814557046
