residue,atomtype,Entries used,mean_red_ChiSq
ILE,HD11,4,0.49568925665680474
ILE,HD12,4,0.49568925665680474
ILE,HD13,4,0.49568925665680474
LEU,HD11,13,0.5450486153846156
LEU,HD12,13,0.5450486153846156
LEU,HD13,13,0.5450486153846156
LEU,HD21,13,2.049755066098601
LEU,HD22,13,2.049755066098601
LEU,HD23,13,2.049755066098601
TRP,HE1,5,0.6064432286844514
VAL,HG11,13,0.6894925320988734
VAL,HG12,13,0.6894925320988734
VAL,HG13,13,0.6894925320988734
VAL,HG21,13,3.441133736989812
VAL,HG22,13,3.441133736989812
VAL,HG23,13,3.441133736989812
