atomtype,Entries used,mean_red_ChiSq
C,157,0.5609578590666029
CA,157,1.123609742863882
CB,144,1.536447972222223
H,157,0.6398649640191114
N,157,0.6078969349140579
