atomtype,Entries used,mean_red_ChiSq
C,159,0.6162593387248648
CA,159,3.4834227113906393
CB,145,5.887805841379309
H,161,1.360005643473558
HA,2,0.281562499999999
N,159,1.4806489805583163
