residue,atomtype,Entries used,mean_red_ChiSq
ARG,HB2,1,0.011861582197823767
ARG,HB3,1,0.2549750024507395
ARG,HD2,1,0.005804988662131208
ARG,HD3,1,0.005804988662131208
ARG,HG2,1,0.045181917897733986
ARG,HG3,1,0.045181917897733986
GLN,HB2,1,2.05010330578512
GLN,HB3,1,2.05010330578512
GLN,HG2,1,0.10655319605895516
GLN,HG3,1,0.10655319605895516
GLU,HB2,1,0.2467845993756515
GLU,HB3,1,0.2467845993756515
GLU,HG2,1,0.5206934400826427
GLU,HG3,1,0.5206934400826427
ILE,HD11,4,1.7531145987426036
ILE,HD12,4,1.7531145987426036
ILE,HD13,4,1.7531145987426036
LEU,HD11,13,4.37224
LEU,HD12,13,4.37224
LEU,HD13,13,4.37224
LEU,HD21,11,2.262472505862988
LEU,HD22,11,2.262472505862988
LEU,HD23,11,2.262472505862988
TRP,HE1,5,4.377471929972221
VAL,HG11,13,5.59192438708117
VAL,HG12,13,5.59192438708117
VAL,HG13,13,5.59192438708117
VAL,HG21,10,3.651768529158287
VAL,HG22,10,3.651768529158287
VAL,HG23,10,3.651768529158287
