atomtype,Entries used,mean_red_ChiSq
C,157,0.6811710210741545
CA,157,1.0578150349925293
CB,144,1.8947496736111102
H,157,0.8011482536609562
N,157,0.674619510873957
