residue,atomtype,Entries used,mean_red_ChiSq
ILE,HD11,4,1.0139665772928992
ILE,HD12,4,1.0139665772928992
ILE,HD13,4,1.0139665772928992
LEU,HD11,13,0.5928516923076924
LEU,HD12,13,0.5928516923076924
LEU,HD13,13,0.5928516923076924
LEU,HD21,13,2.140637389635948
LEU,HD22,13,2.140637389635948
LEU,HD23,13,2.140637389635948
TRP,HE1,5,0.6082902112616788
VAL,HG11,13,1.1344961266351783
VAL,HG12,13,1.1344961266351783
VAL,HG13,13,1.1344961266351783
VAL,HG21,13,4.125527589331093
VAL,HG22,13,4.125527589331093
VAL,HG23,13,4.125527589331093
