atomtype,entries_used,mean_red_ChiSq
C,159,0.4950089353307705
CA,162,1.367964372809022
CB,150,0.4952021933333335
H,155,1.1016398750850502
HA,151,0.9939599429727733
N,156,0.8858182233831576
