atomtype,Entries used,mean_red_ChiSq
C,159,0.5875807940736851
CA,162,1.538087608596251
CB,150,0.5131996933333335
H,156,1.0056792652993305
HA,151,1.0960808728844735
N,156,0.8935370725955142
