atomtype,Entries used,mean_red_ChiSq
C,159,0.5869906345844017
CA,162,1.5523197530864203
CB,149,0.5481737449664436
H,156,0.9476136789116782
HA,151,1.041708402317881
N,156,0.8885909460909444
