atomtype,entries_used,mean_red_ChiSq
C,157,0.5702286063930173
CA,157,1.051211873869622
CB,144,1.6386498055555545
H,157,0.740778007048051
N,157,0.6537815697597312
