residue,atomtype,entries_used,mean_red_ChiSq
ILE,HD11,4,1.2232456545857988
ILE,HD12,4,1.2232456545857988
ILE,HD13,4,1.2232456545857988
LEU,HD11,13,0.407332923076923
LEU,HD12,13,0.407332923076923
LEU,HD13,13,0.407332923076923
LEU,HD21,13,1.7478146308461966
LEU,HD22,13,1.7478146308461966
LEU,HD23,13,1.7478146308461966
TRP,HE1,5,0.6469664169682684
VAL,HG11,13,0.668808831137419
VAL,HG12,13,0.668808831137419
VAL,HG13,13,0.668808831137419
VAL,HG21,13,3.211706958654675
VAL,HG22,13,3.211706958654675
VAL,HG23,13,3.211706958654675
