atomtype,Entries used,mean_red_ChiSq
C,158,0.5476631449982415
CA,162,1.4829607681755819
CB,150,0.5221854199999999
H,156,0.9323972764210728
HA,151,0.9223735283296542
N,156,0.9693126954815273
