atomtype,Entries used,mean_red_ChiSq
C,157,0.646905160783793
CA,157,0.9489718644334347
CB,144,1.8314483750000008
H,157,0.7128684122593381
N,157,0.6207212989949359
