residue,atomtype,Entries used,mean_red_ChiSq
ILE,HD11,4,1.275327061760355
ILE,HD12,4,1.275327061760355
ILE,HD13,4,1.275327061760355
LEU,HD11,13,0.640966153846154
LEU,HD12,13,0.640966153846154
LEU,HD13,13,0.640966153846154
LEU,HD21,13,2.1854540623968606
LEU,HD22,13,2.1854540623968606
LEU,HD23,13,2.1854540623968606
TRP,HE1,5,0.6282185001262504
VAL,HG11,13,1.0891932113654534
VAL,HG12,13,1.0891932113654534
VAL,HG13,13,1.0891932113654534
VAL,HG21,13,4.092064338275914
VAL,HG22,13,4.092064338275914
VAL,HG23,13,4.092064338275914
