atomtype,Entries used,mean_red_ChiSq
C,158,0.6395000683700578
CA,162,2.398049603718947
CB,150,0.8781590066666668
H,156,1.5590081610295243
HA,151,1.5890811258278157
N,156,1.1597730888639972
