atomtype,entries_used,mean_red_ChiSq
C,157,0.5695939551879398
CA,157,1.04990468663993
CB,144,1.6383241527777772
H,157,0.7271483294464555
N,157,0.6656364849110316
