residue,atomtype,entries_used,mean_red_ChiSq
ILE,HD11,4,1.1834955159023661
ILE,HD12,4,1.1834955159023661
ILE,HD13,4,1.1834955159023661
LEU,HD11,13,0.39828430769230777
LEU,HD12,13,0.39828430769230777
LEU,HD13,13,0.39828430769230777
LEU,HD21,13,1.712503612038943
LEU,HD22,13,1.712503612038943
LEU,HD23,13,1.712503612038943
TRP,HE1,5,0.6342698426058414
VAL,HG11,13,0.6873324509362594
VAL,HG12,13,0.6873324509362594
VAL,HG13,13,0.6873324509362594
VAL,HG21,13,3.3433612136211965
VAL,HG22,13,3.3433612136211965
VAL,HG23,13,3.3433612136211965
