atomtype,Entries used,mean_red_ChiSq
C,159,0.6532942253377608
CA,159,3.7273419597794852
CB,145,5.846998717241383
H,161,1.3622641750283013
HA,2,0.5741059027777754
N,159,1.5462661209120425
