residue,atomtype,Entries used,mean_red_ChiSq
ARG,HB2,1,0.0006126850308793539
ARG,HB3,1,0.4078276639545143
ARG,HD2,1,0.02321995464852548
ARG,HD3,1,0.02321995464852548
ARG,HG2,1,0.0011435506079488095
ARG,HG3,1,0.0011435506079488095
GLN,HB2,1,5.749096074380162
GLN,HB3,1,5.749096074380162
GLN,HG2,1,1.4699991946092565
GLN,HG3,1,1.4699991946092565
GLU,HB2,1,0.05098855359001082
GLU,HB3,1,0.05098855359001082
GLU,HG2,1,0.7360860020661136
GLU,HG3,1,0.7360860020661136
ILE,HD11,4,2.5831522744082838
ILE,HD12,4,2.5831522744082838
ILE,HD13,4,2.5831522744082838
LEU,HD11,13,6.961757538461539
LEU,HD12,13,6.961757538461539
LEU,HD13,13,6.961757538461539
LEU,HD21,11,0.8146729269946703
LEU,HD22,11,0.8146729269946703
LEU,HD23,11,0.8146729269946703
TRP,HE1,5,0.43653699183570305
VAL,HG11,13,9.802648199036529
VAL,HG12,13,9.802648199036529
VAL,HG13,13,9.802648199036529
VAL,HG21,10,3.928741740879057
VAL,HG22,10,3.928741740879057
VAL,HG23,10,3.928741740879057
