residue,atomtype,Entries used,mean_red_ChiSq
ILE,HD11,4,1.3251953125
ILE,HD12,4,1.3251953125
ILE,HD13,4,1.3251953125
LEU,HD11,13,0.8771507692307694
LEU,HD12,13,0.8771507692307694
LEU,HD13,13,0.8771507692307694
LEU,HD21,13,2.7905400871271726
LEU,HD22,13,2.7905400871271726
LEU,HD23,13,2.7905400871271726
TRP,HE1,5,0.5790792020873653
VAL,HG11,13,0.8684181352755027
VAL,HG12,13,0.8684181352755027
VAL,HG13,13,0.8684181352755027
VAL,HG21,13,3.5597902349015516
VAL,HG22,13,3.5597902349015516
VAL,HG23,13,3.5597902349015516
