atomtype,Entries used,mean_red_ChiSq
C,157,0.6394274365760422
CA,157,1.140122410945977
CB,144,1.7489993541666653
H,157,0.7901492629860177
N,156,0.7661817655648816
