atomtype,Entries used,mean_red_ChiSq
C,159,0.7069084544122228
CA,159,4.075297810389002
CB,145,6.106305062068964
H,161,1.3834781600932515
HA,2,1.445980902777777
N,159,1.9310685730362274
