residue,atomtype,Entries used,mean_red_ChiSq
ARG,HB2,1,0.015317125771983305
ARG,HB3,1,0.5440888148220765
ARG,HD2,1,0.1344444444444443
ARG,HD3,1,0.1344444444444443
ARG,HG2,1,0.13479894513290805
ARG,HG3,1,0.13479894513290805
GLN,HB2,1,1.5625000000000024
GLN,HB3,1,1.5625000000000024
GLN,HG2,1,0.004537034551263051
GLN,HG3,1,0.004537034551263051
GLU,HB2,1,0.01348595213319428
GLU,HB3,1,0.01348595213319428
GLU,HG2,1,1.190082644628101
GLU,HG3,1,1.190082644628101
ILE,HD11,4,5.694451507026626
ILE,HD12,4,5.694451507026626
ILE,HD13,4,5.694451507026626
LEU,HD11,13,5.902494769230769
LEU,HD12,13,5.902494769230769
LEU,HD13,13,5.902494769230769
LEU,HD21,11,2.2520526527897142
LEU,HD22,11,2.2520526527897142
LEU,HD23,11,2.2520526527897142
TRP,HE1,5,0.5253732850770134
VAL,HG11,13,9.63916902383144
VAL,HG12,13,9.63916902383144
VAL,HG13,13,9.63916902383144
VAL,HG21,10,5.691945561620222
VAL,HG22,10,5.691945561620222
VAL,HG23,10,5.691945561620222
