atomtype,Entries used,mean_red_ChiSq
C,159,0.46232023788725773
CA,162,0.8224023624447493
CB,150,0.4880137066666676
H,156,0.7029164413196326
HA,151,0.8914068248712295
N,156,0.7316368179679869
