residue,atomtype,Entries used,mean_red_ChiSq
ARG,HB2,1,0.01080776394471121
ARG,HB3,1,0.2599990197039505
ARG,HD2,1,0.016530612244898126
ARG,HD3,1,0.016530612244898126
ARG,HG2,1,0.035496744381432736
ARG,HG3,1,0.035496744381432736
GLN,HB2,1,1.9377905475206623
GLN,HB3,1,1.9377905475206623
GLN,HG2,1,0.13533249214744084
GLN,HG3,1,0.13533249214744084
GLU,HB2,1,0.00016649323621231613
GLU,HB3,1,0.00016649323621231613
GLU,HG2,1,0.6976045971074359
GLU,HG3,1,0.6976045971074359
ILE,HD11,4,5.728001340606507
ILE,HD12,4,5.728001340606507
ILE,HD13,4,5.728001340606507
LEU,HD11,13,5.984238769230769
LEU,HD12,13,5.984238769230769
LEU,HD13,13,5.984238769230769
LEU,HD21,11,2.0500826240291063
LEU,HD22,11,2.0500826240291063
LEU,HD23,11,2.0500826240291063
TRP,HE1,5,0.5646258732429924
VAL,HG11,13,8.733465132997843
VAL,HG12,13,8.733465132997843
VAL,HG13,13,8.733465132997843
VAL,HG21,10,5.234982763573684
VAL,HG22,10,5.234982763573684
VAL,HG23,10,5.234982763573684
