atomtype,Entries used,mean_red_ChiSq
C,159,0.6751053192212128
CA,159,3.689503354297692
CB,145,6.218625537931036
H,161,1.3113564155880804
HA,1,1.5108506944444438
N,159,1.8336567575381582
