residue,atomtype,Entries used,mean_red_ChiSq
ILE,HD11,4,0.5984999075443787
ILE,HD12,4,0.5984999075443787
ILE,HD13,4,0.5984999075443787
LEU,HD11,13,0.6954855384615386
LEU,HD12,13,0.6954855384615386
LEU,HD13,13,0.6954855384615386
LEU,HD21,13,2.421838216262187
LEU,HD22,13,2.421838216262187
LEU,HD23,13,2.421838216262187
TRP,HE1,5,0.6496961535224292
VAL,HG11,13,0.650377594280992
VAL,HG12,13,0.650377594280992
VAL,HG13,13,0.650377594280992
VAL,HG21,13,3.3800756303449484
VAL,HG22,13,3.3800756303449484
VAL,HG23,13,3.3800756303449484
