atomtype,Entries used,mean_red_ChiSq
C,157,0.5781217931705598
CA,157,1.1714419045372344
CB,144,1.545789576388887
H,157,0.640228941104332
N,157,0.6025876695890758
