atomtype,Entries used,mean_red_ChiSq
C,158,0.5215112163521656
CA,162,1.4130125590611191
CB,150,0.4679036000000005
H,156,0.9533803095228197
HA,151,0.9322729258646064
N,156,0.8857336939155122
