atomtype,Entries used,mean_red_ChiSq
C,159,0.682392763898597
CA,159,4.265298120972127
CB,145,5.72804027586207
H,160,1.4700335654407786
HA,2,0.7821180555555561
N,159,1.626753765352148
