residue,atomtype,Entries used,mean_red_ChiSq
ARG,HB2,1,0.3241103813351632
ARG,HB3,1,1.3998872659543171
ARG,HD2,1,0.05897959183673507
ARG,HD3,1,0.05897959183673507
ARG,HG2,1,0.07582440663726152
ARG,HG3,1,0.07582440663726152
GLN,HB2,1,6.712809917355369
GLN,HB3,1,6.712809917355369
GLN,HG2,1,4.188703052430938
GLN,HG3,1,4.188703052430938
GLU,HB2,1,0.04262226847034347
GLU,HB3,1,0.04262226847034347
GLU,HG2,1,0.8895919421487594
GLU,HG3,1,0.8895919421487594
ILE,HD11,4,4.518756934171597
ILE,HD12,4,4.518756934171597
ILE,HD13,4,4.518756934171597
LEU,HD11,13,6.16560246153846
LEU,HD12,13,6.16560246153846
LEU,HD13,13,6.16560246153846
LEU,HD21,11,1.0366394274421833
LEU,HD22,11,1.0366394274421833
LEU,HD23,11,1.0366394274421833
TRP,HE1,5,0.12970827371433374
VAL,HG11,13,8.410611944610547
VAL,HG12,13,8.410611944610547
VAL,HG13,13,8.410611944610547
VAL,HG21,10,5.092947428899741
VAL,HG22,10,5.092947428899741
VAL,HG23,10,5.092947428899741
