atomtype,entries_used,mean_red_ChiSq
C,157,0.5999013285611781
CA,157,1.004980545726193
CB,144,1.744740902777777
H,157,0.7198580055323415
N,157,0.7230713323036917
