residue,atomtype,entries_used,mean_red_ChiSq
ILE,HD11,4,1.063112518491124
ILE,HD12,4,1.063112518491124
ILE,HD13,4,1.063112518491124
LEU,HD11,13,0.5976369230769232
LEU,HD12,13,0.5976369230769232
LEU,HD13,13,0.5976369230769232
LEU,HD21,13,2.3037522750709742
LEU,HD22,13,2.3037522750709742
LEU,HD23,13,2.3037522750709742
TRP,HE1,5,0.6366938809864471
VAL,HG11,13,0.7865483717086479
VAL,HG12,13,0.7865483717086479
VAL,HG13,13,0.7865483717086479
VAL,HG21,13,3.8849938125649137
VAL,HG22,13,3.8849938125649137
VAL,HG23,13,3.8849938125649137
