atomtype,entries_used,mean_red_ChiSq
C,158,0.4611416517717602
CA,162,1.4361315195854307
CB,150,0.5796254333333333
H,156,1.0260751480356676
HA,151,0.9700220750551876
N,156,0.9068802061334538
