atomtype,entries_used,mean_red_ChiSq
C,157,0.5903817140687675
CA,156,0.9943243194048745
CB,144,1.7103847222222208
H,157,0.7290702497132203
N,157,0.7229899863649554
