residue,atomtype,entries_used,mean_red_ChiSq
ILE,HD11,4,1.0974424463757393
ILE,HD12,4,1.0974424463757393
ILE,HD13,4,1.0974424463757393
LEU,HD11,13,0.5862055384615386
LEU,HD12,13,0.5862055384615386
LEU,HD13,13,0.5862055384615386
LEU,HD21,13,2.296778814484311
LEU,HD22,13,2.296778814484311
LEU,HD23,13,2.296778814484311
TRP,HE1,5,0.6307570069859422
VAL,HG11,13,0.7996919448792977
VAL,HG12,13,0.7996919448792977
VAL,HG13,13,0.7996919448792977
VAL,HG21,13,3.920202804233974
VAL,HG22,13,3.920202804233974
VAL,HG23,13,3.920202804233974
