residue,atomtype,Entries used,mean_red_ChiSq
ARG,HB2,1,0.004803450642093921
ARG,HB3,1,0.2965395549455929
ARG,HD2,1,0.036281179138322066
ARG,HD3,1,0.036281179138322066
ARG,HG2,1,0.0018903591682420161
ARG,HG3,1,0.0018903591682420161
GLN,HB2,1,5.1394950929752055
GLN,HB3,1,5.1394950929752055
GLN,HG2,1,0.9589787645305919
GLN,HG3,1,0.9589787645305919
GLU,HB2,1,0.05394380853277845
GLU,HB3,1,0.05394380853277845
GLU,HG2,1,0.7557141012396694
GLU,HG3,1,0.7557141012396694
ILE,HD11,4,2.265353411612426
ILE,HD12,4,2.265353411612426
ILE,HD13,4,2.265353411612426
LEU,HD11,13,6.981191384615385
LEU,HD12,13,6.981191384615385
LEU,HD13,13,6.981191384615385
LEU,HD21,11,0.8552274871774954
LEU,HD22,11,0.8552274871774954
LEU,HD23,11,0.8552274871774954
TRP,HE1,5,0.49408837639929215
VAL,HG11,13,9.823367173485089
VAL,HG12,13,9.823367173485089
VAL,HG13,13,9.823367173485089
VAL,HG21,10,4.080644929617925
VAL,HG22,10,4.080644929617925
VAL,HG23,10,4.080644929617925
