atomtype,Entries used,mean_red_ChiSq
C,159,0.658775853618292
CA,159,3.701761518751457
CB,145,5.8750746827586235
H,161,1.3694010191844506
HA,2,0.4828559027777781
N,159,1.533789649685262
