residue,atomtype,Entries used,mean_red_ChiSq
ARG,HB2,1,0.0012008626605235185
ARG,HB3,1,0.3354818155082822
ARG,HD2,1,0.020408163265306464
ARG,HD3,1,0.020408163265306464
ARG,HG2,1,0.0059744684823449905
ARG,HG3,1,0.0059744684823449905
GLN,HB2,1,3.536964101239668
GLN,HB3,1,3.536964101239668
GLN,HG2,1,0.4892748798625483
GLN,HG3,1,0.4892748798625483
GLU,HB2,1,0.11691987513007353
GLU,HB3,1,0.11691987513007353
GLU,HG2,1,0.5206934400826427
GLU,HG3,1,0.5206934400826427
ILE,HD11,4,3.2169875647189334
ILE,HD12,4,3.2169875647189334
ILE,HD13,4,3.2169875647189334
LEU,HD11,13,5.9059483076923085
LEU,HD12,13,5.9059483076923085
LEU,HD13,13,5.9059483076923085
LEU,HD21,11,1.6020273233860798
LEU,HD22,11,1.6020273233860798
LEU,HD23,11,1.6020273233860798
TRP,HE1,5,0.6042609207979117
VAL,HG11,13,7.686532918561917
VAL,HG12,13,7.686532918561917
VAL,HG13,13,7.686532918561917
VAL,HG21,10,3.018613544958345
VAL,HG22,10,3.018613544958345
VAL,HG23,10,3.018613544958345
