atomtype,Entries used,mean_red_ChiSq
C,159,0.6778378258696339
CA,159,3.4470493205994277
CB,145,6.140952220689659
H,161,1.3704630671606945
HA,2,0.13611111111110963
N,159,1.7969644308335804
