atomtype,entries_used,mean_red_ChiSq
C,157,0.598980188306007
CA,157,0.9095933238971459
CB,144,1.7653005694444421
H,156,0.6781692460234914
N,157,0.6840694777323115
