residue,atomtype,entries_used,mean_red_ChiSq
ILE,HD11,4,1.0159717085798814
ILE,HD12,4,1.0159717085798814
ILE,HD13,4,1.0159717085798814
LEU,HD11,13,0.6478966153846154
LEU,HD12,13,0.6478966153846154
LEU,HD13,13,0.6478966153846154
LEU,HD21,13,2.393451356277826
LEU,HD22,13,2.393451356277826
LEU,HD23,13,2.393451356277826
TRP,HE1,5,0.6191115225991091
VAL,HG11,13,0.7858949723523049
VAL,HG12,13,0.7858949723523049
VAL,HG13,13,0.7858949723523049
VAL,HG21,13,3.872076160696528
VAL,HG22,13,3.872076160696528
VAL,HG23,13,3.872076160696528
