atomtype,Entries used,mean_red_ChiSq
C,159,0.5032452569347391
CA,162,0.9319226794695946
CB,150,0.5182632066666676
H,156,0.6932232253054322
HA,151,0.8973549025018392
N,156,0.729310565576799
