atomtype,entries_used,mean_red_ChiSq
C,157,0.5603869666342312
CA,157,0.8933181017535575
CB,144,1.8162060347222209
H,157,0.6846390371107808
N,156,0.617764874615524
