residue,atomtype,entries_used,mean_red_ChiSq
ILE,HD11,4,1.3841415495562128
ILE,HD12,4,1.3841415495562128
ILE,HD13,4,1.3841415495562128
LEU,HD11,13,0.7100836923076923
LEU,HD12,13,0.7100836923076923
LEU,HD13,13,0.7100836923076923
LEU,HD21,13,2.4084021161412603
LEU,HD22,13,2.4084021161412603
LEU,HD23,13,2.4084021161412603
TRP,HE1,5,0.6553333894453315
VAL,HG11,13,0.8578814407707763
VAL,HG12,13,0.8578814407707763
VAL,HG13,13,0.8578814407707763
VAL,HG21,13,3.8352181070868214
VAL,HG22,13,3.8352181070868214
VAL,HG23,13,3.8352181070868214
