atomtype,Entries used,mean_red_ChiSq
C,158,0.5287003615066801
CA,162,1.4166044657826549
CB,150,0.48252042000000045
H,156,0.9389892665474066
HA,151,0.910317903789551
N,156,0.877937237125549
