atomtype,Entries used,mean_red_ChiSq
C,158,0.5311674675730579
CA,162,1.4899746380124976
CB,150,0.5440872866666674
H,156,0.914153769882543
HA,151,0.9499802244297276
N,156,1.0046091546740907
