atomtype,Entries used,mean_red_ChiSq
C,159,0.48356889728433755
CA,162,0.9007178402682513
CB,150,0.503518993333333
H,156,0.6976270957274203
HA,151,0.8910266050404706
N,156,0.7257671525203998
