atomtype,entries_used,mean_red_ChiSq
C,159,0.5225207793452525
CA,162,1.3720438042981238
CB,150,0.4983750666666669
H,156,0.9797564865277146
HA,151,1.049988157652686
N,156,0.8778714551441823
