residue,atomtype,Entries used,mean_red_ChiSq
ARG,HB2,1,0.002965395549455882
ARG,HB3,1,0.3129350063719243
ARG,HD2,1,0.02321995464852548
ARG,HD3,1,0.02321995464852548
ARG,HG2,1,0.0011435506079488095
ARG,HG3,1,0.0011435506079488095
GLN,HB2,1,4.785156249999999
GLN,HB3,1,4.785156249999999
GLN,HG2,1,0.9188166125265111
GLN,HG3,1,0.9188166125265111
GLU,HB2,1,0.07342351716961588
GLU,HB3,1,0.07342351716961588
GLU,HG2,1,0.6787512913223099
GLU,HG3,1,0.6787512913223099
ILE,HD11,4,2.2548019138313604
ILE,HD12,4,2.2548019138313604
ILE,HD13,4,2.2548019138313604
LEU,HD11,13,7.0541427692307686
LEU,HD12,13,7.0541427692307686
LEU,HD13,13,7.0541427692307686
LEU,HD21,11,0.84805109256319
LEU,HD22,11,0.84805109256319
LEU,HD23,11,0.84805109256319
TRP,HE1,5,0.6198293072973643
VAL,HG11,13,9.981941654292955
VAL,HG12,13,9.981941654292955
VAL,HG13,13,9.981941654292955
VAL,HG21,10,4.121644283251939
VAL,HG22,10,4.121644283251939
VAL,HG23,10,4.121644283251939
