atomtype,Entries used,mean_red_ChiSq
C,159,0.6606968435777273
CA,159,3.7349606258249812
CB,145,5.8657985724137935
H,161,1.3514787244406072
HA,2,0.5563368055555544
N,159,1.5418578958863194
