atomtype,entries_used,mean_red_ChiSq
C,157,0.5718849337992452
CA,157,0.9772541322638993
CB,144,1.624049687499999
H,157,0.821391146186784
N,157,0.7081968330839202
