atomtype,Entries used,mean_red_ChiSq
C,159,0.6262594266829731
CA,159,3.509949770944949
CB,145,5.927277655172414
H,161,1.3810550272264004
HA,2,0.24521701388888806
N,159,1.487520242742001
