residue,atomtype,Entries used,mean_red_ChiSq
ARG,HB2,1,0.019213802568375685
ARG,HB3,1,0.22586020978335397
ARG,HD2,1,0.00274376417233544
ARG,HD3,1,0.00274376417233544
ARG,HG2,1,0.04315153212443727
ARG,HG3,1,0.04315153212443727
GLN,HB2,1,2.2160382231404956
GLN,HB3,1,2.2160382231404956
GLN,HG2,1,0.18494456227012884
GLN,HG3,1,0.18494456227012884
GLU,HB2,1,0.24041623309053112
GLU,HB3,1,0.24041623309053112
GLU,HG2,1,0.5206934400826427
GLU,HG3,1,0.5206934400826427
ILE,HD11,4,1.7110415125739644
ILE,HD12,4,1.7110415125739644
ILE,HD13,4,1.7110415125739644
LEU,HD11,13,4.463006769230768
LEU,HD12,13,4.463006769230768
LEU,HD13,13,4.463006769230768
LEU,HD21,11,2.1479366651614686
LEU,HD22,11,2.1479366651614686
LEU,HD23,11,2.1479366651614686
TRP,HE1,5,4.692522178267819
VAL,HG11,13,5.601253384575073
VAL,HG12,13,5.601253384575073
VAL,HG13,13,5.601253384575073
VAL,HG21,10,3.658413530594656
VAL,HG22,10,3.658413530594656
VAL,HG23,10,3.658413530594656
