atomtype,Entries used,mean_red_ChiSq
C,158,0.5233764339398739
CA,162,1.4736002362444758
CB,150,0.5370909400000007
H,156,1.0920738514234993
HA,151,1.014322111846947
N,156,0.9508765861363266
