atomtype,Entries used,mean_red_ChiSq
C,159,0.5403837430361437
CA,162,1.133321101966165
CB,150,0.5574079066666671
H,156,0.738946450610864
HA,151,0.9401252069536419
N,156,0.7489849147966027
