atomtype,entries_used,mean_red_ChiSq
C,158,0.4978607588832218
CA,162,1.4024931184270686
CB,150,0.5533654066666669
H,156,1.0220815478914451
HA,151,1.07384784308315
N,156,0.8965231437634037
