atomtype,entries_used,mean_red_ChiSq
C,158,0.47562613543131815
CA,162,1.339516552354825
CB,149,0.5504439530201349
H,156,0.9289204490299675
HA,151,0.9358536837748339
N,156,0.8730221149701674
