atomtype,Entries used,mean_red_ChiSq
C,159,0.5900167241730739
CA,159,3.378119590030283
CB,145,6.057006386206897
H,161,1.6114016977449614
HA,2,0.04483506944444352
N,159,1.8365694446949026
