residue,atomtype,Entries used,mean_red_ChiSq
ARG,HB2,1,0.011861582197823767
ARG,HB3,1,0.2549750024507395
ARG,HD2,1,0.014172335600906931
ARG,HD3,1,0.014172335600906931
ARG,HG2,1,0.003944082709048127
ARG,HG3,1,0.003944082709048127
GLN,HB2,1,2.165579803719006
GLN,HB3,1,2.165579803719006
GLN,HG2,1,0.12781551182582226
GLN,HG3,1,0.12781551182582226
GLU,HB2,1,0.2597710718002093
GLU,HB3,1,0.2597710718002093
GLU,HG2,1,0.7263688016528916
GLU,HG3,1,0.7263688016528916
ILE,HD11,4,2.09035225591716
ILE,HD12,4,2.09035225591716
ILE,HD13,4,2.09035225591716
LEU,HD11,13,5.788695384615385
LEU,HD12,13,5.788695384615385
LEU,HD13,13,5.788695384615385
LEU,HD21,11,1.105080609006262
LEU,HD22,11,1.105080609006262
LEU,HD23,11,1.105080609006262
TRP,HE1,5,0.3447979126336144
VAL,HG11,13,7.876022091281068
VAL,HG12,13,7.876022091281068
VAL,HG13,13,7.876022091281068
VAL,HG21,10,3.0927930192473427
VAL,HG22,10,3.0927930192473427
VAL,HG23,10,3.0927930192473427
