atomtype,Entries used,mean_red_ChiSq
C,157,0.6837766191417004
CA,157,1.0577185735629475
CB,144,1.8894888333333317
H,157,0.7955892494824194
N,157,0.6709829443173803
