residue,atomtype,Entries used,mean_red_ChiSq
ILE,HD11,4,1.0361848187869824
ILE,HD12,4,1.0361848187869824
ILE,HD13,4,1.0361848187869824
LEU,HD11,13,0.5664467692307693
LEU,HD12,13,0.5664467692307693
LEU,HD13,13,0.5664467692307693
LEU,HD21,13,2.0952605940588636
LEU,HD22,13,2.0952605940588636
LEU,HD23,13,2.0952605940588636
TRP,HE1,5,0.608952781752378
VAL,HG11,13,1.116372273023509
VAL,HG12,13,1.116372273023509
VAL,HG13,13,1.116372273023509
VAL,HG21,13,4.1140090159768405
VAL,HG22,13,4.1140090159768405
VAL,HG23,13,4.1140090159768405
