atomtype,Entries used,mean_red_ChiSq
C,157,0.6868434477471091
CA,157,1.085231115829207
CB,144,1.9060977500000007
H,157,0.782322963350821
N,157,0.6713923716562475
