residue,atomtype,Entries used,mean_red_ChiSq
ILE,HD11,4,1.043535040680473
ILE,HD12,4,1.043535040680473
ILE,HD13,4,1.043535040680473
LEU,HD11,13,0.6513513846153847
LEU,HD12,13,0.6513513846153847
LEU,HD13,13,0.6513513846153847
LEU,HD21,13,2.212794629394533
LEU,HD22,13,2.212794629394533
LEU,HD23,13,2.212794629394533
TRP,HE1,5,0.6237912633616695
VAL,HG11,13,0.9788056733204782
VAL,HG12,13,0.9788056733204782
VAL,HG13,13,0.9788056733204782
VAL,HG21,13,3.8774970720173245
VAL,HG22,13,3.8774970720173245
VAL,HG23,13,3.8774970720173245
