atomtype,Entries used,mean_red_ChiSq
C,158,0.5324589230250812
CA,162,1.4387049992379197
CB,150,0.5008055400000002
H,156,0.9304997850535978
HA,151,0.8975298933039001
N,156,0.9269688728779634
