residue,atomtype,Entries used,mean_red_ChiSq
ARG,HB2,1,0.017865895500441317
ARG,HB3,1,0.23059013822174182
ARG,HD2,1,0.02938775510204015
ARG,HD3,1,0.02938775510204015
ARG,HG2,1,0.006744614810147362
ARG,HG3,1,0.006744614810147362
GLN,HB2,1,2.017691115702479
GLN,HB3,1,2.017691115702479
GLN,HG2,1,0.13154715562834007
GLN,HG3,1,0.13154715562834007
GLU,HB2,1,0.27309053069719014
GLU,HB3,1,0.27309053069719014
GLU,HG2,1,0.5971074380165299
GLU,HG3,1,0.5971074380165299
ILE,HD11,4,2.1750762758875735
ILE,HD12,4,2.1750762758875735
ILE,HD13,4,2.1750762758875735
LEU,HD11,13,5.539248000000001
LEU,HD12,13,5.539248000000001
LEU,HD13,13,5.539248000000001
LEU,HD21,11,1.4080396983777854
LEU,HD22,11,1.4080396983777854
LEU,HD23,11,1.4080396983777854
TRP,HE1,5,0.4444171366046617
VAL,HG11,13,7.1998612576173935
VAL,HG12,13,7.1998612576173935
VAL,HG13,13,7.1998612576173935
VAL,HG21,10,2.9305264291870143
VAL,HG22,10,2.9305264291870143
VAL,HG23,10,2.9305264291870143
