atomtype,Entries used,mean_red_ChiSq
C,159,0.577909038575396
CA,159,3.5126328208711888
CB,145,5.76070455172414
H,161,1.5321636674516026
HA,2,0.10125868055555523
N,159,1.795487848933082
