atomtype,entries_used,mean_red_ChiSq
C,159,0.49822865711623643
CA,162,1.406623578722757
CB,150,0.4880138599999999
H,156,1.0201634979406744
HA,151,1.0287095290654895
N,156,0.8855082904108889
