atomtype,entries_used,mean_red_ChiSq
C,158,0.49395622423914
CA,162,1.348995336076816
CB,150,0.5433639466666665
H,156,0.9439801833284803
HA,150,0.9369421296296291
N,156,0.8473208801780236
