residue,atomtype,Entries used,mean_red_ChiSq
ILE,CD,4,0.2081758406963646
ILE,CG2,4,0.2835720049018387
LEU,CD1,13,1.2481509083490079
LEU,CD2,13,1.1686055505142148
THR,CG2,6,3.23359448982008
VAL,CG1,13,1.084072044044034
VAL,CG2,13,1.289475141515093
