atomtype,entries_used,mean_red_ChiSq
C,157,0.5745826974964614
CA,157,1.2022170244554526
CB,144,1.5851378333333328
H,157,0.7838344017940494
N,157,0.7375949657643756
