residue,atomtype,entries_used,mean_red_ChiSq
ILE,HD11,4,1.4459596893491118
ILE,HD12,4,1.4459596893491118
ILE,HD13,4,1.4459596893491118
LEU,HD11,12,0.5328933333333333
LEU,HD12,12,0.5328933333333333
LEU,HD13,12,0.5328933333333333
LEU,HD21,13,2.0241701896885362
LEU,HD22,13,2.0241701896885362
LEU,HD23,13,2.0241701896885362
TRP,HE1,5,0.6004955811800349
VAL,HG11,13,0.7623171657585145
VAL,HG12,13,0.7623171657585145
VAL,HG13,13,0.7623171657585145
VAL,HG21,13,2.200771219587651
VAL,HG22,13,2.200771219587651
VAL,HG23,13,2.200771219587651
