atomtype,Entries used,mean_red_ChiSq
C,159,0.5308592233480882
CA,162,1.0818137936290204
CB,150,0.5352837800000007
H,156,0.7165424137787577
HA,150,0.9352562499999997
N,155,0.737891256813753
