residue,atomtype,Entries used,mean_red_ChiSq
ILE,HD11,4,1.2824808154585796
ILE,HD12,4,1.2824808154585796
ILE,HD13,4,1.2824808154585796
LEU,HD11,13,0.618561230769231
LEU,HD12,13,0.618561230769231
LEU,HD13,13,0.618561230769231
LEU,HD21,13,2.2059252503091633
LEU,HD22,13,2.2059252503091633
LEU,HD23,13,2.2059252503091633
TRP,HE1,5,0.6189970541200229
VAL,HG11,13,0.9332877577484096
VAL,HG12,13,0.9332877577484096
VAL,HG13,13,0.9332877577484096
VAL,HG21,13,3.834371478134046
VAL,HG22,13,3.834371478134046
VAL,HG23,13,3.834371478134046
