atomtype,Entries used,mean_red_ChiSq
C,156,0.6361248522327098
CA,157,0.9354208932924438
CB,144,1.8120684583333333
H,156,0.710959319659969
N,157,0.651780452982372
