atomtype,Entries used,mean_red_ChiSq
C,159,0.5948192824801996
CA,162,1.5810718564243254
CB,149,0.5405543557046987
H,156,0.9770265632150438
HA,151,1.0735529341427519
N,156,0.924056655225485
