atomtype,Entries used,mean_red_ChiSq
C,158,0.5646159983493511
CA,162,1.4840614769090061
CB,150,0.5393034933333337
H,156,1.0748372301035904
HA,151,0.9634342807211186
N,156,1.0164904455813544
