residue,atomtype,Entries used,mean_red_ChiSq
ILE,HD11,4,0.4634222448224852
ILE,HD12,4,0.4634222448224852
ILE,HD13,4,0.4634222448224852
LEU,HD11,13,0.4719360000000001
LEU,HD12,13,0.4719360000000001
LEU,HD13,13,0.4719360000000001
LEU,HD21,13,1.839326921365056
LEU,HD22,13,1.839326921365056
LEU,HD23,13,1.839326921365056
TRP,HE1,5,0.5971625284066973
VAL,HG11,13,0.6996529760744976
VAL,HG12,13,0.6996529760744976
VAL,HG13,13,0.6996529760744976
VAL,HG21,13,3.4507560272247138
VAL,HG22,13,3.4507560272247138
VAL,HG23,13,3.4507560272247138
