atomtype,Entries used,mean_red_ChiSq
C,157,0.5341517966845561
CA,157,1.0323526382008317
CB,144,1.5392543124999998
H,157,0.6527555607610237
N,157,0.5963057480015043
