residue,atomtype,Entries used,mean_red_ChiSq
ILE,HD11,4,1.2293303901627217
ILE,HD12,4,1.2293303901627217
ILE,HD13,4,1.2293303901627217
LEU,HD11,13,0.8738436923076921
LEU,HD12,13,0.8738436923076921
LEU,HD13,13,0.8738436923076921
LEU,HD21,13,2.7786296026962587
LEU,HD22,13,2.7786296026962587
LEU,HD23,13,2.7786296026962587
TRP,HE1,5,0.594090733103275
VAL,HG11,13,0.8670592661770934
VAL,HG12,13,0.8670592661770934
VAL,HG13,13,0.8670592661770934
VAL,HG21,13,3.6095396990254787
VAL,HG22,13,3.6095396990254787
VAL,HG23,13,3.6095396990254787
