atomtype,Entries used,mean_red_ChiSq
C,156,0.6476981101861755
CA,157,1.1512526382008348
CB,144,1.7578203541666668
H,157,0.7943485030641453
N,157,0.756355722475336
