residue,atomtype,entries_used,mean_red_ChiSq
ILE,HD11,4,1.124895987426035
ILE,HD12,4,1.124895987426035
ILE,HD13,4,1.124895987426035
LEU,HD11,13,0.5807655384615384
LEU,HD12,13,0.5807655384615384
LEU,HD13,13,0.5807655384615384
LEU,HD21,13,2.320657302070537
LEU,HD22,13,2.320657302070537
LEU,HD23,13,2.320657302070537
TRP,HE1,5,0.6329103610807163
VAL,HG11,13,0.8085187151044431
VAL,HG12,13,0.8085187151044431
VAL,HG13,13,0.8085187151044431
VAL,HG21,13,3.8981227763905144
VAL,HG22,13,3.8981227763905144
VAL,HG23,13,3.8981227763905144
