atomtype,entries_used,mean_red_ChiSq
C,157,0.5803770205482822
CA,157,1.0026209404733826
CB,143,1.696962678321678
H,157,0.7528125032294953
N,157,0.7072602990065154
