atomtype,Entries used,mean_red_ChiSq
C,159,0.6792021865779565
CA,159,3.9016504542278097
CB,145,5.779738103448277
H,161,1.370470457423687
HA,2,0.8357118055555545
N,159,1.4978785203288996
