residue,atomtype,Entries used,mean_red_ChiSq
ARG,HB2,1,0.06884129006960087
ARG,HB3,1,0.7677923732967343
ARG,HD2,1,0.021791383219954847
ARG,HD3,1,0.021791383219954847
ARG,HG2,1,0.035496744381432736
ARG,HG3,1,0.035496744381432736
GLN,HB2,1,9.068310950413222
GLN,HB3,1,9.068310950413222
GLN,HG2,1,3.44073666407152
GLN,HG3,1,3.44073666407152
GLU,HB2,1,0.002663891779396467
GLU,HB3,1,0.002663891779396467
GLU,HG2,1,0.7458677685950424
GLU,HG3,1,0.7458677685950424
ILE,HD11,4,3.601140671227809
ILE,HD12,4,3.601140671227809
ILE,HD13,4,3.601140671227809
LEU,HD11,13,6.95147323076923
LEU,HD12,13,6.95147323076923
LEU,HD13,13,6.95147323076923
LEU,HD21,11,0.7948561079469588
LEU,HD22,11,0.7948561079469588
LEU,HD23,11,0.7948561079469588
TRP,HE1,5,0.2797771231377836
VAL,HG11,13,8.142645981845913
VAL,HG12,13,8.142645981845913
VAL,HG13,13,8.142645981845913
VAL,HG21,10,3.49324906636024
VAL,HG22,10,3.49324906636024
VAL,HG23,10,3.49324906636024
