residue,atomtype,Entries used,mean_red_ChiSq
ILE,HD11,4,0.4447462093195268
ILE,HD12,4,0.4447462093195268
ILE,HD13,4,0.4447462093195268
LEU,HD11,13,0.4634264615384615
LEU,HD12,13,0.4634264615384615
LEU,HD13,13,0.4634264615384615
LEU,HD21,13,1.7908605485916818
LEU,HD22,13,1.7908605485916818
LEU,HD23,13,1.7908605485916818
TRP,HE1,5,0.5928524534971782
VAL,HG11,13,0.7038001303439335
VAL,HG12,13,0.7038001303439335
VAL,HG13,13,0.7038001303439335
VAL,HG21,13,3.470217444147349
VAL,HG22,13,3.470217444147349
VAL,HG23,13,3.470217444147349
