atomtype,Entries used,mean_red_ChiSq
C,157,0.527105289671306
CA,157,1.0023920578752847
CB,144,1.5288113402777779
H,157,0.6523849007726674
N,157,0.6017031475431669
