residue,atomtype,Entries used,mean_red_ChiSq
ILE,HD11,4,0.4575224204881658
ILE,HD12,4,0.4575224204881658
ILE,HD13,4,0.4575224204881658
LEU,HD11,13,0.4603507692307692
LEU,HD12,13,0.4603507692307692
LEU,HD13,13,0.4603507692307692
LEU,HD21,13,1.8051402566704604
LEU,HD22,13,1.8051402566704604
LEU,HD23,13,1.8051402566704604
TRP,HE1,5,0.5910216311758242
VAL,HG11,13,0.7032676686576592
VAL,HG12,13,0.7032676686576592
VAL,HG13,13,0.7032676686576592
VAL,HG21,13,3.4601255717852957
VAL,HG22,13,3.4601255717852957
VAL,HG23,13,3.4601255717852957
