atomtype,Entries used,mean_red_ChiSq
C,157,0.5333334899887942
CA,157,1.0279820633797285
CB,144,1.5377209305555546
H,157,0.6531639412593482
N,157,0.5964702900338602
