atomtype,entries_used,mean_red_ChiSq
C,158,0.484918035288718
CA,162,1.34220468678555
CB,150,0.5398726866666667
H,156,0.936734756139839
HA,151,0.9146347268211912
N,156,0.8233715010338384
