residue,atomtype,entries_used,mean_red_ChiSq
ILE,HD11,4,1.7163634892751471
ILE,HD12,4,1.7163634892751471
ILE,HD13,4,1.7163634892751471
LEU,HD11,13,0.5095815384615385
LEU,HD12,13,0.5095815384615385
LEU,HD13,13,0.5095815384615385
LEU,HD21,13,2.1239994138568083
LEU,HD22,13,2.1239994138568083
LEU,HD23,13,2.1239994138568083
TRP,HE1,5,0.6130945206632411
VAL,HG11,13,0.8963916902383147
VAL,HG12,13,0.8963916902383147
VAL,HG13,13,0.8963916902383147
VAL,HG21,13,3.7374248668596555
VAL,HG22,13,3.7374248668596555
VAL,HG23,13,3.7374248668596555
