atomtype,entries_used,mean_red_ChiSq
C,157,0.5353439877476991
CA,157,1.1940895415585433
CB,144,1.686792999999999
H,157,0.772774128208396
N,157,0.6737870975450588
