atomtype,entries_used,mean_red_ChiSq
C,158,0.46866675640236727
CA,161,1.3187515834675263
CB,150,0.5236336933333334
H,156,0.9272494834352597
HA,151,0.902309947571744
N,156,0.8364431492028885
