atomtype,entries_used,mean_red_ChiSq
C,158,0.49083487776410484
CA,162,1.3414150129553428
CB,150,0.5399691666666665
H,156,0.9378962987616314
HA,150,0.9305024305555553
N,156,0.8379423198254364
