atomtype,Entries used,mean_red_ChiSq
C,157,0.6365090006241653
CA,157,1.1289323503971056
CB,144,1.7281860069444437
H,157,0.769921355320314
N,157,0.7380916117916696
