residue,atomtype,Entries used,mean_red_ChiSq
ILE,HD11,4,1.340381148298816
ILE,HD12,4,1.340381148298816
ILE,HD13,4,1.340381148298816
LEU,HD11,13,0.860043076923077
LEU,HD12,13,0.860043076923077
LEU,HD13,13,0.860043076923077
LEU,HD21,13,2.792101309646575
LEU,HD22,13,2.792101309646575
LEU,HD23,13,2.792101309646575
TRP,HE1,5,0.5862738826698087
VAL,HG11,13,0.8600683969711833
VAL,HG12,13,0.8600683969711833
VAL,HG13,13,0.8600683969711833
VAL,HG21,13,3.3726438026208196
VAL,HG22,13,3.3726438026208196
VAL,HG23,13,3.3726438026208196
