atomtype,Entries used,mean_red_ChiSq
C,157,0.6448077192439252
CA,157,0.9411584257293386
CB,144,1.8281449374999978
H,157,0.7117881588601856
N,157,0.6244950181297272
