residue,atomtype,Entries used,mean_red_ChiSq
ILE,HD11,4,1.2807299371301772
ILE,HD12,4,1.2807299371301772
ILE,HD13,4,1.2807299371301772
LEU,HD11,13,0.6202461538461539
LEU,HD12,13,0.6202461538461539
LEU,HD13,13,0.6202461538461539
LEU,HD21,13,2.151316699466035
LEU,HD22,13,2.151316699466035
LEU,HD23,13,2.151316699466035
TRP,HE1,5,0.6256422860028613
VAL,HG11,13,1.0577914093941698
VAL,HG12,13,1.0577914093941698
VAL,HG13,13,1.0577914093941698
VAL,HG21,13,4.05537754403023
VAL,HG22,13,4.05537754403023
VAL,HG23,13,4.05537754403023
