atomtype,Entries used,mean_red_ChiSq
C,157,0.620568032702288
CA,157,0.9093335535110485
CB,144,1.790837659722221
H,157,0.7074437895505583
N,157,0.6400777590255625
