residue,atomtype,Entries used,mean_red_ChiSq
ILE,HD11,4,1.1867314626479286
ILE,HD12,4,1.1867314626479286
ILE,HD13,4,1.1867314626479286
LEU,HD11,13,0.5738412307692308
LEU,HD12,13,0.5738412307692308
LEU,HD13,13,0.5738412307692308
LEU,HD21,13,2.162382206445658
LEU,HD22,13,2.162382206445658
LEU,HD23,13,2.162382206445658
TRP,HE1,5,0.5996175406110602
VAL,HG11,13,0.7088492780692974
VAL,HG12,13,0.7088492780692974
VAL,HG13,13,0.7088492780692974
VAL,HG21,13,3.43698207853623
VAL,HG22,13,3.43698207853623
VAL,HG23,13,3.43698207853623
