residue,atomtype,entries_used,mean_red_ChiSq
ILE,HD11,4,1.2763845229289938
ILE,HD12,4,1.2763845229289938
ILE,HD13,4,1.2763845229289938
LEU,HD11,13,0.41342400000000007
LEU,HD12,13,0.41342400000000007
LEU,HD13,13,0.41342400000000007
LEU,HD21,13,1.8326615968019597
LEU,HD22,13,1.8326615968019597
LEU,HD23,13,1.8326615968019597
TRP,HE1,5,0.6345822742193394
VAL,HG11,13,0.7068907596901308
VAL,HG12,13,0.7068907596901308
VAL,HG13,13,0.7068907596901308
VAL,HG21,13,2.851476697677502
VAL,HG22,13,2.851476697677502
VAL,HG23,13,2.851476697677502
