atomtype,entries_used,mean_red_ChiSq
C,157,0.5768594051024213
CA,157,1.1773707478178816
CB,144,1.6510318124999999
H,157,0.746520722166914
N,157,0.7022428568205722
