residue,atomtype,Entries used,mean_red_ChiSq
ILE,CD,4,0.18174271342983067
ILE,CG2,4,0.48279084969302705
LEU,CD1,13,1.273211953143279
LEU,CD2,13,1.125424627486915
THR,CG2,6,3.2532700047348544
VAL,CG1,13,1.1516574350654873
VAL,CG2,13,1.354252997643673
