atomtype,Entries used,mean_red_ChiSq
C,158,0.5366653786236117
CA,162,1.4537430574607528
CB,150,0.506243566666667
H,156,0.93348819874915
HA,151,0.9034147350993378
N,156,0.9427509311275551
