atomtype,entries_used,mean_red_ChiSq
C,158,0.5482408811435389
CA,162,2.0066346441091283
CB,150,0.7924677933333334
H,156,1.2352335982027716
HA,150,1.4967843749999998
N,156,1.1740708233565385
