atomtype,Entries used,mean_red_ChiSq
C,158,0.5296724952140951
CA,162,1.4935826169791184
CB,150,0.5475393866666677
H,156,0.9258421738708389
HA,151,0.9514453412435616
N,156,1.0145460467863068
