atomtype,entries_used,mean_red_ChiSq
C,158,0.46253959664107647
CA,162,1.2973438195397031
CB,150,0.5236143733333337
H,155,0.928502276731974
HA,151,0.8902528283664459
N,156,0.8302440957311098
