atomtype,Entries used,mean_red_ChiSq
C,159,0.6592357744438657
CA,159,3.7268094339622646
CB,145,5.862444537931034
H,161,1.3519166982992326
HA,2,0.5341059027777765
N,159,1.5415906948742024
