residue,atomtype,Entries used,mean_red_ChiSq
ARG,HB2,1,0.002965395549455882
ARG,HB3,1,0.3129350063719243
ARG,HD2,1,0.02469387755102029
ARG,HD3,1,0.02469387755102029
ARG,HG2,1,0.0011435506079488095
ARG,HG3,1,0.0011435506079488095
GLN,HB2,1,4.91025309917355
GLN,HB3,1,4.91025309917355
GLN,HG2,1,0.9287766114526558
GLN,HG3,1,0.9287766114526558
GLU,HB2,1,0.06330905306971951
GLU,HB3,1,0.06330905306971951
GLU,HG2,1,0.7263688016528916
GLU,HG3,1,0.7263688016528916
ILE,HD11,4,2.2297637758875744
ILE,HD12,4,2.2297637758875744
ILE,HD13,4,2.2297637758875744
LEU,HD11,13,7.03245046153846
LEU,HD12,13,7.03245046153846
LEU,HD13,13,7.03245046153846
LEU,HD21,11,0.8504238021943521
LEU,HD22,11,0.8504238021943521
LEU,HD23,11,0.8504238021943521
TRP,HE1,5,0.5919919198720629
VAL,HG11,13,9.944902813144582
VAL,HG12,13,9.944902813144582
VAL,HG13,13,9.944902813144582
VAL,HG21,10,4.104644857799482
VAL,HG22,10,4.104644857799482
VAL,HG23,10,4.104644857799482
