atomtype,Entries used,mean_red_ChiSq
C,158,0.5473073948322004
CA,162,1.4808906492912672
CB,150,0.5298117733333338
H,156,1.0557805674585015
HA,151,0.9673016694260484
N,156,0.9996818597467947
