residue,atomtype,Entries used,mean_red_ChiSq
ILE,HD11,4,1.3307542067307687
ILE,HD12,4,1.3307542067307687
ILE,HD13,4,1.3307542067307687
LEU,HD11,13,0.637995076923077
LEU,HD12,13,0.637995076923077
LEU,HD13,13,0.637995076923077
LEU,HD21,13,2.213671105194899
LEU,HD22,13,2.213671105194899
LEU,HD23,13,2.213671105194899
TRP,HE1,5,0.6345869876273037
VAL,HG11,13,1.0537887084528714
VAL,HG12,13,1.0537887084528714
VAL,HG13,13,1.0537887084528714
VAL,HG21,13,4.06169342364042
VAL,HG22,13,4.06169342364042
VAL,HG23,13,4.06169342364042
