atomtype,Entries used,mean_red_ChiSq
C,157,0.623071964447196
CA,157,0.920781630887788
CB,144,1.8143889791666672
H,157,0.675793973674873
N,157,0.5957491796353576
