atomtype,Entries used,mean_red_ChiSq
C,159,0.6185248393702952
CA,159,3.477106786241168
CB,145,5.893893889655175
H,161,1.361755355421262
HA,2,0.2677777777777783
N,159,1.4794571754581556
