residue,atomtype,Entries used,mean_red_ChiSq
ARG,HB2,1,0.01296441525340668
ARG,HB3,1,0.24999999999999886
ARG,HD2,1,0.005102040816326313
ARG,HD3,1,0.005102040816326313
ARG,HG2,1,0.04315153212443727
ARG,HG3,1,0.04315153212443727
GLN,HB2,1,2.0338649276859484
GLN,HB3,1,2.0338649276859484
GLN,HG2,1,0.10996268356197501
GLN,HG3,1,0.10996268356197501
GLU,HB2,1,0.24041623309053112
GLU,HB3,1,0.24041623309053112
GLU,HG2,1,0.51252582644628
GLU,HG3,1,0.51252582644628
ILE,HD11,4,1.7654516457100586
ILE,HD12,4,1.7654516457100586
ILE,HD13,4,1.7654516457100586
LEU,HD11,13,4.392201846153847
LEU,HD12,13,4.392201846153847
LEU,HD13,13,4.392201846153847
LEU,HD21,11,2.2360214871030446
LEU,HD22,11,2.2360214871030446
LEU,HD23,11,2.2360214871030446
TRP,HE1,5,4.461781331537745
VAL,HG11,13,5.584266681000021
VAL,HG12,13,5.584266681000021
VAL,HG13,13,5.584266681000021
VAL,HG21,10,3.6335356219477157
VAL,HG22,10,3.6335356219477157
VAL,HG23,10,3.6335356219477157
