atomtype,Entries used,mean_red_ChiSq
C,158,0.5294151552000308
CA,162,1.4876370980033518
CB,150,0.5455926800000004
H,156,0.9218575182704442
HA,150,0.9563474537037036
N,156,1.0166743009275478
