residue,atomtype,entries_used,mean_red_ChiSq
ILE,HD11,4,1.1803231323964498
ILE,HD12,4,1.1803231323964498
ILE,HD13,4,1.1803231323964498
LEU,HD11,13,0.6181132307692306
LEU,HD12,13,0.6181132307692306
LEU,HD13,13,0.6181132307692306
LEU,HD21,13,2.1690064462056133
LEU,HD22,13,2.1690064462056133
LEU,HD23,13,2.1690064462056133
TRP,HE1,5,0.6381058833431508
VAL,HG11,13,0.8038357397690091
VAL,HG12,13,0.8038357397690091
VAL,HG13,13,0.8038357397690091
VAL,HG21,13,3.7460776081143785
VAL,HG22,13,3.7460776081143785
VAL,HG23,13,3.7460776081143785
