atomtype,entries_used,mean_red_ChiSq
C,156,0.5760357034217717
CA,157,0.9066045844145614
CB,144,1.8103407291666633
H,157,0.6808625767758781
N,157,0.6157922560155992
