residue,atomtype,Entries used,mean_red_ChiSq
ILE,HD11,4,0.6961561575443788
ILE,HD12,4,0.6961561575443788
ILE,HD13,4,0.6961561575443788
LEU,HD11,13,0.9067396923076925
LEU,HD12,13,0.9067396923076925
LEU,HD13,13,0.9067396923076925
LEU,HD21,13,2.8383093877405687
LEU,HD22,13,2.8383093877405687
LEU,HD23,13,2.8383093877405687
TRP,HE1,5,0.6842541873579645
VAL,HG11,13,0.5713498659607491
VAL,HG12,13,0.5713498659607491
VAL,HG13,13,0.5713498659607491
VAL,HG21,13,3.248292930855413
VAL,HG22,13,3.248292930855413
VAL,HG23,13,3.248292930855413
