atomtype,Entries used,mean_red_ChiSq
C,157,0.5760828086911253
CA,157,1.225556074545883
CB,144,1.5883114097222215
H,157,0.6559313865646085
N,157,0.5939255619427671
