atomtype,Entries used,mean_red_ChiSq
C,159,0.6746781097134876
CA,159,3.5172264927401207
CB,145,6.149555537931038
H,161,1.3832877264527748
HA,2,0.15918402777777707
N,159,1.7867625096368043
