residue,atomtype,Entries used,mean_red_ChiSq
ARG,HB2,1,0.002450740123517307
ARG,HB3,1,0.318498186452308
ARG,HD2,1,0.015328798185941335
ARG,HD3,1,0.015328798185941335
ARG,HG2,1,0.005250997689560949
ARG,HG3,1,0.005250997689560949
GLN,HB2,1,3.536964101239668
GLN,HB3,1,3.536964101239668
GLN,HG2,1,0.46071035464039456
GLN,HG3,1,0.46071035464039456
GLU,HB2,1,0.10405827263267448
GLU,HB3,1,0.10405827263267448
GLU,HG2,1,0.5289256198347116
GLU,HG3,1,0.5289256198347116
ILE,HD11,4,3.5139087925295858
ILE,HD12,4,3.5139087925295858
ILE,HD13,4,3.5139087925295858
LEU,HD11,13,6.119821538461538
LEU,HD12,13,6.119821538461538
LEU,HD13,13,6.119821538461538
LEU,HD21,11,1.5307586358699963
LEU,HD22,11,1.5307586358699963
LEU,HD23,11,1.5307586358699963
TRP,HE1,5,0.6231004124231964
VAL,HG11,13,7.658132722374142
VAL,HG12,13,7.658132722374142
VAL,HG13,13,7.658132722374142
VAL,HG21,10,3.31631176386096
VAL,HG22,10,3.31631176386096
VAL,HG23,10,3.31631176386096
