atomtype,entries_used,mean_red_ChiSq
C,157,0.5393343095118724
CA,157,1.2447840371156735
CB,144,1.683377701388889
H,155,0.7872366231092653
N,157,0.7045137106622759
