residue,atomtype,entries_used,mean_red_ChiSq
ILE,HD11,4,1.8726712740384612
ILE,HD12,4,1.8726712740384612
ILE,HD13,4,1.8726712740384612
LEU,HD11,13,0.7843015384615384
LEU,HD12,13,0.7843015384615384
LEU,HD13,13,0.7843015384615384
LEU,HD21,13,2.8929918912293533
LEU,HD22,13,2.8929918912293533
LEU,HD23,13,2.8929918912293533
TRP,HE1,5,0.6266233482030114
VAL,HG11,13,0.7894643133091909
VAL,HG12,13,0.7894643133091909
VAL,HG13,13,0.7894643133091909
VAL,HG21,13,3.264789074757474
VAL,HG22,13,3.264789074757474
VAL,HG23,13,3.264789074757474
