atomtype,entries_used,mean_red_ChiSq
C,158,0.5006535444991405
CA,161,1.4507261866421273
CB,150,0.5484386200000002
H,156,1.0245724300037444
HA,151,1.1052231650110382
N,156,0.9076978300679596
