atomtype,Entries used,mean_red_ChiSq
C,159,0.5785600650768712
CA,159,3.4943901234567902
CB,145,5.75027151724138
H,161,1.3554290887469818
HA,2,0.2938628472222212
N,159,1.5242974817662382
