residue,atomtype,Entries used,mean_red_ChiSq
ARG,HB2,1,0.031761592000783906
ARG,HB3,1,0.18978531516518027
ARG,HD2,1,0.05444444444444332
ARG,HD3,1,0.05444444444444332
ARG,HG2,1,0.022427594576302712
ARG,HG3,1,0.022427594576302712
GLN,HB2,1,2.099205836776857
GLN,HB3,1,2.099205836776857
GLN,HG2,1,0.12781551182582226
GLN,HG3,1,0.12781551182582226
GLU,HB2,1,0.3078459937565042
GLU,HB3,1,0.3078459937565042
GLU,HG2,1,0.48050103305785025
GLU,HG3,1,0.48050103305785025
ILE,HD11,4,1.81891410872781
ILE,HD12,4,1.81891410872781
ILE,HD13,4,1.81891410872781
LEU,HD11,13,4.947177846153846
LEU,HD12,13,4.947177846153846
LEU,HD13,13,4.947177846153846
LEU,HD21,11,1.9419851454781758
LEU,HD22,11,1.9419851454781758
LEU,HD23,11,1.9419851454781758
TRP,HE1,5,2.051943102432451
VAL,HG11,13,6.014986192949336
VAL,HG12,13,6.014986192949336
VAL,HG13,13,6.014986192949336
VAL,HG21,10,3.0677678827923
VAL,HG22,10,3.0677678827923
VAL,HG23,10,3.0677678827923
