atomtype,entries_used,mean_red_ChiSq
C,159,0.5211781139597405
CA,162,1.306130147843315
CB,150,0.4900556733333337
H,156,0.9402773848649989
HA,151,1.0215042080573946
N,156,0.8437043884446478
