residue,atomtype,Entries used,mean_red_ChiSq
ARG,HB2,1,0.0006126850308792995
ARG,HB3,1,0.34704930889128516
ARG,HD2,1,0.015328798185940287
ARG,HD3,1,0.015328798185940287
ARG,HG2,1,0.0011435506079488095
ARG,HG3,1,0.0011435506079488095
GLN,HB2,1,4.348172778925619
GLN,HB3,1,4.348172778925619
GLN,HG2,1,0.7397782490805154
GLN,HG3,1,0.7397782490805154
GLU,HB2,1,0.0919458896982316
GLU,HB3,1,0.0919458896982316
GLU,HG2,1,0.6418194731404958
GLU,HG3,1,0.6418194731404958
ILE,HD11,4,2.255379761464497
ILE,HD12,4,2.255379761464497
ILE,HD13,4,2.255379761464497
LEU,HD11,13,7.057720615384615
LEU,HD12,13,7.057720615384615
LEU,HD13,13,7.057720615384615
LEU,HD21,11,0.8617904732309477
LEU,HD22,11,0.8617904732309477
LEU,HD23,11,0.8617904732309477
TRP,HE1,5,0.5932908004376722
VAL,HG11,13,10.10777897968919
VAL,HG12,13,10.10777897968919
VAL,HG13,13,10.10777897968919
VAL,HG21,10,4.1231183567940235
VAL,HG22,10,4.1231183567940235
VAL,HG23,10,4.1231183567940235
