atomtype,Entries used,mean_red_ChiSq
C,159,0.6659419615993099
CA,159,3.778600823045269
CB,145,5.847704441379312
H,161,1.3453917679188678
HA,2,0.5743836805555533
N,159,1.5564919730908455
