atomtype,Entries used,mean_red_ChiSq
C,157,0.6615830986573096
CA,157,0.9706148855862238
CB,144,1.8225383680555542
H,157,0.7794244435794175
N,157,0.6611261773400904
