residue,atomtype,Entries used,mean_red_ChiSq
ILE,HD11,4,1.6900540865384612
ILE,HD12,4,1.6900540865384612
ILE,HD13,4,1.6900540865384612
LEU,HD11,13,0.49876430769230784
LEU,HD12,13,0.49876430769230784
LEU,HD13,13,0.49876430769230784
LEU,HD21,13,1.9089656626910274
LEU,HD22,13,1.9089656626910274
LEU,HD23,13,1.9089656626910274
TRP,HE1,5,0.6976045787391614
VAL,HG11,13,0.742980576066435
VAL,HG12,13,0.742980576066435
VAL,HG13,13,0.742980576066435
VAL,HG21,13,3.7360893200450787
VAL,HG22,13,3.7360893200450787
VAL,HG23,13,3.7360893200450787
