residue,atomtype,Entries used,mean_red_ChiSq
ARG,HB2,1,0.08244289775512158
ARG,HB3,1,0.8117831585138688
ARG,HD2,1,0.020408163265306464
ARG,HD3,1,0.020408163265306464
ARG,HG2,1,0.03369973628322721
ARG,HG3,1,0.03369973628322721
GLN,HB2,1,8.864152892561982
GLN,HB3,1,8.864152892561982
GLN,HG2,1,3.6356412252677894
GLN,HG3,1,3.6356412252677894
GLU,HB2,1,0.0003746097814776559
GLU,HB3,1,0.0003746097814776559
GLU,HG2,1,0.765624999999999
GLU,HG3,1,0.765624999999999
ILE,HD11,4,3.521155001849112
ILE,HD12,4,3.521155001849112
ILE,HD13,4,3.521155001849112
LEU,HD11,13,6.866107076923077
LEU,HD12,13,6.866107076923077
LEU,HD13,13,6.866107076923077
LEU,HD21,11,0.8048195462071444
LEU,HD22,11,0.8048195462071444
LEU,HD23,11,0.8048195462071444
TRP,HE1,5,0.2648484134332132
VAL,HG11,13,7.85267608188824
VAL,HG12,13,7.85267608188824
VAL,HG13,13,7.85267608188824
VAL,HG21,10,3.4963588049411087
VAL,HG22,10,3.4963588049411087
VAL,HG23,10,3.4963588049411087
