atomtype,Entries used,mean_red_ChiSq
C,159,0.6805422951121991
CA,159,3.943902399254601
CB,145,5.756072351724138
H,161,1.416316524963972
HA,2,0.8732031249999971
N,159,1.5007398449790015
