residue,atomtype,entries_used,mean_red_ChiSq
ILE,HD11,4,1.0269161427514792
ILE,HD12,4,1.0269161427514792
ILE,HD13,4,1.0269161427514792
LEU,HD11,13,0.6574486153846154
LEU,HD12,13,0.6574486153846154
LEU,HD13,13,0.6574486153846154
LEU,HD21,13,2.4086869707763796
LEU,HD22,13,2.4086869707763796
LEU,HD23,13,2.4086869707763796
TRP,HE1,5,0.617752041073981
VAL,HG11,13,0.7856934095688574
VAL,HG12,13,0.7856934095688574
VAL,HG13,13,0.7856934095688574
VAL,HG21,13,3.857654464897354
VAL,HG22,13,3.857654464897354
VAL,HG23,13,3.857654464897354
