atomtype,entries_used,mean_red_ChiSq
C,157,0.6003476952602815
CA,157,0.9118489738145787
CB,144,1.766772395833333
H,156,0.676738881724009
N,157,0.6822427995254532
