atomtype,ChiSq
C,0.6364147751988577
CA,2.762433010191399
CB,3.1238261851851843
H,1.224173403199869
HA,0.5358506944444422
N,1.3791265370015462
