atomtype,Entries used,mean_red_ChiSq
C,159,0.5665465856481473
CA,162,1.4130206904435298
CB,150,0.4936859933333338
H,156,0.9963247285434943
HA,151,1.0152672001471672
N,156,0.9441832926573185
