atomtype,Entries used,mean_red_ChiSq
C,157,0.5647244000402992
CA,157,1.1289041991035615
CB,144,1.5323967152777764
H,157,0.6341028891499275
N,157,0.603196063777584
