residue,atomtype,Entries used,mean_red_ChiSq
ILE,HD11,4,0.5047730214497042
ILE,HD12,4,0.5047730214497042
ILE,HD13,4,0.5047730214497042
LEU,HD11,13,0.5523261538461539
LEU,HD12,13,0.5523261538461539
LEU,HD13,13,0.5523261538461539
LEU,HD21,13,2.0757384650991444
LEU,HD22,13,2.0757384650991444
LEU,HD23,13,2.0757384650991444
TRP,HE1,5,0.6120757511993922
VAL,HG11,13,0.686200339969228
VAL,HG12,13,0.686200339969228
VAL,HG13,13,0.686200339969228
VAL,HG21,13,3.44039069232979
VAL,HG22,13,3.44039069232979
VAL,HG23,13,3.44039069232979
