atomtype,Entries used,mean_red_ChiSq
C,157,0.5067620544841541
CA,157,0.909078855075881
CB,144,1.522371666666667
H,157,0.6494925127371312
N,157,0.6053344047520571
