residue,atomtype,Entries used,mean_red_ChiSq
ILE,HD11,4,0.47403730584319514
ILE,HD12,4,0.47403730584319514
ILE,HD13,4,0.47403730584319514
LEU,HD11,13,0.46944246153846164
LEU,HD12,13,0.46944246153846164
LEU,HD13,13,0.46944246153846164
LEU,HD21,13,1.7637117106753382
LEU,HD22,13,1.7637117106753382
LEU,HD23,13,1.7637117106753382
TRP,HE1,5,0.6030051342479592
VAL,HG11,13,0.7046685300026204
VAL,HG12,13,0.7046685300026204
VAL,HG13,13,0.7046685300026204
VAL,HG21,13,3.4801214836585412
VAL,HG22,13,3.4801214836585412
VAL,HG23,13,3.4801214836585412
