atomtype,entries_used,mean_red_ChiSq
C,158,0.4883786223921721
CA,162,1.3356320530406955
CB,150,0.5374551266666667
H,155,0.9418366335769989
HA,151,0.9194240940029431
N,156,0.8317395519343567
