atomtype,entries_used,mean_red_ChiSq
C,157,0.6438351038472138
CA,157,1.8176688920342823
CB,144,1.950509833333332
H,156,1.1080644769868673
N,157,1.0178787687804154
