residue,atomtype,entries_used,mean_red_ChiSq
ILE,HD11,4,3.4144149870562113
ILE,HD12,4,3.4144149870562113
ILE,HD13,4,3.4144149870562113
LEU,HD11,13,1.9887753846153848
LEU,HD12,13,1.9887753846153848
LEU,HD13,13,1.9887753846153848
LEU,HD21,13,4.906099312925143
LEU,HD22,13,4.906099312925143
LEU,HD23,13,4.906099312925143
TRP,HE1,5,0.4458917599528654
VAL,HG11,13,0.5273671869226068
VAL,HG12,13,0.5273671869226068
VAL,HG13,13,0.5273671869226068
VAL,HG21,13,2.3217562924005035
VAL,HG22,13,2.3217562924005035
VAL,HG23,13,2.3217562924005035
