residue,atomtype,Entries used,mean_red_ChiSq
ILE,HD11,4,1.3592998798076916
ILE,HD12,4,1.3592998798076916
ILE,HD13,4,1.3592998798076916
LEU,HD11,13,0.6806067692307691
LEU,HD12,13,0.6806067692307691
LEU,HD13,13,0.6806067692307691
LEU,HD21,13,2.278371453183182
LEU,HD22,13,2.278371453183182
LEU,HD23,13,2.278371453183182
TRP,HE1,5,0.6290022725359802
VAL,HG11,13,1.1320605763351854
VAL,HG12,13,1.1320605763351854
VAL,HG13,13,1.1320605763351854
VAL,HG21,13,4.153873776324221
VAL,HG22,13,4.153873776324221
VAL,HG23,13,4.153873776324221
