atomtype,Entries used,mean_red_ChiSq
C,157,0.6211451944247861
CA,157,0.9219698356530622
CB,144,1.8334658819444434
H,156,0.7009693389358072
N,157,0.6122091816144258
