residue,atomtype,Entries used,mean_red_ChiSq
ILE,HD11,4,1.227978226701183
ILE,HD12,4,1.227978226701183
ILE,HD13,4,1.227978226701183
LEU,HD11,13,0.5819236923076925
LEU,HD12,13,0.5819236923076925
LEU,HD13,13,0.5819236923076925
LEU,HD21,13,2.1972180110299004
LEU,HD22,13,2.1972180110299004
LEU,HD23,13,2.1972180110299004
TRP,HE1,5,0.5990674185674598
VAL,HG11,13,0.6487869279816175
VAL,HG12,13,0.6487869279816175
VAL,HG13,13,0.6487869279816175
VAL,HG21,13,3.318379444456721
VAL,HG22,13,3.318379444456721
VAL,HG23,13,3.318379444456721
