atomtype,Entries used,mean_red_ChiSq
C,157,0.6158444896595111
CA,157,0.9096971534166846
CB,144,1.779072513888888
H,156,0.711395210162111
N,157,0.6485356967092429
