atomtype,entries_used,mean_red_ChiSq
C,157,0.596942367991664
CA,157,0.9253903593614843
CB,144,1.7601513472222214
H,157,0.681584640346133
N,157,0.689732939095169
