residue,atomtype,entries_used,mean_red_ChiSq
ILE,HD11,4,1.0324634800295855
ILE,HD12,4,1.0324634800295855
ILE,HD13,4,1.0324634800295855
LEU,HD11,13,0.6499618461538462
LEU,HD12,13,0.6499618461538462
LEU,HD13,13,0.6499618461538462
LEU,HD21,13,2.402164073530842
LEU,HD22,13,2.402164073530842
LEU,HD23,13,2.402164073530842
TRP,HE1,5,0.6157858766097131
VAL,HG11,13,0.787625052910231
VAL,HG12,13,0.787625052910231
VAL,HG13,13,0.787625052910231
VAL,HG21,13,3.8733191722095763
VAL,HG22,13,3.8733191722095763
VAL,HG23,13,3.8733191722095763
