residue,atomtype,Entries used,mean_red_ChiSq
ARG,HB2,1,0.004141750808744319
ARG,HB3,1,0.3019556906185656
ARG,HD2,1,0.009070294784580516
ARG,HD3,1,0.009070294784580516
ARG,HG2,1,0.003944082709048127
ARG,HG3,1,0.003944082709048127
GLN,HB2,1,3.4731404958677645
GLN,HB3,1,3.4731404958677645
GLN,HG2,1,0.37380869285081403
GLN,HG3,1,0.37380869285081403
GLU,HB2,1,0.08058272632674311
GLU,HB3,1,0.08058272632674311
GLU,HG2,1,0.5540095557851257
GLU,HG3,1,0.5540095557851257
ILE,HD11,4,4.129351192677514
ILE,HD12,4,4.129351192677514
ILE,HD13,4,4.129351192677514
LEU,HD11,13,6.19968123076923
LEU,HD12,13,6.19968123076923
LEU,HD13,13,6.19968123076923
LEU,HD21,11,1.4491429274316632
LEU,HD22,11,1.4491429274316632
LEU,HD23,11,1.4491429274316632
TRP,HE1,5,0.5811308812389521
VAL,HG11,12,8.373242204559352
VAL,HG12,12,8.373242204559352
VAL,HG13,12,8.373242204559352
VAL,HG21,10,3.790277578282102
VAL,HG22,10,3.790277578282102
VAL,HG23,10,3.790277578282102
