atomtype,Entries used,mean_red_ChiSq
C,159,0.6696602147876409
CA,159,3.52943742526594
CB,145,6.118015862068967
H,161,1.3748625579043894
HA,2,0.17180555555555557
N,159,1.7582525798232735
