atomtype,Entries used,mean_red_ChiSq
C,159,0.5893039207479212
CA,162,1.559902004267643
CB,150,0.5396539533333339
H,156,0.9597104463951405
HA,151,1.0530429083885209
N,156,0.9009823029303546
