atomtype,Entries used,mean_red_ChiSq
C,158,0.574867273573017
CA,162,1.4507897195549455
CB,149,0.5577888590604032
H,156,1.0857368848025961
HA,151,0.9458757588300221
N,156,0.9872733002927807
