atomtype,Entries used,mean_red_ChiSq
C,159,0.6853722933166391
CA,159,3.4059049693299155
CB,145,6.130700324137929
H,161,1.3578707308634184
HA,2,0.12379340277777728
N,159,1.7928722399783406
