residue,atomtype,Entries used,mean_red_ChiSq
ARG,HB2,1,0.016567003234976712
ARG,HB3,1,0.23536908146260216
ARG,HD2,1,0.013061224489796427
ARG,HD3,1,0.013061224489796427
ARG,HG2,1,0.0028238698686083173
ARG,HG3,1,0.0028238698686083173
GLN,HB2,1,3.451995092975205
GLN,HB3,1,3.451995092975205
GLN,HG2,1,0.4677709468710577
GLN,HG3,1,0.4677709468710577
GLU,HB2,1,0.11691987513007353
GLU,HB3,1,0.11691987513007353
GLU,HG2,1,0.5206934400826427
GLU,HG3,1,0.5206934400826427
ILE,HD11,4,3.055039987056213
ILE,HD12,4,3.055039987056213
ILE,HD13,4,3.055039987056213
LEU,HD11,13,5.795993846153845
LEU,HD12,13,5.795993846153845
LEU,HD13,13,5.795993846153845
LEU,HD21,11,1.6427194554097293
LEU,HD22,11,1.6427194554097293
LEU,HD23,11,1.6427194554097293
TRP,HE1,5,0.5921818028785457
VAL,HG11,13,7.609767732485874
VAL,HG12,13,7.609767732485874
VAL,HG13,13,7.609767732485874
VAL,HG21,10,2.88319089342143
VAL,HG22,10,2.88319089342143
VAL,HG23,10,2.88319089342143
