atomtype,Entries used,mean_red_ChiSq
C,157,0.6836677067360634
CA,157,1.0729144216403244
CB,144,1.9208437291666662
H,157,0.8095490762781046
N,157,0.678405844484097
