residue,atomtype,Entries used,mean_red_ChiSq
ILE,HD11,4,0.9957643768491126
ILE,HD12,4,0.9957643768491126
ILE,HD13,4,0.9957643768491126
LEU,HD11,13,0.639857230769231
LEU,HD12,13,0.639857230769231
LEU,HD13,13,0.639857230769231
LEU,HD21,13,2.191147046618926
LEU,HD22,13,2.191147046618926
LEU,HD23,13,2.191147046618926
TRP,HE1,5,0.6140695227674444
VAL,HG11,13,1.1068417127461587
VAL,HG12,13,1.1068417127461587
VAL,HG13,13,1.1068417127461587
VAL,HG21,13,4.052355644929618
VAL,HG22,13,4.052355644929618
VAL,HG23,13,4.052355644929618
