atomtype,entries_used,mean_red_ChiSq
C,158,0.6627566807313628
CA,162,2.1022393766194187
CB,150,0.8261114466666666
H,156,1.5751894648527964
HA,151,1.6703276766004416
N,156,1.360723317086953
