atomtype,Entries used,mean_red_ChiSq
C,157,0.6790901174363049
CA,157,1.075288660847685
CB,144,1.8905087986111109
H,157,0.756162291202337
N,157,0.6567294239202586
