residue,atomtype,Entries used,mean_red_ChiSq
ILE,HD11,4,1.0927272096893488
ILE,HD12,4,1.0927272096893488
ILE,HD13,4,1.0927272096893488
LEU,HD11,13,0.6689686153846152
LEU,HD12,13,0.6689686153846152
LEU,HD13,13,0.6689686153846152
LEU,HD21,13,2.2576838853076637
LEU,HD22,13,2.2576838853076637
LEU,HD23,13,2.2576838853076637
TRP,HE1,5,0.6237070953623416
VAL,HG11,13,0.9342199856218548
VAL,HG12,13,0.9342199856218548
VAL,HG13,13,0.9342199856218548
VAL,HG21,13,3.8487862683137024
VAL,HG22,13,3.8487862683137024
VAL,HG23,13,3.8487862683137024
