atomtype,Entries used,mean_red_ChiSq
C,159,0.5332716716651126
CA,162,1.0145640984606017
CB,150,0.5178906333333333
H,156,0.6893194519560121
HA,150,0.9204172453703698
N,156,0.7309879634554951
