residue,atomtype,Entries used,mean_red_ChiSq
ILE,HD11,4,1.609912398298816
ILE,HD12,4,1.609912398298816
ILE,HD13,4,1.609912398298816
LEU,HD11,13,0.7428898461538462
LEU,HD12,13,0.7428898461538462
LEU,HD13,13,0.7428898461538462
LEU,HD21,13,2.164381666865243
LEU,HD22,13,2.164381666865243
LEU,HD23,13,2.164381666865243
TRP,HE1,5,0.4673263193333887
VAL,HG11,13,0.7194363632698859
VAL,HG12,13,0.7194363632698859
VAL,HG13,13,0.7194363632698859
VAL,HG21,13,1.9672328353921282
VAL,HG22,13,1.9672328353921282
VAL,HG23,13,1.9672328353921282
