atomtype,Entries used,mean_red_ChiSq
C,157,0.5900454669438555
CA,156,1.2252704732510287
CB,144,1.5228486458333335
H,157,0.8425434647063482
N,157,0.6436228133407389
