atomtype,entries_used,mean_red_ChiSq
C,159,0.49482466309010936
CA,162,1.4100149748513928
CB,150,0.48859292666666715
H,156,1.023825699269182
HA,151,1.0244010991537893
N,156,0.876841829406764
