residue,atomtype,Entries used,mean_red_ChiSq
ILE,HD11,4,1.0948941383136095
ILE,HD12,4,1.0948941383136095
ILE,HD13,4,1.0948941383136095
LEU,HD11,13,0.7785526153846155
LEU,HD12,13,0.7785526153846155
LEU,HD13,13,0.7785526153846155
LEU,HD21,13,2.5794559550367917
LEU,HD22,13,2.5794559550367917
LEU,HD23,13,2.5794559550367917
TRP,HE1,5,0.6212810369497508
VAL,HG11,13,0.7497060542741388
VAL,HG12,13,0.7497060542741388
VAL,HG13,13,0.7497060542741388
VAL,HG21,13,3.6312896382560265
VAL,HG22,13,3.6312896382560265
VAL,HG23,13,3.6312896382560265
