atomtype,Entries used,mean_red_ChiSq
C,157,0.6466973189185738
CA,157,1.1382909805771781
CB,144,1.7702346944444438
H,157,0.8009922733238486
N,157,0.745980657884041
