residue,atomtype,Entries used,mean_red_ChiSq
ARG,HB2,1,0.016567003234976712
ARG,HB3,1,0.23536908146260216
ARG,HD2,1,0.03104308390022663
ARG,HD3,1,0.03104308390022663
ARG,HG2,1,0.021003990758244103
ARG,HG3,1,0.021003990758244103
GLN,HB2,1,1.9220041322314079
GLN,HB3,1,1.9220041322314079
GLN,HG2,1,0.12051330237053402
GLN,HG3,1,0.12051330237053402
GLU,HB2,1,0.3007284079084284
GLU,HB3,1,0.3007284079084284
GLU,HG2,1,0.5625000000000009
GLU,HG3,1,0.5625000000000009
ILE,HD11,4,2.0132269323224854
ILE,HD12,4,2.0132269323224854
ILE,HD13,4,2.0132269323224854
LEU,HD11,13,5.258927999999999
LEU,HD12,13,5.258927999999999
LEU,HD13,13,5.258927999999999
LEU,HD21,11,1.5495638972645862
LEU,HD22,11,1.5495638972645862
LEU,HD23,11,1.5495638972645862
TRP,HE1,5,1.0879434391044511
VAL,HG11,13,6.838902625019317
VAL,HG12,13,6.838902625019317
VAL,HG13,13,6.838902625019317
VAL,HG21,10,2.973626472278081
VAL,HG22,10,2.973626472278081
VAL,HG23,10,2.973626472278081
