atomtype,Entries used,mean_red_ChiSq
C,159,0.5778332459818313
CA,159,3.4810152263374503
CB,145,5.749796048275861
H,161,1.4382685957492545
HA,2,0.20754340277777714
N,159,1.6538530967249399
