atomtype,Entries used,mean_red_ChiSq
C,159,0.7082755145246136
CA,159,3.3900172373631547
CB,145,6.100418062068966
H,161,1.3438825754394688
HA,2,0.10460069444444377
N,159,1.7944316892687386
