residue,atomtype,Entries used,mean_red_ChiSq
ARG,HB2,1,0.06626801293990799
ARG,HB3,1,0.1270463680031364
ARG,HD2,1,0.0003628117913833012
ARG,HD3,1,0.0003628117913833012
ARG,HG2,1,0.003944082709047992
ARG,HG3,1,0.003944082709047992
GLN,HB2,1,3.6013688016528933
GLN,HB3,1,3.6013688016528933
GLN,HG2,1,0.5566860855324984
GLN,HG3,1,0.5566860855324984
GLU,HB2,1,0.13523413111342428
GLU,HB3,1,0.13523413111342428
GLU,HG2,1,0.48841038223140304
GLU,HG3,1,0.48841038223140304
ILE,HD11,4,3.138342501849111
ILE,HD12,4,3.138342501849111
ILE,HD13,4,3.138342501849111
LEU,HD11,13,5.986683076923077
LEU,HD12,13,5.986683076923077
LEU,HD13,13,5.986683076923077
LEU,HD21,11,1.431614656418374
LEU,HD22,11,1.431614656418374
LEU,HD23,11,1.431614656418374
TRP,HE1,5,0.5905624105714994
VAL,HG11,13,7.916257382236946
VAL,HG12,13,7.916257382236946
VAL,HG13,13,7.916257382236946
VAL,HG21,10,2.719006750933639
VAL,HG22,10,2.719006750933639
VAL,HG23,10,2.719006750933639
