residue,atomtype,Entries used,mean_red_ChiSq
ILE,HD11,4,0.5399119360207101
ILE,HD12,4,0.5399119360207101
ILE,HD13,4,0.5399119360207101
LEU,HD11,13,0.6122486153846153
LEU,HD12,13,0.6122486153846153
LEU,HD13,13,0.6122486153846153
LEU,HD21,13,2.225954091840969
LEU,HD22,13,2.225954091840969
LEU,HD23,13,2.225954091840969
TRP,HE1,5,0.6145947310832418
VAL,HG11,13,0.6752739574165025
VAL,HG12,13,0.6752739574165025
VAL,HG13,13,0.6752739574165025
VAL,HG21,13,3.4051706516695024
VAL,HG22,13,3.4051706516695024
VAL,HG23,13,3.4051706516695024
