atomtype,Entries used,mean_red_ChiSq
C,157,0.5781862399986248
CA,157,1.1636503420618063
CB,144,1.5375630069444444
H,157,0.6290324603073444
N,157,0.6069028920546827
