atomtype,Entries used,mean_red_ChiSq
C,157,0.6449628757273742
CA,157,1.1395481402846566
CB,144,1.7673667152777766
H,157,0.7988776856486375
N,157,0.7428287101543773
