residue,atomtype,Entries used,mean_red_ChiSq
ILE,HD11,4,1.1432484282544375
ILE,HD12,4,1.1432484282544375
ILE,HD13,4,1.1432484282544375
LEU,HD11,13,0.8177415384615385
LEU,HD12,13,0.8177415384615385
LEU,HD13,13,0.8177415384615385
LEU,HD21,13,2.6633963163365504
LEU,HD22,13,2.6633963163365504
LEU,HD23,13,2.6633963163365504
TRP,HE1,5,0.609558791347531
VAL,HG11,13,0.8134821986468421
VAL,HG12,13,0.8134821986468421
VAL,HG13,13,0.8134821986468421
VAL,HG21,13,3.6135104302477172
VAL,HG22,13,3.6135104302477172
VAL,HG23,13,3.6135104302477172
