atomtype,entries_used,mean_red_ChiSq
C,157,0.5756248372011883
CA,157,1.0122939844302903
CB,144,1.6570888819444431
H,157,0.7795886225296509
N,157,0.7113038327927889
