residue,atomtype,entries_used,mean_red_ChiSq
ILE,HD11,4,1.1379380085059168
ILE,HD12,4,1.1379380085059168
ILE,HD13,4,1.1379380085059168
LEU,HD11,13,0.43557907692307685
LEU,HD12,13,0.43557907692307685
LEU,HD13,13,0.43557907692307685
LEU,HD21,13,2.0145508677795174
LEU,HD22,13,2.0145508677795174
LEU,HD23,13,2.0145508677795174
TRP,HE1,5,0.6215739415874089
VAL,HG11,13,0.7667280313362942
VAL,HG12,13,0.7667280313362942
VAL,HG13,13,0.7667280313362942
VAL,HG21,13,3.7629466554703552
VAL,HG22,13,3.7629466554703552
VAL,HG23,13,3.7629466554703552
