atomtype,entries_used,mean_red_ChiSq
C,157,0.5516297144078816
CA,157,0.880435086891562
CB,144,1.7794018125
H,157,0.6783163906811394
N,157,0.5961162563321555
