residue,atomtype,entries_used,mean_red_ChiSq
ILE,HD11,4,1.3175677237426031
ILE,HD12,4,1.3175677237426031
ILE,HD13,4,1.3175677237426031
LEU,HD11,13,0.626657230769231
LEU,HD12,13,0.626657230769231
LEU,HD13,13,0.626657230769231
LEU,HD21,13,2.188508032763761
LEU,HD22,13,2.188508032763761
LEU,HD23,13,2.188508032763761
TRP,HE1,5,0.6579028701287756
VAL,HG11,13,0.8226213911863313
VAL,HG12,13,0.8226213911863313
VAL,HG13,13,0.8226213911863313
VAL,HG21,13,3.8489409541908826
VAL,HG22,13,3.8489409541908826
VAL,HG23,13,3.8489409541908826
