residue,atomtype,Entries used,mean_red_ChiSq
ILE,HD11,4,0.47690920857988156
ILE,HD12,4,0.47690920857988156
ILE,HD13,4,0.47690920857988156
LEU,HD11,13,0.46874215384615386
LEU,HD12,13,0.46874215384615386
LEU,HD13,13,0.46874215384615386
LEU,HD21,13,1.7667889624306867
LEU,HD22,13,1.7667889624306867
LEU,HD23,13,1.7667889624306867
TRP,HE1,5,0.6006915242824672
VAL,HG11,13,0.7000409844326344
VAL,HG12,13,0.7000409844326344
VAL,HG13,13,0.7000409844326344
VAL,HG21,13,3.4669662784787745
VAL,HG22,13,3.4669662784787745
VAL,HG23,13,3.4669662784787745
