atomtype,Entries used,mean_red_ChiSq
C,157,0.5104644619407088
CA,157,0.9408945899190049
CB,144,1.5169316874999996
H,157,0.656917941528042
N,157,0.6047206928603246
