atomtype,Entries used,mean_red_ChiSq
C,157,0.6563840909314305
CA,157,1.0001783596760239
CB,144,1.8296054097222216
H,157,0.7905716293537909
N,156,0.6490398274164499
