residue,atomtype,Entries used,mean_red_ChiSq
ILE,HD11,4,1.8462809726331355
ILE,HD12,4,1.8462809726331355
ILE,HD13,4,1.8462809726331355
LEU,HD11,13,0.5267113846153847
LEU,HD12,13,0.5267113846153847
LEU,HD13,13,0.5267113846153847
LEU,HD21,13,2.114139061102689
LEU,HD22,13,2.114139061102689
LEU,HD23,13,2.114139061102689
TRP,HE1,5,0.7093833852369305
VAL,HG11,13,0.7196614417114024
VAL,HG12,13,0.7196614417114024
VAL,HG13,13,0.7196614417114024
VAL,HG21,13,3.6879447218968906
VAL,HG22,13,3.6879447218968906
VAL,HG23,13,3.6879447218968906
