atomtype,Entries used,mean_red_ChiSq
C,157,0.6875505352087775
CA,157,1.0562728159157038
CB,144,1.8930115416666657
H,157,0.7942334468967561
N,157,0.6671997750689124
