residue,atomtype,Entries used,mean_red_ChiSq
ILE,HD11,4,1.0556756194526624
ILE,HD12,4,1.0556756194526624
ILE,HD13,4,1.0556756194526624
LEU,HD11,13,0.5417181538461538
LEU,HD12,13,0.5417181538461538
LEU,HD13,13,0.5417181538461538
LEU,HD21,13,2.057268107099865
LEU,HD22,13,2.057268107099865
LEU,HD23,13,2.057268107099865
TRP,HE1,5,0.61127245181382
VAL,HG11,13,1.1050125304863714
VAL,HG12,13,1.1050125304863714
VAL,HG13,13,1.1050125304863714
VAL,HG21,13,4.1090521622875835
VAL,HG22,13,4.1090521622875835
VAL,HG23,13,4.1090521622875835
