residue,atomtype,Entries used,mean_red_ChiSq
ILE,HD11,4,1.3280556582840228
ILE,HD12,4,1.3280556582840228
ILE,HD13,4,1.3280556582840228
LEU,HD11,13,0.6472012307692309
LEU,HD12,13,0.6472012307692309
LEU,HD13,13,0.6472012307692309
LEU,HD21,13,2.227541334735695
LEU,HD22,13,2.227541334735695
LEU,HD23,13,2.227541334735695
TRP,HE1,5,0.6313333894453316
VAL,HG11,13,1.0650291930098028
VAL,HG12,13,1.0650291930098028
VAL,HG13,13,1.0650291930098028
VAL,HG21,13,4.067833900514882
VAL,HG22,13,4.067833900514882
VAL,HG23,13,4.067833900514882
