atomtype,Entries used,mean_red_ChiSq
C,157,0.6228727662774242
CA,157,0.9227021467327191
CB,144,1.8166490902777777
H,157,0.6771318633242964
N,157,0.5995683337994536
