atomtype,Entries used,mean_red_ChiSq
C,158,0.5391917407749264
CA,162,1.502703955189757
CB,150,0.5414557200000006
H,156,0.9206406789532802
HA,151,0.9431487996688737
N,156,0.9932644760242161
