residue,atomtype,Entries used,mean_red_ChiSq
ARG,HB2,1,0.016567003234976712
ARG,HB3,1,0.23536908146260216
ARG,HD2,1,0.0038321995464852027
ARG,HD3,1,0.0038321995464852027
ARG,HG2,1,0.04315153212443727
ARG,HG3,1,0.04315153212443727
GLN,HB2,1,2.165579803719006
GLN,HB3,1,2.165579803719006
GLN,HG2,1,0.16754812209723827
GLN,HG3,1,0.16754812209723827
GLU,HB2,1,0.24041623309053112
GLU,HB3,1,0.24041623309053112
GLU,HG2,1,0.5206934400826427
GLU,HG3,1,0.5206934400826427
ILE,HD11,4,1.7242395525147929
ILE,HD12,4,1.7242395525147929
ILE,HD13,4,1.7242395525147929
LEU,HD11,13,4.445085538461538
LEU,HD12,13,4.445085538461538
LEU,HD13,13,4.445085538461538
LEU,HD21,11,2.1688475849667963
LEU,HD22,11,2.1688475849667963
LEU,HD23,11,2.1688475849667963
TRP,HE1,5,4.642358724013126
VAL,HG11,13,5.580925777864375
VAL,HG12,13,5.580925777864375
VAL,HG13,13,5.580925777864375
VAL,HG21,10,3.663640117782245
VAL,HG22,10,3.663640117782245
VAL,HG23,10,3.663640117782245
