atomtype,Entries used,mean_red_ChiSq
C,159,0.6247346516130913
CA,159,3.5009286590573825
CB,145,5.920572972413796
H,161,1.3776078054614038
HA,2,0.24379340277777928
N,159,1.4859379138109852
