atomtype,entries_used,mean_red_ChiSq
C,159,0.4907678197064984
CA,162,1.4226939871970732
CB,150,0.49197945333333326
H,156,1.0300241988046206
HA,151,1.020482891832229
N,155,0.8665529820921528
