residue,atomtype,Entries used,mean_red_ChiSq
ARG,HB2,1,0.033550632290952134
ARG,HB3,1,0.18549651994902353
ARG,HD2,1,0.05444444444444332
ARG,HD3,1,0.05444444444444332
ARG,HG2,1,0.025414828817475536
ARG,HG3,1,0.025414828817475536
GLN,HB2,1,2.115702479338839
GLN,HB3,1,2.115702479338839
GLN,HG2,1,0.1391715213831246
GLN,HG3,1,0.1391715213831246
GLU,HB2,1,0.33714880332986535
GLU,HB3,1,0.33714880332986535
GLU,HG2,1,0.4726562499999999
GLU,HG3,1,0.4726562499999999
ILE,HD11,4,1.7513348280325438
ILE,HD12,4,1.7513348280325438
ILE,HD13,4,1.7513348280325438
LEU,HD11,13,4.764541538461538
LEU,HD12,13,4.764541538461538
LEU,HD13,13,4.764541538461538
LEU,HD21,11,2.061169295907319
LEU,HD22,11,2.061169295907319
LEU,HD23,11,2.061169295907319
TRP,HE1,5,2.627128356198972
VAL,HG11,13,5.813095869978567
VAL,HG12,13,5.813095869978567
VAL,HG13,13,5.813095869978567
VAL,HG21,10,3.1379650244182704
VAL,HG22,10,3.1379650244182704
VAL,HG23,10,3.1379650244182704
