atomtype,Entries used,mean_red_ChiSq
C,159,0.5798474260423958
CA,159,3.5357880503144674
CB,145,5.719712255172415
H,161,1.3446821683031627
HA,2,0.3292534722222203
N,159,1.5100883928254674
