atomtype,Entries used,mean_red_ChiSq
C,157,0.6537125777748277
CA,156,1.147422008547008
CB,144,1.7816968402777777
H,157,0.807903359708984
N,157,0.7361322941908598
