residue,atomtype,Entries used,mean_red_ChiSq
ILE,HD11,4,1.0546817215236686
ILE,HD12,4,1.0546817215236686
ILE,HD13,4,1.0546817215236686
LEU,HD11,13,0.734801230769231
LEU,HD12,13,0.734801230769231
LEU,HD13,13,0.734801230769231
LEU,HD21,12,2.6830621279828146
LEU,HD22,12,2.6830621279828146
LEU,HD23,12,2.6830621279828146
TRP,HE1,5,0.6238431108492565
VAL,HG11,13,0.7504283209148265
VAL,HG12,13,0.7504283209148265
VAL,HG13,13,0.7504283209148265
VAL,HG21,13,3.6757231564758124
VAL,HG22,13,3.6757231564758124
VAL,HG23,13,3.6757231564758124
