atomtype,entries_used,mean_red_ChiSq
C,157,0.570086688831879
CA,157,1.089050420696704
CB,144,1.6408094861111093
H,157,0.7494595804928121
N,157,0.6573428576919363
