residue,atomtype,entries_used,mean_red_ChiSq
ILE,HD11,4,1.2653360761834318
ILE,HD12,4,1.2653360761834318
ILE,HD13,4,1.2653360761834318
LEU,HD11,13,0.40277415384615384
LEU,HD12,13,0.40277415384615384
LEU,HD13,13,0.40277415384615384
LEU,HD21,13,1.7631420014051002
LEU,HD22,13,1.7631420014051002
LEU,HD23,13,1.7631420014051002
TRP,HE1,5,0.6565696490194421
VAL,HG11,13,0.6677808609418358
VAL,HG12,13,0.6677808609418358
VAL,HG13,13,0.6677808609418358
VAL,HG21,13,3.0067619826309846
VAL,HG22,13,3.0067619826309846
VAL,HG23,13,3.0067619826309846
