atomtype,Entries used,mean_red_ChiSq
C,157,0.5777295893292466
CA,157,1.1648162066525127
CB,144,1.5370627638888896
H,156,0.6342232461066966
N,157,0.6029030804123859
