residue,atomtype,Entries used,mean_red_ChiSq
ILE,HD11,4,0.510279909393491
ILE,HD12,4,0.510279909393491
ILE,HD13,4,0.510279909393491
LEU,HD11,13,0.5776455384615387
LEU,HD12,13,0.5776455384615387
LEU,HD13,13,0.5776455384615387
LEU,HD21,13,2.1226874391431356
LEU,HD22,13,2.1226874391431356
LEU,HD23,13,2.1226874391431356
TRP,HE1,5,0.60585135931319
VAL,HG11,13,0.672438640929339
VAL,HG12,13,0.672438640929339
VAL,HG13,13,0.672438640929339
VAL,HG21,13,3.418882449782335
VAL,HG22,13,3.418882449782335
VAL,HG23,13,3.418882449782335
