atomtype,Entries used,mean_red_ChiSq
C,157,0.6808776391837691
CA,157,0.9942096485020052
CB,144,1.8980241805555558
H,157,0.7242139149066625
N,157,0.64509948760259
