residue,atomtype,Entries used,mean_red_ChiSq
ILE,HD11,4,1.1687372873520707
ILE,HD12,4,1.1687372873520707
ILE,HD13,4,1.1687372873520707
LEU,HD11,13,0.681940923076923
LEU,HD12,13,0.681940923076923
LEU,HD13,13,0.681940923076923
LEU,HD21,13,2.262657885474742
LEU,HD22,13,2.262657885474742
LEU,HD23,13,2.262657885474742
TRP,HE1,5,0.6193970204528224
VAL,HG11,13,0.9185568776581096
VAL,HG12,13,0.9185568776581096
VAL,HG13,13,0.9185568776581096
VAL,HG21,13,3.89333441981747
VAL,HG22,13,3.89333441981747
VAL,HG23,13,3.89333441981747
