atomtype,entries_used,mean_red_ChiSq
C,159,0.48354631631434863
CA,162,1.3314145785703393
CB,150,0.4931159533333339
H,156,1.080407184756833
HA,151,0.9823173059234724
N,156,0.888736516009242
