atomtype,entries_used,mean_red_ChiSq
C,158,0.4891230075011721
CA,162,1.2991244779759175
CB,150,0.5117371133333338
H,156,1.0188667124294488
HA,151,0.9984918828182489
N,156,0.8661813739411136
