atomtype,Entries used,mean_red_ChiSq
C,159,0.6767478398701378
CA,159,3.500698252969951
CB,145,6.143005848275865
H,161,1.3769549093181142
HA,2,0.1530295138888873
N,159,1.7888400321578466
