residue,atomtype,Entries used,mean_red_ChiSq
ARG,HB2,1,0.002450740123517307
ARG,HB3,1,0.318498186452308
ARG,HD2,1,0.015328798185941335
ARG,HD3,1,0.015328798185941335
ARG,HG2,1,0.004574202431795383
ARG,HG3,1,0.004574202431795383
GLN,HB2,1,3.515625000000001
GLN,HB3,1,3.515625000000001
GLN,HG2,1,0.4748852318183039
GLN,HG3,1,0.4748852318183039
GLU,HB2,1,0.10826222684703406
GLU,HB3,1,0.10826222684703406
GLU,HG2,1,0.5289256198347116
GLU,HG3,1,0.5289256198347116
ILE,HD11,4,3.3839855306952664
ILE,HD12,4,3.3839855306952664
ILE,HD13,4,3.3839855306952664
LEU,HD11,13,6.0482239999999985
LEU,HD12,13,6.0482239999999985
LEU,HD13,13,6.0482239999999985
LEU,HD21,11,1.5580464151206022
LEU,HD22,11,1.5580464151206022
LEU,HD23,11,1.5580464151206022
TRP,HE1,5,0.6154357377325134
VAL,HG11,13,7.6943014841739625
VAL,HG12,13,7.6943014841739625
VAL,HG13,13,7.6943014841739625
VAL,HG21,10,3.2563146365986784
VAL,HG22,10,3.2563146365986784
VAL,HG23,10,3.2563146365986784
