atomtype,entries_used,mean_red_ChiSq
C,158,0.4889204306825298
CA,162,1.3007609282121622
CB,150,0.5132158266666667
H,156,1.021007751937985
HA,151,0.9954840415746874
N,156,0.8576005980551431
