atomtype,entries_used,mean_red_ChiSq
C,157,0.502442731678068
CA,162,1.4139723365340646
CB,150,0.5475171266666675
H,156,1.02176079238951
HA,151,1.086469485835173
N,156,0.8939632517554594
