atomtype,entries_used,mean_red_ChiSq
C,158,0.49581880164381
CA,162,1.3857472717573556
CB,150,0.5516506200000002
H,156,1.0177225735324709
HA,150,1.0769413194444446
N,156,0.8857599182923865
