residue,atomtype,Entries used,mean_red_ChiSq
ILE,HD11,4,1.7084296412721887
ILE,HD12,4,1.7084296412721887
ILE,HD13,4,1.7084296412721887
LEU,HD11,13,0.516500923076923
LEU,HD12,13,0.516500923076923
LEU,HD13,13,0.516500923076923
LEU,HD21,13,1.9278331737873478
LEU,HD22,13,1.9278331737873478
LEU,HD23,13,1.9278331737873478
TRP,HE1,5,0.5563639424290855
VAL,HG11,13,0.7917537305911839
VAL,HG12,13,0.7917537305911839
VAL,HG13,13,0.7917537305911839
VAL,HG21,13,2.38586530174795
VAL,HG22,13,2.38586530174795
VAL,HG23,13,2.38586530174795
