atomtype,Entries used,mean_red_ChiSq
C,157,0.5943247658154436
CA,157,1.1193390107729813
CB,144,1.604230965277778
H,157,0.8997740558676919
N,157,0.6373259532445565
