residue,atomtype,entries_used,mean_red_ChiSq
ILE,HD11,4,1.4463352903106503
ILE,HD12,4,1.4463352903106503
ILE,HD13,4,1.4463352903106503
LEU,HD11,13,0.5094756923076926
LEU,HD12,13,0.5094756923076926
LEU,HD13,13,0.5094756923076926
LEU,HD21,13,2.0486498848940773
LEU,HD22,13,2.0486498848940773
LEU,HD23,13,2.0486498848940773
TRP,HE1,5,0.6117572594899406
VAL,HG11,13,0.673574111276094
VAL,HG12,13,0.673574111276094
VAL,HG13,13,0.673574111276094
VAL,HG21,13,2.0896667071796338
VAL,HG22,13,2.0896667071796338
VAL,HG23,13,2.0896667071796338
