atomtype,entries_used,mean_red_ChiSq
C,157,0.5763218741399316
CA,157,1.212360666823936
CB,144,1.6240311736111115
H,157,0.7834030100622478
N,157,0.7665811298287095
