atomtype,Entries used,mean_red_ChiSq
C,159,0.4497134021469067
CA,162,0.7842490016765749
CB,150,0.4868115533333341
H,156,0.68638210536534
HA,150,0.9006223379629629
N,156,0.7303903587994495
