atomtype,Entries used,mean_red_ChiSq
C,158,0.576364574787077
CA,162,1.4467217878372205
CB,150,0.5542566000000005
H,156,1.084367225527312
HA,149,0.9869537658463838
N,156,0.9901986361401958
