atomtype,entries_used,mean_red_ChiSq
C,157,0.5714131797004016
CA,157,1.1249282456554217
CB,144,1.6394796805555545
H,156,0.7485704330823308
N,157,0.6802779863678207
