residue,atomtype,entries_used,mean_red_ChiSq
ILE,HD11,4,1.2641110392011832
ILE,HD12,4,1.2641110392011832
ILE,HD13,4,1.2641110392011832
LEU,HD11,13,0.40738953846153836
LEU,HD12,13,0.40738953846153836
LEU,HD13,13,0.40738953846153836
LEU,HD21,13,1.798203772406625
LEU,HD22,13,1.798203772406625
LEU,HD23,13,1.798203772406625
TRP,HE1,5,0.6458715596330277
VAL,HG11,13,0.6726368443330624
VAL,HG12,13,0.6726368443330624
VAL,HG13,13,0.6726368443330624
VAL,HG21,13,2.9240589021722303
VAL,HG22,13,2.9240589021722303
VAL,HG23,13,2.9240589021722303
