atomtype,entries_used,mean_red_ChiSq
C,158,0.47710215951710994
CA,162,1.3709006325255277
CB,150,0.5606020933333336
H,156,0.9643906962876674
HA,151,0.9456888107064017
N,156,0.906755221690286
