atomtype,entries_used,mean_red_ChiSq
C,157,0.5495750643823232
CA,157,0.8788588346308088
CB,144,1.787191
H,157,0.6791539582421898
N,157,0.5920071924472619
