residue,atomtype,entries_used,mean_red_ChiSq
ILE,HD11,4,1.375803208210059
ILE,HD12,4,1.375803208210059
ILE,HD13,4,1.375803208210059
LEU,HD11,12,0.6765333333333334
LEU,HD12,12,0.6765333333333334
LEU,HD13,12,0.6765333333333334
LEU,HD21,13,2.185176055228932
LEU,HD22,13,2.185176055228932
LEU,HD23,13,2.185176055228932
TRP,HE1,5,0.6625449036276405
VAL,HG11,13,0.820667911876751
VAL,HG12,13,0.820667911876751
VAL,HG13,13,0.820667911876751
VAL,HG21,13,3.8448763065432114
VAL,HG22,13,3.8448763065432114
VAL,HG23,13,3.8448763065432114
