residue,atomtype,Entries used,mean_red_ChiSq
ILE,HD11,4,1.1307206915680468
ILE,HD12,4,1.1307206915680468
ILE,HD13,4,1.1307206915680468
LEU,HD11,13,0.8023507692307692
LEU,HD12,13,0.8023507692307692
LEU,HD13,13,0.8023507692307692
LEU,HD21,13,2.6295629809489762
LEU,HD22,13,2.6295629809489762
LEU,HD23,13,2.6295629809489762
TRP,HE1,5,0.6114710882922292
VAL,HG11,13,0.7909743544951862
VAL,HG12,13,0.7909743544951862
VAL,HG13,13,0.7909743544951862
VAL,HG21,13,3.5992461825735305
VAL,HG22,13,3.5992461825735305
VAL,HG23,13,3.5992461825735305
