atomtype,Entries used,mean_red_ChiSq
C,157,0.6445151636343112
CA,157,1.1331165054651247
CB,144,1.7644079305555553
H,157,0.7985342739921395
N,156,0.7448011115868259
