atomtype,entries_used,mean_red_ChiSq
C,158,0.48756471653285693
CA,162,1.3365152796829733
CB,150,0.5382377866666659
H,155,0.9432561279854851
HA,150,0.9240928240740733
N,156,0.8270609501128983
