atomtype,Entries used,mean_red_ChiSq
C,159,0.6583723382056071
CA,159,3.709181108781736
CB,145,5.856386331034483
H,161,1.3557346761217242
HA,2,0.4758767361111137
N,159,1.5400950497495463
