residue,atomtype,Entries used,mean_red_ChiSq
ARG,HB2,1,0.002965395549455882
ARG,HB3,1,0.3129350063719243
ARG,HD2,1,0.02938775510204015
ARG,HD3,1,0.02938775510204015
ARG,HG2,1,0.0014936171205861644
ARG,HG3,1,0.0014936171205861644
GLN,HB2,1,4.885104597107437
GLN,HB3,1,4.885104597107437
GLN,HG2,1,0.8506000161078142
GLN,HG3,1,0.8506000161078142
GLU,HB2,1,0.08058272632674311
GLU,HB3,1,0.08058272632674311
GLU,HG2,1,0.7167161673553719
GLU,HG3,1,0.7167161673553719
ILE,HD11,4,2.2291281434911236
ILE,HD12,4,2.2291281434911236
ILE,HD13,4,2.2291281434911236
LEU,HD11,13,7.053741538461539
LEU,HD12,13,7.053741538461539
LEU,HD13,13,7.053741538461539
LEU,HD21,11,0.8481287801909496
LEU,HD22,11,0.8481287801909496
LEU,HD23,11,0.8481287801909496
TRP,HE1,5,0.5560030300479741
VAL,HG11,13,9.869231105168742
VAL,HG12,13,9.869231105168742
VAL,HG13,13,9.869231105168742
VAL,HG21,10,4.111295245619074
VAL,HG22,10,4.111295245619074
VAL,HG23,10,4.111295245619074
