atomtype,entries_used,mean_red_ChiSq
C,159,0.5224067886675984
CA,162,1.3995411903673216
CB,150,0.49813409333333386
H,156,0.9882319965053881
HA,151,1.0542891142384105
N,156,0.8883258972869353
