atomtype,Entries used,mean_red_ChiSq
C,159,0.5852325036153819
CA,162,1.4637041990550221
CB,150,0.5369948533333333
H,156,0.9099388789505073
HA,151,0.9884594600809421
N,156,0.8715382957590752
