atomtype,entries_used,mean_red_ChiSq
C,157,0.6000933113647083
CA,156,1.236307162076606
CB,144,1.5622436527777777
H,157,0.8369668576231597
N,157,0.6424398123728092
