residue,atomtype,entries_used,mean_red_ChiSq
ILE,HD11,4,1.8334411982248517
ILE,HD12,4,1.8334411982248517
ILE,HD13,4,1.8334411982248517
LEU,HD11,13,0.40853292307692296
LEU,HD12,13,0.40853292307692296
LEU,HD13,13,0.40853292307692296
LEU,HD21,13,1.7179254365602707
LEU,HD22,13,1.7179254365602707
LEU,HD23,13,1.7179254365602707
TRP,HE1,5,0.604414443228684
VAL,HG11,13,0.8655811390984768
VAL,HG12,13,0.8655811390984768
VAL,HG13,13,0.8655811390984768
VAL,HG21,13,2.287994718582193
VAL,HG22,13,2.287994718582193
VAL,HG23,13,2.287994718582193
